-- MySQL dump 10.13  Distrib 8.0.21, for Linux (x86_64)
--
-- Host: localhost    Database: hash
-- ------------------------------------------------------
-- Server version	8.0.21

/*!40101 SET @OLD_CHARACTER_SET_CLIENT=@@CHARACTER_SET_CLIENT */;
/*!40101 SET @OLD_CHARACTER_SET_RESULTS=@@CHARACTER_SET_RESULTS */;
/*!40101 SET @OLD_COLLATION_CONNECTION=@@COLLATION_CONNECTION */;
/*!50503 SET NAMES utf8mb4 */;
/*!40103 SET @OLD_TIME_ZONE=@@TIME_ZONE */;
/*!40103 SET TIME_ZONE='+00:00' */;
/*!40014 SET @OLD_UNIQUE_CHECKS=@@UNIQUE_CHECKS, UNIQUE_CHECKS=0 */;
/*!40014 SET @OLD_FOREIGN_KEY_CHECKS=@@FOREIGN_KEY_CHECKS, FOREIGN_KEY_CHECKS=0 */;
/*!40101 SET @OLD_SQL_MODE=@@SQL_MODE, SQL_MODE='NO_AUTO_VALUE_ON_ZERO' */;
/*!40111 SET @OLD_SQL_NOTES=@@SQL_NOTES, SQL_NOTES=0 */;

--
-- Table structure for table `admin_menu`
--

DROP TABLE IF EXISTS `admin_menu`;
/*!40101 SET @saved_cs_client     = @@character_set_client */;
/*!50503 SET character_set_client = utf8mb4 */;
CREATE TABLE `admin_menu` (
  `id` bigint NOT NULL AUTO_INCREMENT COMMENT '编号',
  `status` bigint DEFAULT NULL COMMENT '状态',
  `type` bigint DEFAULT NULL COMMENT '类型',
  `order_id` bigint DEFAULT NULL COMMENT '排序id',
  `target` bigint DEFAULT NULL COMMENT '打开方式',
  `parent_id` bigint DEFAULT NULL COMMENT '上级ID',
  `is_navi` bigint DEFAULT NULL COMMENT '导航',
  `show` bigint DEFAULT NULL COMMENT '显示',
  `path` varchar(255) DEFAULT NULL COMMENT '请求路径',
  `name` varchar(128) DEFAULT NULL COMMENT '菜单名称',
  `icon` varchar(255) DEFAULT NULL COMMENT '菜单图标',
  `desc` varchar(255) DEFAULT NULL COMMENT '描述',
  `args` varchar(255) DEFAULT NULL COMMENT '参数',
  `updated_at` datetime DEFAULT NULL COMMENT '更新时间',
  `created_at` datetime DEFAULT NULL COMMENT '创建时间',
  PRIMARY KEY (`id`)
) ENGINE=InnoDB AUTO_INCREMENT=151 DEFAULT CHARSET=utf8mb4 COLLATE=utf8mb4_0900_ai_ci;
/*!40101 SET character_set_client = @saved_cs_client */;

--
-- Dumping data for table `admin_menu`
--

LOCK TABLES `admin_menu` WRITE;
/*!40000 ALTER TABLE `admin_menu` DISABLE KEYS */;
INSERT INTO `admin_menu` VALUES (1,1,0,1,2,0,1,2,'/index','首页','shouye','desc','','2021-03-25 09:07:45','2021-03-25 08:58:37'),(2,1,0,2,1,0,1,1,'/member','会员中心','CPhezuo','desc','','2022-07-01 22:24:33','2021-03-25 08:58:58'),(4,1,0,4,1,0,1,1,'/order','报表数据','yemianliu','desc','','2022-07-01 22:38:34','2021-03-25 09:01:09'),(5,1,0,5,1,0,1,1,'/finance','财务','jinbi','','','2021-03-25 09:02:35','2021-03-25 09:02:35'),(6,1,0,6,1,0,1,1,'/sf','收付','fuwuguanli','','','2021-03-25 09:02:59','2021-03-25 09:02:59'),(7,1,0,7,1,0,1,1,'/setting','设置','kongzhizhongxin','','','2021-03-25 09:03:26','2021-03-25 09:03:26'),(8,1,0,1,1,2,1,1,'/member/index','会员首页','qunzu','desc','','2021-03-25 09:13:16','2021-03-25 09:13:05'),(10,1,0,1,1,7,1,1,'/setting/index','设置首页','shouye_o','','','2021-03-25 20:49:15','2021-03-25 20:49:15'),(11,1,0,2,1,7,1,1,'/setting/auth','权限管理','RectangleCopy173','','','2021-03-25 21:38:47','2021-03-25 20:50:10'),(12,1,0,1,1,1,0,1,'、','公共权限','','','','2021-03-25 20:53:34','2021-03-25 20:53:34'),(13,1,0,1,1,12,0,1,'/dev/user/menu','用户菜单获取','','','','2021-03-25 20:54:26','2021-03-25 20:54:26'),(15,1,0,2,1,11,1,1,'/setting/auth/menu','菜单配置','RectangleCopy51','系统菜单配置','','2021-03-25 21:01:25','2021-03-25 21:01:25'),(16,1,0,3,1,11,1,1,'/setting/auth/rule','权限配置','RectangleCopy176','分配访问权限','','2021-03-25 21:46:03','2021-03-25 21:02:05'),(17,1,0,1,1,15,0,1,'/dev/menu/fetch','菜单读取','','','','2021-03-25 21:04:10','2021-03-25 21:04:10'),(18,1,0,2,1,15,0,1,'/dev/menu/delete','删除菜单','','','','2021-03-25 21:04:33','2021-03-25 21:04:33'),(19,1,0,3,1,15,0,1,'/dev/menu/post','菜单修改','','','','2021-03-25 21:05:02','2021-03-25 21:05:02'),(20,1,0,4,1,15,0,1,'/dev/menu/order','顺序设置','','','','2021-03-25 21:05:36','2021-03-25 21:05:36'),(21,1,0,50,1,14,0,1,'/dev/role/fetch','角色读取','','','','2021-03-25 21:28:26','2021-03-25 21:28:26'),(22,1,0,50,1,14,0,1,'/dev/role/post','角色修改','','','','2021-03-25 21:28:44','2021-03-25 21:28:44'),(23,1,0,50,1,14,0,1,'/dev/role/menu','角色菜单','','','','2021-03-25 21:33:04','2021-03-25 21:33:04'),(24,1,0,50,1,12,0,1,'/dev/analysis/summary','数据汇总','','','','2021-03-26 09:20:21','2021-03-26 09:20:21'),(25,1,0,50,1,15,0,1,'/dev/role/grant','菜订授权','','','','2021-03-26 09:22:43','2021-03-26 09:22:43'),(26,1,0,50,1,12,0,1,'/dev/user/stat','用户金额信息','','','','2021-03-26 09:51:02','2021-03-26 09:51:02'),(27,1,0,2,1,2,1,1,'/member/user','账号管理','CPhezuo_o','商户账号信息维护','','2021-03-26 09:59:50','2021-03-26 09:58:03'),(29,1,0,3,1,27,1,1,'/member/client','会员列表','guanliyuanrenzheng','会员列表','','2022-07-01 22:25:50','2021-03-26 10:03:58'),(31,1,0,50,1,29,0,1,'/dev/user/post','账号创建','','','','2021-03-26 10:45:56','2021-03-26 10:45:56'),(32,1,0,50,1,29,0,1,'/dev/user/fetch','账号读取','','','','2021-03-26 10:46:50','2021-03-26 10:46:50'),(33,1,0,50,1,29,0,1,'/dev/user/delete','账号删除','','','','2021-03-26 11:32:20','2021-03-26 11:32:20'),(34,1,0,50,1,29,0,1,'/dev/user/status','状修设置','','','','2021-03-26 12:51:54','2021-03-26 12:51:54'),(35,1,0,50,1,29,0,1,'/dev/user/member','商户修改','','','','2021-03-27 19:18:51','2021-03-27 19:18:51'),(36,1,0,1,1,6,1,1,'/sf/index','收付首页','fuwuguanli','','','2021-03-27 20:44:26','2021-03-27 20:44:26'),(37,1,0,2,1,6,1,1,'/sf/','收付管理','fuwuguanli','','','2021-03-27 20:47:19','2021-03-27 20:44:58'),(39,1,0,4,1,37,1,1,'/sf/bank','银行列表','dunpaibaoxianrenzheng','全局银行列表维护','','2021-08-04 11:21:37','2021-03-27 20:46:30'),(41,1,0,3,1,37,1,1,'/sf/channel','通道管理','jiazai_shuaxin','通道管理/状态控制','','2021-08-04 11:21:32','2021-03-27 20:49:06'),(43,1,0,50,1,39,0,1,'/dev/bank/post','银行管理','','','','2021-03-27 21:18:42','2021-03-27 21:18:42'),(44,1,0,50,1,39,0,1,'/dev/bank/delete','银行删除','','','','2021-03-27 21:19:57','2021-03-27 21:19:05'),(45,1,0,50,1,39,0,1,'/dev/bank/fetch','银行读取','','','','2021-03-27 21:19:45','2021-03-27 21:19:45'),(46,1,0,50,1,39,0,1,'/dev/bank/status','修改状态','','','','2021-03-27 21:20:25','2021-03-27 21:20:25'),(47,1,0,50,1,41,0,1,'/dev/channel/post','数据维护','','','','2021-03-27 21:48:30','2021-03-27 21:48:30'),(48,1,0,50,1,41,0,1,'/dev/channel/fetch','数据读取','','','','2021-03-27 21:48:53','2021-03-27 21:48:53'),(49,1,0,50,1,41,0,1,'/dev/channel/delete','数据删除','','','','2021-03-27 21:49:05','2021-03-27 21:49:05'),(50,1,0,50,1,41,0,1,'/dev/channel/status','状态修改','','','','2021-03-27 21:49:19','2021-03-27 21:49:19'),(51,1,0,1,1,4,0,1,'/order/index','报表数据','shouye_o','','','2022-07-01 22:46:55','2021-03-27 22:45:28'),(53,1,0,2,1,4,1,1,'/order/admin','报表数据','yemianliu_o','收付订单列表','','2022-07-01 22:48:34','2021-03-27 22:47:30'),(54,1,0,1,1,53,1,1,'/order/list','投注流水','yemianliu_o','投注流水','','2022-07-01 22:42:53','2021-03-27 22:48:50'),(55,1,0,2,1,53,1,1,'/order/bank','中奖流水','gerenxinxi','中奖流水','','2022-07-01 22:45:00','2021-03-27 22:50:05'),(56,1,0,50,1,60,0,1,'/dev/card/post','数据维护','','','','2021-10-18 10:01:33','2021-03-28 08:29:03'),(57,1,0,50,1,60,0,1,'/dev/card/fetch','数据读取','','','','2021-10-18 10:02:49','2021-03-28 08:29:28'),(58,1,0,50,1,60,0,1,'/dev/card/delete','数据删除','','','','2021-10-18 10:02:33','2021-03-28 08:29:37'),(59,1,0,50,1,60,0,1,'/dev/card/status','状态修改','','','','2021-10-18 10:02:02','2021-03-28 08:29:51'),(60,1,0,1,1,37,1,1,'/sf/serve','卡片管理','fuwuxunhuanguanli','用于代付/代收业务','','2021-08-04 11:20:46','2021-03-28 09:55:02'),(61,1,0,50,1,42,0,1,'/dev/device/post','数据维护','','','','2021-03-28 19:56:58','2021-03-28 19:56:58'),(62,1,0,50,1,42,0,1,'/dev/device/fetch','数据读取','','','','2021-03-28 19:57:23','2021-03-28 19:57:23'),(63,1,0,50,1,42,0,1,'/dev/device/delete','数据删除','','','','2021-03-28 19:57:33','2021-03-28 19:57:33'),(64,1,0,50,1,42,0,1,'/dev/device/status','状态修改','','','','2021-03-28 19:57:46','2021-03-28 19:57:46'),(66,1,0,1,1,65,1,1,'/setting/version','版本管理','yingyongAPP_o','APP版本维护','','2021-03-29 08:19:39','2021-03-29 08:18:53'),(67,1,0,50,1,65,1,1,'/setting/action','操作日志','baocun','操作日志记录','','2021-03-29 08:19:28','2021-03-29 08:19:28'),(68,1,0,1,1,5,1,1,'/finance/index','财务首页','shouye_o','','','2021-03-29 09:08:29','2021-03-29 09:08:29'),(69,1,0,2,1,5,1,1,'/finance/navi','快捷向导','ding_o','','','2021-03-29 09:09:01','2021-03-29 09:09:01'),(72,1,0,3,1,69,1,1,'/finance/transaction','账户流水','huobiliu_o','交易流水查询','','2021-03-29 09:12:41','2021-03-29 09:12:41'),(73,1,0,50,1,29,0,1,'/dev/chain/post','商户通道','','','','2021-03-30 14:54:23','2021-03-30 14:54:23'),(74,1,0,50,1,70,0,1,'/dev/recharge/post','数据维护','','','','2021-03-31 09:24:46','2021-03-31 09:24:46'),(75,1,0,50,1,70,0,1,'/dev/recharge/fetch','数据读取','','','','2021-03-31 09:25:18','2021-03-31 09:25:18'),(76,1,0,50,1,70,0,1,'/dev/recharge/delete','数据删除','','','','2021-04-01 09:40:00','2021-03-31 09:25:34'),(77,1,0,50,1,70,0,1,'/dev/recharge/status','状态修改','','','','2021-03-31 09:25:48','2021-03-31 09:25:48'),(78,1,0,50,1,71,0,1,'/dev/withdrawal/post','数据维护','','','','2021-04-01 09:38:09','2021-04-01 09:38:09'),(79,1,0,50,1,71,0,1,'/dev/withdrawal/fetch','数据读取','','','','2021-04-01 09:38:30','2021-04-01 09:38:30'),(80,1,0,50,1,71,0,1,'/dev/withdrawal/delete','数据删除','','','','2021-04-01 09:40:30','2021-04-01 09:38:38'),(81,1,0,50,1,71,0,1,'/dev/withdrawal/status','状态修改','','','','2021-04-01 09:39:00','2021-04-01 09:39:00'),(82,1,0,50,1,72,0,1,'/dev/balance/fetch','数据读取','','','','2021-04-01 10:39:02','2021-04-01 10:39:02'),(83,1,0,50,1,12,0,1,'/dev/user/goauth','谷歌绑定','','','','2021-04-01 12:24:32','2021-04-01 12:24:32'),(84,1,0,50,1,12,0,1,'/dev/user/modifypwd','修改密码','','','','2021-04-01 13:21:43','2021-04-01 13:20:53'),(85,1,0,50,1,12,0,1,'/dev/user/reset','用户重置','','','','2021-04-01 13:34:58','2021-04-01 13:34:58'),(86,1,0,50,1,60,0,1,'/dev/card/bind','卡片绑定','','','','2021-04-01 21:03:56','2021-04-01 21:03:56'),(87,1,0,50,1,53,1,1,'/finance/transaction','佣金流水','bangongbao','佣金流水','','2022-07-01 23:18:31','2021-04-02 09:29:57'),(88,1,0,50,1,87,0,1,'/dev/order/fetch','读取','','','','2021-04-02 09:30:36','2021-04-02 09:30:36'),(89,1,0,50,1,87,0,1,'/dev/order/post','代付下单','','','','2022-01-20 09:35:44','2021-04-02 10:07:31'),(90,1,0,50,1,94,0,1,'/dev/order/finish','确认收款','','','','2021-09-10 16:49:07','2021-04-03 09:29:27'),(91,1,0,50,1,94,0,1,'/dev/order/fail','付款失败','','','','2021-09-10 16:49:30','2021-04-03 12:25:01'),(92,1,0,50,1,60,0,1,'/dev/bank/fetch','银行列表','','','','2021-10-18 10:01:20','2021-04-04 15:11:06'),(93,1,0,50,1,27,1,1,'/member/admin','管理员账号','gerentouxiang','管理员账号维护','','2021-04-06 10:33:48','2021-04-06 10:31:39'),(95,1,0,50,1,29,0,1,'/dev/agent/limit','费率限制','','','','2021-04-09 12:54:14','2021-04-09 12:54:14'),(96,1,0,50,1,29,0,1,'/dev/agent/post','费率设置','','','','2021-04-09 14:30:11','2021-04-09 14:30:11'),(97,1,0,50,1,87,0,1,'/dev/order/pay','代收下单','','','','2022-01-20 09:35:52','2021-04-10 09:18:40'),(98,1,0,50,1,28,0,1,'/dev/user/post','商户创建','','','','2021-04-10 14:58:18','2021-04-10 14:58:18'),(99,1,0,50,1,28,0,1,'/dev/user/fetch','商户读取','','','','2021-04-10 14:58:50','2021-04-10 14:58:50'),(100,1,0,50,1,28,0,1,'/dev/channel/fetch','通道读取','','','','2021-04-10 15:01:02','2021-04-10 15:01:02'),(101,1,0,50,1,28,0,1,'/dev/user/member','会员维护','','','','2021-04-10 16:50:53','2021-04-10 16:50:53'),(102,1,0,50,1,28,0,1,'/dev/agent/fetch','代理费率读取','','','','2021-04-10 17:09:03','2021-04-10 17:09:03'),(103,1,0,50,1,28,0,1,'/dev/chain/post','费率设置','','','','2021-04-10 17:59:43','2021-04-10 17:59:43'),(104,1,0,50,1,12,0,1,'/dev/order/fetch','消息读取','','','','2022-06-20 13:54:33','2021-04-12 17:05:38'),(107,1,0,50,1,106,0,1,'/dev/alipay/post','数据维护','','','','2021-04-15 19:51:39','2021-04-15 19:09:19'),(108,1,0,50,1,106,0,1,'/dev/alipay/fetch','数据读取','','','','2021-04-15 19:51:46','2021-04-15 19:09:39'),(109,1,0,50,1,106,0,1,'/dev/alipay/delete','数据删除','','','','2021-04-15 19:51:51','2021-04-15 19:09:56'),(110,1,0,50,1,106,0,1,'/dev/alipay/status','状态修改','','','','2021-04-15 19:51:56','2021-04-15 19:10:08'),(111,1,0,50,1,105,0,1,'/dev/order/alipay','手动下单','','','','2021-04-15 21:17:22','2021-04-15 21:17:22'),(112,1,0,50,1,12,0,1,'/dev/order/out','数据导出','','','','2021-04-17 12:19:23','2021-04-17 12:19:23'),(113,1,0,50,1,12,0,1,'/dev/balance/out','流水导出','','','','2021-04-17 15:30:29','2021-04-17 15:30:29'),(114,1,0,50,1,66,0,1,'/dev/version/post','数据维护','','','','2021-04-25 10:59:47','2021-04-25 10:59:47'),(115,1,0,50,1,66,0,1,'/dev/version/fetch','数据读取','','','','2021-04-25 11:00:09','2021-04-25 11:00:09'),(116,1,0,50,1,67,0,1,'/dev/system/delete','清空日志','','','','2021-08-04 11:13:11','2021-08-04 11:13:11'),(117,1,0,50,1,67,0,1,'/dev/system/fetch','日志读取','','','','2021-08-04 11:14:03','2021-08-04 11:14:03'),(118,1,0,50,1,69,1,1,'/finance/stat','数据统计','chizi','卡商收入、成功率统计','','2021-08-26 10:51:15','2021-08-26 10:51:15'),(119,1,0,50,1,118,0,1,'/dev/analysis/stat','查询','','','','2021-08-26 10:51:36','2021-08-26 10:51:36'),(120,1,0,50,1,69,1,1,'/finance/card','卡片统计','jinbi','卡片收支统计','','2021-08-26 10:52:13','2021-08-26 10:52:13'),(121,1,0,50,1,120,0,1,'/dev/card/stat','卡片数据统计','','','','2021-08-26 10:52:33','2021-08-26 10:52:33'),(123,1,0,50,1,122,0,1,'/dev/alipay/fetch','数据读取','','','','2021-09-09 09:24:07','2021-09-09 09:24:07'),(124,1,0,50,1,122,0,1,'/dev/alipay/post','数据维护','','','','2021-09-09 09:24:45','2021-09-09 09:24:45'),(125,1,0,50,1,122,0,1,'/dev/alipay/delete','数据删除','','','','2021-09-09 09:24:59','2021-09-09 09:24:59'),(126,1,0,50,1,122,0,1,'/dev/alipay/status','状态修改','','','','2021-09-09 09:25:15','2021-09-09 09:25:15'),(130,1,0,50,1,94,0,1,'/dev/order/mod','修改金额','','','','2021-10-08 14:44:39','2021-10-08 14:44:39'),(131,1,0,50,1,12,0,1,'/dev/user/child','下级读取','','','','2021-10-18 20:28:51','2021-10-18 20:28:51'),(132,1,0,50,1,12,0,1,'/dev/user/balance','实时余额','','','','2021-10-20 22:59:32','2021-10-20 22:59:32'),(133,1,0,50,1,12,0,1,'/dev/card/query','卡片查询','','','','2021-10-21 16:12:35','2021-10-21 16:12:35'),(134,1,0,50,1,12,0,1,'/dev/chain/fetch','费率查询','','','','2021-10-22 11:23:14','2021-10-22 11:23:14'),(135,1,0,50,1,134,0,1,'/dev/chain/post','添加费率','','','','2021-10-22 19:47:43','2021-10-22 19:47:43'),(136,1,0,50,1,12,0,1,'/dev/order/cert','凭证上传','','','','2021-10-23 16:52:33','2021-10-23 16:52:33'),(137,1,0,50,1,12,0,1,'/dev/user/money','保证金转入转出','','','','2021-10-26 20:37:30','2021-10-26 20:37:30'),(138,1,0,50,1,94,0,1,'/dev/order/dist','手动分配卡商','','','','2021-10-29 22:14:58','2021-10-29 22:14:58'),(139,1,0,50,1,12,0,1,'/dev/channel/fetch','通道读取','','','','2021-11-21 15:29:00','2021-11-21 15:29:00'),(140,1,0,50,1,12,0,1,'/dev/user/fee','收益转出','','','','2022-01-23 23:41:51','2022-01-23 23:41:51'),(141,1,0,50,1,37,1,1,'/sf/product','商品管理','liwu','商品库','','2022-03-27 16:57:58','2022-03-27 16:57:45'),(142,1,0,50,1,141,0,1,'/dev/product/fetch','数据读取','','','','2022-03-27 20:02:46','2022-03-27 20:00:19'),(143,1,0,50,1,141,0,1,'/dev/product/post','数据维护','','','','2022-03-27 20:02:50','2022-03-27 20:00:48'),(144,1,0,50,1,141,0,1,'/dev/product/delete','数据删除','','','','2022-03-27 20:02:55','2022-03-27 20:01:06'),(145,1,0,50,1,37,1,1,'/sf/message','短信文本','gongzuoliu','短信文本','','2022-04-09 21:29:45','2022-04-09 21:29:45'),(146,1,0,50,1,145,0,1,'/dev/message/fetch','读取','','','','2022-04-09 21:30:24','2022-04-09 21:30:24'),(147,1,0,50,1,145,0,1,'/dev/message/delete','删除','','','','2022-04-09 21:30:42','2022-04-09 21:30:42'),(148,1,0,50,1,145,0,1,'/dev/message/post','维护','','','','2022-04-09 21:31:02','2022-04-09 21:31:02'),(149,1,0,50,1,12,0,1,'/dev/user/team','报表读取','','','','2022-04-16 21:56:35','2022-04-16 21:56:35'),(150,1,0,50,1,87,0,1,'/dev/balance/fetch','读取流水','','','','2022-07-01 23:19:27','2022-07-01 23:19:27');
/*!40000 ALTER TABLE `admin_menu` ENABLE KEYS */;
UNLOCK TABLES;

--
-- Table structure for table `admin_role`
--

DROP TABLE IF EXISTS `admin_role`;
/*!40101 SET @saved_cs_client     = @@character_set_client */;
/*!50503 SET character_set_client = utf8mb4 */;
CREATE TABLE `admin_role` (
  `id` bigint NOT NULL AUTO_INCREMENT COMMENT 'id',
  `name` varchar(64) DEFAULT NULL COMMENT '名称',
  `icon` varchar(255) DEFAULT NULL COMMENT '图标',
  `desc` varchar(255) DEFAULT NULL COMMENT '描述',
  `status` bigint DEFAULT NULL COMMENT '状态',
  `updated_at` datetime DEFAULT NULL COMMENT '更新时间',
  `created_at` datetime DEFAULT NULL COMMENT '创建时间',
  PRIMARY KEY (`id`)
) ENGINE=InnoDB AUTO_INCREMENT=5 DEFAULT CHARSET=utf8mb4 COLLATE=utf8mb4_0900_ai_ci;
/*!40101 SET character_set_client = @saved_cs_client */;

--
-- Dumping data for table `admin_role`
--

LOCK TABLES `admin_role` WRITE;
/*!40000 ALTER TABLE `admin_role` DISABLE KEYS */;
INSERT INTO `admin_role` VALUES (1,'管理员',NULL,'拥有系统最高权限',1,'2021-03-25 08:54:41','2021-03-25 08:54:41'),(2,'测式1',NULL,'',1,'2022-07-01 23:02:51','2021-03-25 08:55:26'),(3,'测式1',NULL,'测式1',1,'2022-07-01 23:02:59','2021-03-25 08:56:00'),(4,'会员',NULL,'会员',1,'2022-07-01 23:02:18','2021-03-25 08:56:41');
/*!40000 ALTER TABLE `admin_role` ENABLE KEYS */;
UNLOCK TABLES;

--
-- Table structure for table `admin_role_menu`
--

DROP TABLE IF EXISTS `admin_role_menu`;
/*!40101 SET @saved_cs_client     = @@character_set_client */;
/*!50503 SET character_set_client = utf8mb4 */;
CREATE TABLE `admin_role_menu` (
  `id` bigint NOT NULL AUTO_INCREMENT COMMENT '编号',
  `menu_id` bigint DEFAULT NULL COMMENT '菜单编号-&gt;std_menu.id',
  `role_id` bigint DEFAULT NULL COMMENT '角色编号-&gt;std_role.id',
  `updated_at` datetime DEFAULT NULL COMMENT '更新时间',
  `created_at` datetime DEFAULT NULL COMMENT '创建时间',
  PRIMARY KEY (`id`)
) ENGINE=InnoDB AUTO_INCREMENT=8384 DEFAULT CHARSET=utf8mb4 COLLATE=utf8mb4_0900_ai_ci;
/*!40101 SET character_set_client = @saved_cs_client */;

--
-- Dumping data for table `admin_role_menu`
--

LOCK TABLES `admin_role_menu` WRITE;
/*!40000 ALTER TABLE `admin_role_menu` DISABLE KEYS */;
INSERT INTO `admin_role_menu` VALUES (7018,1,2,'2022-01-20 09:29:57','2022-01-20 09:29:57'),(7019,12,2,'2022-01-20 09:29:57','2022-01-20 09:29:57'),(7020,13,2,'2022-01-20 09:29:57','2022-01-20 09:29:57'),(7021,24,2,'2022-01-20 09:29:57','2022-01-20 09:29:57'),(7022,26,2,'2022-01-20 09:29:57','2022-01-20 09:29:57'),(7023,83,2,'2022-01-20 09:29:57','2022-01-20 09:29:57'),(7024,84,2,'2022-01-20 09:29:57','2022-01-20 09:29:57'),(7025,85,2,'2022-01-20 09:29:57','2022-01-20 09:29:57'),(7026,104,2,'2022-01-20 09:29:57','2022-01-20 09:29:57'),(7027,112,2,'2022-01-20 09:29:57','2022-01-20 09:29:57'),(7028,113,2,'2022-01-20 09:29:57','2022-01-20 09:29:57'),(7029,131,2,'2022-01-20 09:29:57','2022-01-20 09:29:57'),(7030,132,2,'2022-01-20 09:29:57','2022-01-20 09:29:57'),(7031,133,2,'2022-01-20 09:29:57','2022-01-20 09:29:57'),(7032,134,2,'2022-01-20 09:29:57','2022-01-20 09:29:57'),(7033,135,2,'2022-01-20 09:29:57','2022-01-20 09:29:57'),(7034,136,2,'2022-01-20 09:29:57','2022-01-20 09:29:57'),(7035,137,2,'2022-01-20 09:29:57','2022-01-20 09:29:57'),(7036,139,2,'2022-01-20 09:29:57','2022-01-20 09:29:57'),(7037,51,2,'2022-01-20 09:29:57','2022-01-20 09:29:57'),(7038,54,2,'2022-01-20 09:29:57','2022-01-20 09:29:57'),(7039,87,2,'2022-01-20 09:29:57','2022-01-20 09:29:57'),(7040,88,2,'2022-01-20 09:29:57','2022-01-20 09:29:57'),(7041,89,2,'2022-01-20 09:29:57','2022-01-20 09:29:57'),(7042,128,2,'2022-01-20 09:29:57','2022-01-20 09:29:57'),(7043,68,2,'2022-01-20 09:29:57','2022-01-20 09:29:57'),(7044,72,2,'2022-01-20 09:29:57','2022-01-20 09:29:57'),(7045,82,2,'2022-01-20 09:29:57','2022-01-20 09:29:57'),(7046,4,2,'2022-01-20 09:29:57','2022-01-20 09:29:57'),(7047,53,2,'2022-01-20 09:29:57','2022-01-20 09:29:57'),(7048,5,2,'2022-01-20 09:29:57','2022-01-20 09:29:57'),(7049,69,2,'2022-01-20 09:29:57','2022-01-20 09:29:57'),(7360,1,3,'2022-02-15 13:26:32','2022-02-15 13:26:32'),(7361,12,3,'2022-02-15 13:26:32','2022-02-15 13:26:32'),(7362,13,3,'2022-02-15 13:26:32','2022-02-15 13:26:32'),(7363,24,3,'2022-02-15 13:26:32','2022-02-15 13:26:32'),(7364,26,3,'2022-02-15 13:26:32','2022-02-15 13:26:32'),(7365,83,3,'2022-02-15 13:26:32','2022-02-15 13:26:32'),(7366,84,3,'2022-02-15 13:26:32','2022-02-15 13:26:32'),(7367,85,3,'2022-02-15 13:26:32','2022-02-15 13:26:32'),(7368,104,3,'2022-02-15 13:26:32','2022-02-15 13:26:32'),(7369,112,3,'2022-02-15 13:26:32','2022-02-15 13:26:32'),(7370,113,3,'2022-02-15 13:26:32','2022-02-15 13:26:32'),(7371,131,3,'2022-02-15 13:26:32','2022-02-15 13:26:32'),(7372,132,3,'2022-02-15 13:26:32','2022-02-15 13:26:32'),(7373,133,3,'2022-02-15 13:26:32','2022-02-15 13:26:32'),(7374,134,3,'2022-02-15 13:26:32','2022-02-15 13:26:32'),(7375,135,3,'2022-02-15 13:26:32','2022-02-15 13:26:32'),(7376,136,3,'2022-02-15 13:26:32','2022-02-15 13:26:32'),(7377,137,3,'2022-02-15 13:26:32','2022-02-15 13:26:32'),(7378,139,3,'2022-02-15 13:26:32','2022-02-15 13:26:32'),(7379,140,3,'2022-02-15 13:26:32','2022-02-15 13:26:32'),(7380,51,3,'2022-02-15 13:26:32','2022-02-15 13:26:32'),(7381,54,3,'2022-02-15 13:26:32','2022-02-15 13:26:32'),(7382,55,3,'2022-02-15 13:26:32','2022-02-15 13:26:32'),(7383,87,3,'2022-02-15 13:26:32','2022-02-15 13:26:32'),(7384,88,3,'2022-02-15 13:26:32','2022-02-15 13:26:32'),(7385,89,3,'2022-02-15 13:26:32','2022-02-15 13:26:32'),(7386,97,3,'2022-02-15 13:26:32','2022-02-15 13:26:32'),(7387,68,3,'2022-02-15 13:26:32','2022-02-15 13:26:32'),(7388,72,3,'2022-02-15 13:26:32','2022-02-15 13:26:32'),(7389,82,3,'2022-02-15 13:26:32','2022-02-15 13:26:32'),(7390,4,3,'2022-02-15 13:26:32','2022-02-15 13:26:32'),(7391,53,3,'2022-02-15 13:26:32','2022-02-15 13:26:32'),(7392,5,3,'2022-02-15 13:26:32','2022-02-15 13:26:32'),(7393,69,3,'2022-02-15 13:26:32','2022-02-15 13:26:32'),(7771,1,4,'2022-04-16 22:00:31','2022-04-16 22:00:31'),(7772,12,4,'2022-04-16 22:00:31','2022-04-16 22:00:31'),(7773,13,4,'2022-04-16 22:00:31','2022-04-16 22:00:31'),(7774,24,4,'2022-04-16 22:00:31','2022-04-16 22:00:31'),(7775,26,4,'2022-04-16 22:00:31','2022-04-16 22:00:31'),(7776,83,4,'2022-04-16 22:00:31','2022-04-16 22:00:31'),(7777,84,4,'2022-04-16 22:00:31','2022-04-16 22:00:31'),(7778,85,4,'2022-04-16 22:00:31','2022-04-16 22:00:31'),(7779,104,4,'2022-04-16 22:00:31','2022-04-16 22:00:31'),(7780,112,4,'2022-04-16 22:00:31','2022-04-16 22:00:31'),(7781,113,4,'2022-04-16 22:00:31','2022-04-16 22:00:31'),(7782,131,4,'2022-04-16 22:00:31','2022-04-16 22:00:31'),(7783,132,4,'2022-04-16 22:00:31','2022-04-16 22:00:31'),(7784,133,4,'2022-04-16 22:00:31','2022-04-16 22:00:31'),(7785,134,4,'2022-04-16 22:00:31','2022-04-16 22:00:31'),(7786,135,4,'2022-04-16 22:00:31','2022-04-16 22:00:31'),(7787,136,4,'2022-04-16 22:00:31','2022-04-16 22:00:31'),(7788,137,4,'2022-04-16 22:00:31','2022-04-16 22:00:31'),(7789,139,4,'2022-04-16 22:00:31','2022-04-16 22:00:31'),(7790,140,4,'2022-04-16 22:00:31','2022-04-16 22:00:31'),(7791,149,4,'2022-04-16 22:00:31','2022-04-16 22:00:31'),(7792,4,4,'2022-04-16 22:00:31','2022-04-16 22:00:31'),(7793,51,4,'2022-04-16 22:00:31','2022-04-16 22:00:31'),(7794,53,4,'2022-04-16 22:00:31','2022-04-16 22:00:31'),(7795,54,4,'2022-04-16 22:00:31','2022-04-16 22:00:31'),(7796,55,4,'2022-04-16 22:00:31','2022-04-16 22:00:31'),(7797,87,4,'2022-04-16 22:00:31','2022-04-16 22:00:31'),(7798,88,4,'2022-04-16 22:00:31','2022-04-16 22:00:31'),(7799,89,4,'2022-04-16 22:00:31','2022-04-16 22:00:31'),(7800,97,4,'2022-04-16 22:00:31','2022-04-16 22:00:31'),(7801,94,4,'2022-04-16 22:00:31','2022-04-16 22:00:31'),(7802,90,4,'2022-04-16 22:00:31','2022-04-16 22:00:31'),(7803,91,4,'2022-04-16 22:00:31','2022-04-16 22:00:31'),(7804,130,4,'2022-04-16 22:00:31','2022-04-16 22:00:31'),(7805,138,4,'2022-04-16 22:00:31','2022-04-16 22:00:31'),(7806,72,4,'2022-04-16 22:00:31','2022-04-16 22:00:31'),(7807,82,4,'2022-04-16 22:00:31','2022-04-16 22:00:31'),(7808,60,4,'2022-04-16 22:00:31','2022-04-16 22:00:31'),(7809,56,4,'2022-04-16 22:00:31','2022-04-16 22:00:31'),(7810,57,4,'2022-04-16 22:00:31','2022-04-16 22:00:31'),(7811,58,4,'2022-04-16 22:00:31','2022-04-16 22:00:31'),(7812,59,4,'2022-04-16 22:00:31','2022-04-16 22:00:31'),(7813,86,4,'2022-04-16 22:00:31','2022-04-16 22:00:31'),(7814,92,4,'2022-04-16 22:00:31','2022-04-16 22:00:31'),(7815,5,4,'2022-04-16 22:00:31','2022-04-16 22:00:31'),(7816,69,4,'2022-04-16 22:00:31','2022-04-16 22:00:31'),(7817,6,4,'2022-04-16 22:00:31','2022-04-16 22:00:31'),(7818,37,4,'2022-04-16 22:00:31','2022-04-16 22:00:31'),(8326,1,1,'2022-07-01 23:19:47','2022-07-01 23:19:47'),(8327,12,1,'2022-07-01 23:19:47','2022-07-01 23:19:47'),(8328,13,1,'2022-07-01 23:19:47','2022-07-01 23:19:47'),(8329,24,1,'2022-07-01 23:19:47','2022-07-01 23:19:47'),(8330,26,1,'2022-07-01 23:19:47','2022-07-01 23:19:47'),(8331,83,1,'2022-07-01 23:19:47','2022-07-01 23:19:47'),(8332,84,1,'2022-07-01 23:19:47','2022-07-01 23:19:47'),(8333,85,1,'2022-07-01 23:19:47','2022-07-01 23:19:47'),(8334,104,1,'2022-07-01 23:19:47','2022-07-01 23:19:47'),(8335,112,1,'2022-07-01 23:19:47','2022-07-01 23:19:47'),(8336,113,1,'2022-07-01 23:19:47','2022-07-01 23:19:47'),(8337,131,1,'2022-07-01 23:19:47','2022-07-01 23:19:47'),(8338,132,1,'2022-07-01 23:19:47','2022-07-01 23:19:47'),(8339,133,1,'2022-07-01 23:19:47','2022-07-01 23:19:47'),(8340,134,1,'2022-07-01 23:19:47','2022-07-01 23:19:47'),(8341,135,1,'2022-07-01 23:19:47','2022-07-01 23:19:47'),(8342,136,1,'2022-07-01 23:19:47','2022-07-01 23:19:47'),(8343,137,1,'2022-07-01 23:19:47','2022-07-01 23:19:47'),(8344,139,1,'2022-07-01 23:19:47','2022-07-01 23:19:47'),(8345,140,1,'2022-07-01 23:19:47','2022-07-01 23:19:47'),(8346,149,1,'2022-07-01 23:19:47','2022-07-01 23:19:47'),(8347,2,1,'2022-07-01 23:19:47','2022-07-01 23:19:47'),(8348,8,1,'2022-07-01 23:19:47','2022-07-01 23:19:47'),(8349,27,1,'2022-07-01 23:19:47','2022-07-01 23:19:47'),(8350,29,1,'2022-07-01 23:19:47','2022-07-01 23:19:47'),(8351,31,1,'2022-07-01 23:19:47','2022-07-01 23:19:47'),(8352,32,1,'2022-07-01 23:19:47','2022-07-01 23:19:47'),(8353,33,1,'2022-07-01 23:19:47','2022-07-01 23:19:47'),(8354,34,1,'2022-07-01 23:19:47','2022-07-01 23:19:47'),(8355,35,1,'2022-07-01 23:19:47','2022-07-01 23:19:47'),(8356,73,1,'2022-07-01 23:19:47','2022-07-01 23:19:47'),(8357,95,1,'2022-07-01 23:19:47','2022-07-01 23:19:47'),(8358,96,1,'2022-07-01 23:19:47','2022-07-01 23:19:47'),(8359,93,1,'2022-07-01 23:19:47','2022-07-01 23:19:47'),(8360,4,1,'2022-07-01 23:19:47','2022-07-01 23:19:47'),(8361,51,1,'2022-07-01 23:19:47','2022-07-01 23:19:47'),(8362,53,1,'2022-07-01 23:19:47','2022-07-01 23:19:47'),(8363,54,1,'2022-07-01 23:19:47','2022-07-01 23:19:47'),(8364,55,1,'2022-07-01 23:19:47','2022-07-01 23:19:47'),(8365,87,1,'2022-07-01 23:19:47','2022-07-01 23:19:47'),(8366,88,1,'2022-07-01 23:19:47','2022-07-01 23:19:47'),(8367,89,1,'2022-07-01 23:19:47','2022-07-01 23:19:47'),(8368,97,1,'2022-07-01 23:19:47','2022-07-01 23:19:47'),(8369,150,1,'2022-07-01 23:19:47','2022-07-01 23:19:47'),(8370,7,1,'2022-07-01 23:19:47','2022-07-01 23:19:47'),(8371,10,1,'2022-07-01 23:19:47','2022-07-01 23:19:47'),(8372,11,1,'2022-07-01 23:19:47','2022-07-01 23:19:47'),(8373,14,1,'2022-07-01 23:19:47','2022-07-01 23:19:47'),(8374,21,1,'2022-07-01 23:19:47','2022-07-01 23:19:47'),(8375,22,1,'2022-07-01 23:19:47','2022-07-01 23:19:47'),(8376,23,1,'2022-07-01 23:19:47','2022-07-01 23:19:47'),(8377,15,1,'2022-07-01 23:19:47','2022-07-01 23:19:47'),(8378,17,1,'2022-07-01 23:19:47','2022-07-01 23:19:47'),(8379,18,1,'2022-07-01 23:19:47','2022-07-01 23:19:47'),(8380,19,1,'2022-07-01 23:19:47','2022-07-01 23:19:47'),(8381,20,1,'2022-07-01 23:19:47','2022-07-01 23:19:47'),(8382,25,1,'2022-07-01 23:19:47','2022-07-01 23:19:47'),(8383,16,1,'2022-07-01 23:19:47','2022-07-01 23:19:47');
/*!40000 ALTER TABLE `admin_role_menu` ENABLE KEYS */;
UNLOCK TABLES;

--
-- Table structure for table `std_agent`
--

DROP TABLE IF EXISTS `std_agent`;
/*!40101 SET @saved_cs_client     = @@character_set_client */;
/*!50503 SET character_set_client = utf8mb4 */;
CREATE TABLE `std_agent` (
  `id` bigint NOT NULL AUTO_INCREMENT COMMENT '编号',
  `channel_id` bigint DEFAULT '0' COMMENT '通道编号-&gt;std_channel.id',
  `owner_id` bigint DEFAULT '0' COMMENT '归属id',
  `parent_id` bigint DEFAULT '0' COMMENT '上级id',
  `status` bigint DEFAULT '0' COMMENT '状态',
  `user_id` bigint DEFAULT '0' COMMENT '用户编号-&gt;std_user.id',
  `rate` decimal(10,4) DEFAULT '0.0000' COMMENT '费率',
  `fee` decimal(10,0) DEFAULT '0' COMMENT '单笔费用',
  `updated_at` datetime DEFAULT NULL COMMENT '更新时间',
  `created_at` datetime DEFAULT NULL COMMENT '建创时间',
  PRIMARY KEY (`id`)
) ENGINE=InnoDB AUTO_INCREMENT=21 DEFAULT CHARSET=utf8mb4 COLLATE=utf8mb4_0900_ai_ci;
/*!40101 SET character_set_client = @saved_cs_client */;

--
-- Dumping data for table `std_agent`
--

LOCK TABLES `std_agent` WRITE;
/*!40000 ALTER TABLE `std_agent` DISABLE KEYS */;
INSERT INTO `std_agent` VALUES (7,1,0,0,0,14,0.0050,1,'2021-04-10 17:37:11','2021-04-10 17:37:11'),(9,2,0,0,0,14,0.0020,1,'2021-10-07 21:23:52','2021-10-07 21:23:52'),(13,1,0,0,0,46,0.0000,0,'2021-10-19 10:20:13','2021-10-19 10:20:13');
/*!40000 ALTER TABLE `std_agent` ENABLE KEYS */;
UNLOCK TABLES;

--
-- Table structure for table `std_alipay`
--

DROP TABLE IF EXISTS `std_alipay`;
/*!40101 SET @saved_cs_client     = @@character_set_client */;
/*!50503 SET character_set_client = utf8mb4 */;
CREATE TABLE `std_alipay` (
  `id` bigint NOT NULL AUTO_INCREMENT COMMENT '编号',
  `user_id` bigint DEFAULT '0' COMMENT '用户编号-&gt;std_user.id',
  `status` bigint DEFAULT '0' COMMENT '状态',
  `name` varchar(255) DEFAULT NULL COMMENT '姓名',
  `account` varchar(128) DEFAULT NULL COMMENT '账号',
  `desc` varchar(255) DEFAULT NULL COMMENT '描述',
  `round_id` bigint DEFAULT NULL COMMENT '轮训编号',
  `url` varchar(255) DEFAULT NULL COMMENT '二维码URL',
  `type` bigint DEFAULT '0' COMMENT '类型',
  `updated_at` datetime DEFAULT NULL COMMENT '更新时间',
  `created_at` datetime DEFAULT NULL COMMENT '创建时间',
  `loop` bigint DEFAULT '0' COMMENT '无限',
  `code` varchar(255) DEFAULT NULL COMMENT '编号',
  `max` decimal(10,2) DEFAULT '0.00' COMMENT '最大值',
  `min` decimal(10,2) DEFAULT '0.00' COMMENT '最小值',
  PRIMARY KEY (`id`)
) ENGINE=InnoDB AUTO_INCREMENT=3 DEFAULT CHARSET=utf8mb4 COLLATE=utf8mb4_0900_ai_ci;
/*!40101 SET character_set_client = @saved_cs_client */;

--
-- Dumping data for table `std_alipay`
--

LOCK TABLES `std_alipay` WRITE;
/*!40000 ALTER TABLE `std_alipay` DISABLE KEYS */;
INSERT INTO `std_alipay` VALUES (1,14,2,'李村','test@test.com','23',2,NULL,1,'2021-04-16 22:29:23','2021-04-16 16:07:52',0,'A1',1000.00,1.00),(2,14,1,'李丽','TRHMLBMRdpHLdYsSaHfioJ2b4oxeM5gBRh','',12,NULL,1,'2021-09-11 08:57:27','2021-04-16 22:28:28',1,'A2',1000.00,1.00);
/*!40000 ALTER TABLE `std_alipay` ENABLE KEYS */;
UNLOCK TABLES;

--
-- Table structure for table `std_balance`
--

DROP TABLE IF EXISTS `std_balance`;
/*!40101 SET @saved_cs_client     = @@character_set_client */;
/*!50503 SET character_set_client = utf8mb4 */;
CREATE TABLE `std_balance` (
  `id` bigint NOT NULL AUTO_INCREMENT COMMENT '编号',
  `user_id` bigint DEFAULT '0' COMMENT '用户编号-&gt;std_user.id',
  `status` bigint DEFAULT '0' COMMENT '状态',
  `refer_id` bigint DEFAULT '0' COMMENT '引用id',
  `type` bigint DEFAULT '0' COMMENT '类型',
  `before` decimal(18,6) DEFAULT '0.000000' COMMENT '变化前',
  `amount` decimal(18,6) DEFAULT '0.000000' COMMENT '金额',
  `after` decimal(18,6) DEFAULT '0.000000' COMMENT '变化后',
  `updated_at` datetime DEFAULT NULL COMMENT '更新时间',
  `created_at` datetime DEFAULT NULL COMMENT '建创时间',
  `desc` varchar(1024) DEFAULT NULL,
  `parent_id` bigint DEFAULT '0',
  `parent_fee` decimal(10,6) DEFAULT '0.000000',
  `opt` bigint DEFAULT '0',
  PRIMARY KEY (`id`)
) ENGINE=InnoDB AUTO_INCREMENT=1115 DEFAULT CHARSET=utf8mb4 COLLATE=utf8mb4_0900_ai_ci;
/*!40101 SET character_set_client = @saved_cs_client */;

--
-- Dumping data for table `std_balance`
--

LOCK TABLES `std_balance` WRITE;
/*!40000 ALTER TABLE `std_balance` DISABLE KEYS */;
INSERT INTO `std_balance` VALUES (1088,69,1,557,1,996197.016000,500.000000,995697.016000,'2022-04-19 10:56:22','2022-04-19 10:56:22',NULL,0,0.000000,0),(1089,69,1,557,1,998465.000000,500.000000,998965.000000,'2022-04-19 10:57:08','2022-04-19 10:57:08',NULL,0,0.000000,0),(1091,69,1,557,1,995697.016000,2.000000,995699.016000,'2022-04-19 10:57:08','2022-04-19 10:57:08',NULL,0,0.000000,0),(1092,69,1,557,1,998965.000000,500.000000,999465.000000,'2022-04-19 10:57:35','2022-04-19 10:57:35',NULL,0,0.000000,0),(1094,69,1,557,1,995697.016000,2.000000,995699.016000,'2022-04-19 10:57:36','2022-04-19 10:57:36',NULL,0,0.000000,0),(1095,69,1,557,1,999465.000000,500.000000,999965.000000,'2022-04-19 10:58:44','2022-04-19 10:58:44',NULL,0,0.000000,0),(1097,69,1,557,1,995697.016000,2.000000,995699.016000,'2022-04-19 10:58:44','2022-04-19 10:58:44',NULL,0,0.000000,0),(1098,69,1,557,1,999965.000000,500.000000,1000465.000000,'2022-04-19 11:12:43','2022-04-19 11:12:43',NULL,0,0.000000,0),(1100,69,1,557,1,995697.016000,2.000000,995699.016000,'2022-04-19 11:12:43','2022-04-19 11:12:43',NULL,0,0.000000,0),(1101,69,1,557,1,1000465.000000,500.000000,1000965.000000,'2022-04-19 11:16:24','2022-04-19 11:16:24',NULL,0,0.000000,0),(1103,69,1,557,1,995697.016000,2.000000,995699.016000,'2022-04-19 11:16:24','2022-04-19 11:16:24',NULL,0,0.000000,0),(1104,69,1,557,1,1000965.000000,500.000000,1001465.000000,'2022-04-19 11:19:09','2022-04-19 11:19:09',NULL,0,0.000000,0),(1106,69,1,557,1,995697.016000,2.000000,995699.016000,'2022-04-19 11:19:09','2022-04-19 11:19:09',NULL,0,0.000000,0),(1107,69,1,558,1,1001465.000000,2.000000,1001463.000000,'2022-04-20 16:09:47','2022-04-20 16:09:47',NULL,0,0.000000,0),(1108,69,1,558,1,1001463.000000,100.000000,1001363.000000,'2022-04-20 16:09:47','2022-04-20 16:09:47',NULL,0,0.000000,0),(1109,69,1,559,1,1001363.000000,2.000000,1001361.000000,'2022-04-20 16:10:12','2022-04-20 16:10:12',NULL,0,0.000000,0),(1110,69,1,559,1,1001361.000000,100.000000,1001261.000000,'2022-04-20 16:10:13','2022-04-20 16:10:13',NULL,0,0.000000,0),(1111,69,1,560,1,1001261.000000,2.000000,1001259.000000,'2022-06-14 23:12:48','2022-06-14 23:12:48',NULL,0,0.000000,0),(1112,69,1,560,1,1001259.000000,500.000000,1000759.000000,'2022-06-14 23:12:48','2022-06-14 23:12:48',NULL,0,0.000000,0),(1113,69,2,561,1,995697.016000,500.000000,995197.016000,'2022-06-17 18:28:22','2022-06-14 23:13:05','订单超时',0,0.000000,0),(1114,69,1,561,1,995197.016000,500.000000,995697.016000,'2022-06-17 18:28:22','2022-06-17 18:28:22',NULL,0,0.000000,0);
/*!40000 ALTER TABLE `std_balance` ENABLE KEYS */;
UNLOCK TABLES;

--
-- Table structure for table `std_bank`
--

DROP TABLE IF EXISTS `std_bank`;
/*!40101 SET @saved_cs_client     = @@character_set_client */;
/*!50503 SET character_set_client = utf8mb4 */;
CREATE TABLE `std_bank` (
  `id` bigint NOT NULL AUTO_INCREMENT COMMENT '编号',
  `name` varchar(128) DEFAULT NULL COMMENT '银行名称',
  `code` varchar(128) DEFAULT NULL COMMENT '简码',
  `updated_at` datetime DEFAULT NULL COMMENT '更新时间',
  `created_at` datetime DEFAULT NULL COMMENT '建创时间',
  `version` varchar(128) DEFAULT NULL COMMENT 'App版本号',
  `status` bigint DEFAULT NULL COMMENT '状态',
  PRIMARY KEY (`id`)
) ENGINE=InnoDB AUTO_INCREMENT=8 DEFAULT CHARSET=utf8mb4 COLLATE=utf8mb4_0900_ai_ci;
/*!40101 SET character_set_client = @saved_cs_client */;

--
-- Dumping data for table `std_bank`
--

LOCK TABLES `std_bank` WRITE;
/*!40000 ALTER TABLE `std_bank` DISABLE KEYS */;
INSERT INTO `std_bank` VALUES (1,'建设银行','CCB','2021-08-31 21:13:25','2021-08-31 21:13:25','0.0.1',1),(2,'中国银行','BOC','2021-09-01 10:37:38','2021-08-31 21:14:00','0.0.1',1),(3,'工商银行','ICBC','2021-08-31 21:31:49','2021-08-31 21:14:25','0.0.1',1),(4,'农业银行','ABC','2021-09-01 10:37:48','2021-08-31 21:16:40','0.0.1',1),(5,'招商','CMB','2021-11-01 14:02:35','2021-11-01 14:02:35','1',1),(6,'平安','PAB','2021-11-01 14:02:57','2021-11-01 14:02:57','1',1),(7,NULL,NULL,'2022-03-27 17:11:41','2022-03-27 17:11:41',NULL,1);
/*!40000 ALTER TABLE `std_bank` ENABLE KEYS */;
UNLOCK TABLES;

--
-- Table structure for table `std_bank_card`
--

DROP TABLE IF EXISTS `std_bank_card`;
/*!40101 SET @saved_cs_client     = @@character_set_client */;
/*!50503 SET character_set_client = utf8mb4 */;
CREATE TABLE `std_bank_card` (
  `id` bigint NOT NULL AUTO_INCREMENT COMMENT '编号',
  `user_id` bigint DEFAULT '0' COMMENT '用户编号-&gt;std_user.id',
  `status` bigint DEFAULT '0' COMMENT '状态',
  `max` bigint DEFAULT '0' COMMENT '最大金额',
  `min` bigint DEFAULT '0' COMMENT '最小金额',
  `round_id` bigint DEFAULT '0' COMMENT '轮训编号',
  `bank_id` bigint DEFAULT '0' COMMENT '银行编号-&gt;std_bank.id',
  `type` bigint DEFAULT '0' COMMENT '卡片类型',
  `name` varchar(64) DEFAULT NULL COMMENT '卡片姓名',
  `code` varchar(128) DEFAULT NULL COMMENT '银行卡号',
  `login_pwd` varchar(64) DEFAULT NULL COMMENT '登录密码',
  `tran_pwd` varchar(64) DEFAULT NULL COMMENT '支付密码',
  `device_id` varchar(128) DEFAULT NULL,
  `updated_at` datetime DEFAULT NULL COMMENT '更新时间',
  `created_at` datetime DEFAULT NULL COMMENT '建创时间',
  `balance` decimal(10,2) DEFAULT '0.00' COMMENT '卡片实际余额',
  `total` bigint DEFAULT '0' COMMENT '转账次数',
  `refer_id` bigint DEFAULT '0',
  `mobile` varchar(64) DEFAULT NULL,
  `mode` bigint DEFAULT '0',
  `desc` varchar(512) DEFAULT NULL,
  `limit` bigint DEFAULT '0',
  `run` bigint DEFAULT '0',
  `expire_at` datetime DEFAULT NULL,
  PRIMARY KEY (`id`)
) ENGINE=InnoDB AUTO_INCREMENT=52 DEFAULT CHARSET=utf8mb4 COLLATE=utf8mb4_0900_ai_ci;
/*!40101 SET character_set_client = @saved_cs_client */;

--
-- Dumping data for table `std_bank_card`
--

LOCK TABLES `std_bank_card` WRITE;
/*!40000 ALTER TABLE `std_bank_card` DISABLE KEYS */;
INSERT INTO `std_bank_card` VALUES (50,14,1,80000,0,26,3,4,'张三','23123123','1231','23123','','2022-06-14 23:12:48','2022-04-04 12:16:09',8398.06,0,0,'15000-9191',1,'',15,1,NULL),(51,14,1,80000,0,26,1,4,'2342','23423','3423','4234','','2022-06-14 23:13:05','2022-04-18 21:42:01',2401.00,0,0,'15000195452',1,'',15,1,NULL);
/*!40000 ALTER TABLE `std_bank_card` ENABLE KEYS */;
UNLOCK TABLES;

--
-- Table structure for table `std_bind`
--

DROP TABLE IF EXISTS `std_bind`;
/*!40101 SET @saved_cs_client     = @@character_set_client */;
/*!50503 SET character_set_client = utf8mb4 */;
CREATE TABLE `std_bind` (
  `id` bigint NOT NULL AUTO_INCREMENT COMMENT '编号',
  `user_id` bigint DEFAULT NULL,
  `biz_id` bigint DEFAULT NULL,
  `name` varchar(255) DEFAULT NULL COMMENT '参数',
  `updated_at` datetime DEFAULT NULL COMMENT '更新时间',
  `created_at` datetime DEFAULT NULL COMMENT '创建时间',
  PRIMARY KEY (`id`)
) ENGINE=InnoDB AUTO_INCREMENT=37 DEFAULT CHARSET=utf8mb4 COLLATE=utf8mb4_0900_ai_ci;
/*!40101 SET character_set_client = @saved_cs_client */;

--
-- Dumping data for table `std_bind`
--

LOCK TABLES `std_bind` WRITE;
/*!40000 ALTER TABLE `std_bind` DISABLE KEYS */;
INSERT INTO `std_bind` VALUES (21,61,60,'1112312','2021-12-12 10:50:54','2021-12-12 10:50:54'),(22,61,14,'ks-test','2021-12-12 10:50:54','2021-12-12 10:50:54');
/*!40000 ALTER TABLE `std_bind` ENABLE KEYS */;
UNLOCK TABLES;

--
-- Table structure for table `std_chain`
--

DROP TABLE IF EXISTS `std_chain`;
/*!40101 SET @saved_cs_client     = @@character_set_client */;
/*!50503 SET character_set_client = utf8mb4 */;
CREATE TABLE `std_chain` (
  `id` bigint NOT NULL AUTO_INCREMENT COMMENT '编号',
  `user_id` bigint DEFAULT '0' COMMENT '用户编号-&gt;std_user.id',
  `channel_id` bigint DEFAULT '0' COMMENT '通道编号-&gt;std_channel.id',
  `max` bigint DEFAULT '0' COMMENT '最大下单金额',
  `min` bigint DEFAULT '0' COMMENT '最小下单金额',
  `fee` decimal(10,5) DEFAULT NULL,
  `rate` decimal(10,5) DEFAULT '0.00000',
  `update_at` datetime DEFAULT NULL COMMENT '更新时间',
  `create_at` datetime DEFAULT NULL COMMENT '创建时间',
  `ks` varchar(2080) DEFAULT NULL,
  PRIMARY KEY (`id`)
) ENGINE=InnoDB AUTO_INCREMENT=43 DEFAULT CHARSET=utf8mb4 COLLATE=utf8mb4_0900_ai_ci;
/*!40101 SET character_set_client = @saved_cs_client */;

--
-- Dumping data for table `std_chain`
--

LOCK TABLES `std_chain` WRITE;
/*!40000 ALTER TABLE `std_chain` DISABLE KEYS */;
INSERT INTO `std_chain` VALUES (10,20,2,10000,1,0.00000,0.00000,'2022-06-14 23:13:05','2022-04-07 19:49:54','[14]'),(11,35,1,1,1,1.00000,0.00800,'2021-04-10 17:44:28','2021-04-10 17:44:28',NULL),(12,36,1,1000,1,1.00000,0.00600,'2021-04-12 22:43:39','2021-04-12 22:43:39',NULL),(13,36,2,1000,1,1.00000,0.00600,'2021-04-12 22:43:39','2021-04-12 22:43:39',NULL),(15,38,2,1,1,0.00200,0.00200,'2021-08-26 11:21:51','2021-08-26 11:21:51',NULL),(19,20,1,50000,1,2.00000,0.00000,'2022-06-14 23:12:48','2022-04-07 19:49:54','[14]'),(22,42,1,10000,1,1.00000,0.01000,'2021-10-14 20:42:31','2021-10-14 20:42:31',NULL),(23,25,1,50000,1,1.00000,0.01000,'2021-10-19 10:29:55','2021-10-19 10:29:55',NULL),(24,14,1,10000,1,2.00000,0.00000,'2022-04-16 21:50:11','2022-04-16 21:50:11',''),(25,14,2,10000,1,0.00000,0.00400,'2022-04-16 21:50:11','2022-04-16 21:50:11',''),(27,44,1,50000,1,1.00000,0.00100,'2021-10-19 10:51:57','2021-10-19 10:51:57',NULL),(28,46,1,1,1,1.00000,1.00000,'2021-10-19 10:21:44','2021-10-19 10:21:44',NULL),(29,20,4,10000,1,0.00000,0.09000,'2022-04-07 19:49:54','2022-04-07 19:49:54',''),(30,20,5,10000,1,0.00000,0.09000,'2022-04-07 19:49:54','2022-04-07 19:49:54',''),(31,61,1,10000,1,0.00000,0.00000,'2021-12-11 11:59:58','2021-12-11 11:59:58',NULL),(40,60,1,50000,1,2.00000,0.00000,'2022-01-21 15:08:52','2022-01-21 15:08:52',NULL),(41,60,2,50000,1,0.00000,0.00400,'2022-01-21 15:08:52','2022-01-21 15:08:52',NULL),(42,67,2,50000,1,0.00000,0.00500,'2022-04-16 21:50:04','2022-04-16 21:50:04','');
/*!40000 ALTER TABLE `std_chain` ENABLE KEYS */;
UNLOCK TABLES;

--
-- Table structure for table `std_channel`
--

DROP TABLE IF EXISTS `std_channel`;
/*!40101 SET @saved_cs_client     = @@character_set_client */;
/*!50503 SET character_set_client = utf8mb4 */;
CREATE TABLE `std_channel` (
  `id` bigint NOT NULL AUTO_INCREMENT COMMENT '编号',
  `status` bigint DEFAULT NULL COMMENT '状态',
  `name` varchar(128) DEFAULT NULL COMMENT '名称',
  `updated_at` datetime DEFAULT NULL COMMENT '更新时间',
  `created_at` datetime DEFAULT NULL COMMENT '创建时间',
  `random` bigint DEFAULT '0',
  `type` bigint DEFAULT '0',
  `rate` decimal(10,5) DEFAULT '0.00000',
  `ip` varchar(1048) DEFAULT NULL,
  `url` varchar(5048) DEFAULT NULL,
  `mchid` varchar(128) DEFAULT NULL,
  `secret` varchar(1048) DEFAULT NULL,
  PRIMARY KEY (`id`)
) ENGINE=InnoDB AUTO_INCREMENT=6 DEFAULT CHARSET=utf8mb4 COLLATE=utf8mb4_0900_ai_ci;
/*!40101 SET character_set_client = @saved_cs_client */;

--
-- Dumping data for table `std_channel`
--

LOCK TABLES `std_channel` WRITE;
/*!40000 ALTER TABLE `std_channel` DISABLE KEYS */;
INSERT INTO `std_channel` VALUES (1,1,'代付','2021-11-21 18:32:20','2021-03-27 21:59:00',1,2,1.00000,'3','2','3','2'),(2,1,'代收','2022-01-20 09:30:25','2021-03-27 21:59:08',1,1,1.00000,'','','',''),(3,2,'USDT','2021-11-21 18:28:09','2021-04-15 20:31:43',1,1,1.00000,'','','',''),(4,2,'H5话费','2022-01-20 09:30:38','2021-11-19 19:55:56',1,1,1.00000,'','','',''),(5,2,'聚宝付','2022-01-20 09:30:38','2021-11-21 13:53:19',1,1,1.00000,'','','','');
/*!40000 ALTER TABLE `std_channel` ENABLE KEYS */;
UNLOCK TABLES;

--
-- Table structure for table `std_device`
--

DROP TABLE IF EXISTS `std_device`;
/*!40101 SET @saved_cs_client     = @@character_set_client */;
/*!50503 SET character_set_client = utf8mb4 */;
CREATE TABLE `std_device` (
  `id` bigint NOT NULL AUTO_INCREMENT COMMENT '手机设备',
  `user_id` bigint DEFAULT '0' COMMENT '用户编号-&gt;std_user.id',
  `status` bigint DEFAULT '0' COMMENT '状态',
  `updated_at` datetime DEFAULT NULL COMMENT '更新时间',
  `created_at` datetime DEFAULT NULL COMMENT '建创时间',
  `uuid` varchar(128) DEFAULT NULL COMMENT '设备硬件编号',
  `name` varchar(128) DEFAULT NULL COMMENT '设备别名',
  `rate` bigint DEFAULT NULL COMMENT '接单频率',
  `desc` varchar(255) DEFAULT NULL COMMENT '描述',
  PRIMARY KEY (`id`)
) ENGINE=InnoDB AUTO_INCREMENT=2 DEFAULT CHARSET=utf8mb4 COLLATE=utf8mb4_0900_ai_ci;
/*!40101 SET character_set_client = @saved_cs_client */;

--
-- Dumping data for table `std_device`
--

LOCK TABLES `std_device` WRITE;
/*!40000 ALTER TABLE `std_device` DISABLE KEYS */;
INSERT INTO `std_device` VALUES (1,14,1,'2021-04-24 12:31:16','2021-04-14 13:40:53','202103260324982156','设备别名-84077',5,'');
/*!40000 ALTER TABLE `std_device` ENABLE KEYS */;
UNLOCK TABLES;

--
-- Table structure for table `std_hash`
--

DROP TABLE IF EXISTS `std_hash`;
/*!40101 SET @saved_cs_client     = @@character_set_client */;
/*!50503 SET character_set_client = utf8mb4 */;
CREATE TABLE `std_hash` (
  `id` bigint NOT NULL AUTO_INCREMENT COMMENT '编号',
  `code` varchar(255) DEFAULT NULL,
  `dist` varchar(255) DEFAULT NULL,
  `quant` decimal(10,5) DEFAULT '0.00000',
  `amount` decimal(10,5) DEFAULT '0.00000',
  `from_address` varchar(255) DEFAULT NULL,
  `to_address` varchar(255) DEFAULT NULL,
  `contract_type` varchar(255) DEFAULT NULL,
  `token_abbr` varchar(255) DEFAULT NULL,
  `block` varchar(1048) DEFAULT NULL,
  `transaction_id` varchar(1048) DEFAULT NULL,
  `desc` varchar(1048) DEFAULT NULL,
  `type` bigint DEFAULT '0',
  `status` bigint DEFAULT '0',
  `updated_at` datetime DEFAULT NULL COMMENT '更新时间',
  `created_at` datetime DEFAULT NULL COMMENT '创建时间',
  `result` varchar(1024) DEFAULT NULL,
  `result_en` varchar(1024) DEFAULT NULL,
  PRIMARY KEY (`id`)
) ENGINE=InnoDB AUTO_INCREMENT=32 DEFAULT CHARSET=utf8mb4 COLLATE=utf8mb4_0900_ai_ci;
/*!40101 SET character_set_client = @saved_cs_client */;

--
-- Dumping data for table `std_hash`
--

LOCK TABLES `std_hash` WRITE;
/*!40000 ALTER TABLE `std_hash` DISABLE KEYS */;
INSERT INTO `std_hash` VALUES (22,'8','8',18.00000,35.10000,'TXM5F8Z9ajBzwcBtJYzUeJU8aAgdk22222','TYTvSgPBGkqaQFn1P6tSwiYkMvLN2B2222',NULL,'USDT','00000000028226d361d1e2f5daf4ee4c3a2ee4fee8946d9e5b185c8efe9ee768','8b9eb755583ed48e0fb923b00a63428b241d3e00ed8c4feacddbc33c001a5456','已赔付',1,1,'2022-08-01 20:47:38','2022-08-01 20:47:38','中奖(下注:双|开奖:双)',NULL),(23,'5','8',18.00000,0.00000,'TXM5F8Z9ajBzwcBtJYzUeJU8aAgdk22222','TYTvSgPBGkqaQFn1P6tSwiYkMvLN2B2222',NULL,'USDT','00000000028226c65e37b04e7abbc9180240665090a3c8c2301be51bb2b865b5','b08e0eec9164c53a70828416d8d191ea6b3ba552073fc9e2446751e38304a69c',NULL,1,3,'2022-08-01 20:47:38','2022-08-01 20:47:38','未中奖(下注:双|开奖:大)',NULL),(24,'3','8',18.00000,0.00000,'TXM5F8Z9ajBzwcBtJYzUeJU8aAgdk22222','TYTvSgPBGkqaQFn1P6tSwiYkMvLN2B2222',NULL,'USDT','00000000028226b9323540093e391b6d30d84f022276ab6f4c25aff8bb94dbc3','e0129457676c8e6775b8f3f4d02d11bc68a9f59c9de13482cb9edd598d31af42',NULL,1,3,'2022-08-01 20:47:38','2022-08-01 20:47:38','未中奖(下注:双|开奖:小)',NULL),(25,'1','0',10.00000,19.50000,'TXM5F8Z9ajBzwcBtJYzUeJU8aAgdk22222','TYTvSgPBGkqaQFn1P6tSwiYkMvLN2B2222',NULL,'USDT','000000000282268e60ad1eb7968ca63b64cb7b9276f5f2a9938d291347eb3a1a','75f389ab4420e10d60d723229ea07bd1d3c030d65a566b066bbb2c5253843350','已赔付',1,1,'2022-08-01 20:47:38','2022-08-01 20:47:38','中奖(下注:小|开奖:小)',NULL),(26,'4','0',10.00000,19.50000,'TXM5F8Z9ajBzwcBtJYzUeJU8aAgdk22222','TYTvSgPBGkqaQFn1P6tSwiYkMvLN2B2222',NULL,'USDT','000000000281474587c96196c2e7d556ad696921ef21b1981212cdde22394fc4','61731e726370a1b290d550c564a86fd7b994c1f68c72f2728aa20a0af61d67ea','已赔付',1,1,'2022-08-01 20:47:38','2022-08-01 20:47:38','中奖(下注:小|开奖:小)',NULL),(27,'8','0',10.00000,0.00000,'TXM5F8Z9ajBzwcBtJYzUeJU8aAgdk22222','TYTvSgPBGkqaQFn1P6tSwiYkMvLN2B2222',NULL,'USDT','00000000028fbb47b96dbdbdc9c272f15f27085a38eeb636b8241e5ad3112158','94b625cfcf337fcbedc03f0d89cc90c8ee1b1621d485d8ef4fd09fc2ef3a015a',NULL,1,3,'2022-08-03 11:36:56','2022-08-03 11:36:56','未中奖(下注:小|开奖:大)',NULL),(28,'5','9',19.00000,37.05000,'TXM5F8Z9ajBzwcBtJYzUeJU8aAgdk22222','TYTvSgPBGkqaQFn1P6tSwiYkMvLN2B2222',NULL,'USDT','00000000028fbb5b1b04bd6e2e4448a423622ff144a1100af4a49e5a091c7265','9998d4acfcdb563bee7c7991e72a72bcf87950cfe8abf50f2ac42fe166470047','已赔付',1,1,'2022-08-03 11:38:03','2022-08-03 11:38:03','中奖(下注:大|开奖:大)',NULL),(29,'7','0',10.00000,0.00000,'TXM5F8Z9ajBzwcBtJYzUeJU8aAgdk22222','TYTvSgPBGkqaQFn1P6tSwiYkMvLN2B2222',NULL,'USDT','00000000028fbb95ae744beb8311ce811debe798c28b5647c7cbaaf4f42dd7ca','e46b3e502b535c93efd791a08673894d712e5f05f1f1b4f92e298fade30114d7',NULL,1,3,'2022-08-03 11:41:01','2022-08-03 11:41:01','未中奖(下注:小|开奖:大)',NULL),(30,'8','0',10.00000,0.00000,'TXM5F8Z9ajBzwcBtJYzUeJU8aAgdk22222','TYTvSgPBGkqaQFn1P6tSwiYkMvLN2B2222',NULL,'USDT','00000000028fbba030ddfb2d9a784bcbbb5cb04f01de013a6ba741dd528a8008','ce62f9d53d1397fe63b289b5f8e0b257b0d76ad7737da455c62166397d4fa180',NULL,1,3,'2022-08-03 11:41:27','2022-08-03 11:41:27','未中奖(下注:小|开奖:大)',NULL),(31,'6','9',19.00000,37.05000,'TXM5F8Z9ajBzwcBtJYzUeJU8aAgdk22222','TYTvSgPBGkqaQFn1P6tSwiYkMvLN2B2222',NULL,'USDT','00000000028fbbc323a2f3e88c1e5f814585a22833415c2aed0e347027dd5446','0b7e9811ac609dba61119ba532f08c22473e066af9e2c181a53022f3e444887f','已赔付',1,1,'2022-08-03 11:43:17','2022-08-03 11:43:17','中奖(下注:大|开奖:大)',NULL);
/*!40000 ALTER TABLE `std_hash` ENABLE KEYS */;
UNLOCK TABLES;

--
-- Table structure for table `std_member`
--

DROP TABLE IF EXISTS `std_member`;
/*!40101 SET @saved_cs_client     = @@character_set_client */;
/*!50503 SET character_set_client = utf8mb4 */;
CREATE TABLE `std_member` (
  `id` bigint NOT NULL AUTO_INCREMENT COMMENT 'id',
  `name` varchar(128) DEFAULT NULL COMMENT '商户名',
  `status` bigint DEFAULT NULL COMMENT '状态',
  `user_id` bigint DEFAULT NULL COMMENT '用户归属-&gt;std_user.id',
  `secret` varchar(255) DEFAULT NULL COMMENT '商户密钥',
  `whitelist` varchar(5018) DEFAULT NULL,
  `updated_at` datetime DEFAULT NULL COMMENT '更新时间',
  `created_at` datetime DEFAULT NULL COMMENT '创建时间',
  `desc` varchar(255) DEFAULT NULL COMMENT '描述',
  `refer_id` bigint DEFAULT NULL COMMENT '代理编号-&gt;std_user.id',
  `auth_ip` bigint DEFAULT '0',
  `channel_in` bigint DEFAULT '0',
  `channel_mod` bigint DEFAULT '0',
  `channel_out` bigint DEFAULT '0',
  `ks` varchar(1024) DEFAULT NULL,
  PRIMARY KEY (`id`)
) ENGINE=InnoDB AUTO_INCREMENT=24 DEFAULT CHARSET=utf8mb4 COLLATE=utf8mb4_0900_ai_ci;
/*!40101 SET character_set_client = @saved_cs_client */;

--
-- Dumping data for table `std_member`
--

LOCK TABLES `std_member` WRITE;
/*!40000 ALTER TABLE `std_member` DISABLE KEYS */;
INSERT INTO `std_member` VALUES (1,'测试商户',1,20,'b983cb5c-6c00-4f18-873f-e328fbda724c','192.168.31','2022-03-29 19:48:24','2021-03-27 09:29:16',NULL,0,2,10002,1,10001,'[14]');
/*!40000 ALTER TABLE `std_member` ENABLE KEYS */;
UNLOCK TABLES;

--
-- Table structure for table `std_message`
--

DROP TABLE IF EXISTS `std_message`;
/*!40101 SET @saved_cs_client     = @@character_set_client */;
/*!50503 SET character_set_client = utf8mb4 */;
CREATE TABLE `std_message` (
  `id` bigint NOT NULL AUTO_INCREMENT COMMENT '编号',
  `code` varchar(255) DEFAULT NULL,
  `mobile` varchar(255) DEFAULT NULL,
  `content` varchar(2018) DEFAULT NULL,
  `updated_at` datetime DEFAULT NULL COMMENT '更新时间',
  `created_at` datetime DEFAULT NULL COMMENT '创建时间',
  PRIMARY KEY (`id`)
) ENGINE=InnoDB AUTO_INCREMENT=3 DEFAULT CHARSET=utf8mb4 COLLATE=utf8mb4_0900_ai_ci;
/*!40101 SET character_set_client = @saved_cs_client */;

--
-- Dumping data for table `std_message`
--

LOCK TABLES `std_message` WRITE;
/*!40000 ALTER TABLE `std_message` DISABLE KEYS */;
/*!40000 ALTER TABLE `std_message` ENABLE KEYS */;
UNLOCK TABLES;

--
-- Table structure for table `std_order`
--

DROP TABLE IF EXISTS `std_order`;
/*!40101 SET @saved_cs_client     = @@character_set_client */;
/*!50503 SET character_set_client = utf8mb4 */;
CREATE TABLE `std_order` (
  `id` bigint NOT NULL AUTO_INCREMENT COMMENT '主键',
  `channel_id` bigint DEFAULT '0' COMMENT '通道ID',
  `type` bigint DEFAULT '0' COMMENT '订单类型',
  `status` bigint DEFAULT '0' COMMENT '订单状态',
  `upload` bigint DEFAULT '0' COMMENT '凭证上传',
  `amount` decimal(10,2) DEFAULT '0.00' COMMENT '订单金额',
  `agency` decimal(10,4) DEFAULT '0.0000',
  `fee` decimal(10,2) DEFAULT '0.00' COMMENT '手续费',
  `agent_id` bigint DEFAULT '0' COMMENT '代理编号->std_agent.id',
  `user_id` bigint DEFAULT '0' COMMENT '订单属于用户',
  `out_trade_no` varchar(64) NOT NULL COMMENT '商户订单ID',
  `notify_url` varchar(255) DEFAULT NULL COMMENT '回调地址',
  `updated_at` datetime DEFAULT NULL COMMENT '更新时间',
  `created_at` datetime DEFAULT NULL COMMENT '创建时间',
  `expire_at` datetime DEFAULT NULL COMMENT '过期时间',
  `pay_time` datetime DEFAULT NULL COMMENT '支时间',
  `pay_name` varchar(64) DEFAULT NULL COMMENT '付款人性名',
  `notify_count` bigint DEFAULT '0' COMMENT '回调通知次数',
  `pay_account` varchar(128) DEFAULT NULL COMMENT '付款账号',
  `refund_at` datetime DEFAULT NULL COMMENT '退款时间',
  `desc` varchar(255) DEFAULT NULL COMMENT '备注',
  `receive_name` varchar(64) DEFAULT NULL COMMENT '收款人姓名',
  `receive_account` varchar(64) DEFAULT NULL COMMENT '收款账号',
  `receive_bank` varchar(64) DEFAULT NULL COMMENT '收款银行',
  `client_id` bigint DEFAULT '0' COMMENT '卡商编号->std_user.id',
  `card_id` bigint DEFAULT '0' COMMENT '银行卡编号->std_bank_card.id',
  `item_id` bigint DEFAULT '0',
  `cny` decimal(10,5) DEFAULT '0.00000',
  `hash_id` varchar(512) DEFAULT NULL,
  `ksfee` decimal(10,5) DEFAULT '0.00000',
  `cert` varchar(5048) DEFAULT NULL,
  PRIMARY KEY (`id`),
  UNIQUE KEY `out_trade_no` (`out_trade_no`)
) ENGINE=InnoDB AUTO_INCREMENT=562 DEFAULT CHARSET=utf8mb4 COLLATE=utf8mb4_0900_ai_ci;
/*!40101 SET character_set_client = @saved_cs_client */;

--
-- Dumping data for table `std_order`
--

LOCK TABLES `std_order` WRITE;
/*!40000 ALTER TABLE `std_order` DISABLE KEYS */;
/*!40000 ALTER TABLE `std_order` ENABLE KEYS */;
UNLOCK TABLES;

--
-- Table structure for table `std_product`
--

DROP TABLE IF EXISTS `std_product`;
/*!40101 SET @saved_cs_client     = @@character_set_client */;
/*!50503 SET character_set_client = utf8mb4 */;
CREATE TABLE `std_product` (
  `id` bigint NOT NULL AUTO_INCREMENT COMMENT '编号',
  `title` varchar(255) DEFAULT NULL,
  `min` bigint DEFAULT '0',
  `max` bigint DEFAULT '0',
  `url` varchar(2018) DEFAULT NULL,
  `updated_at` datetime DEFAULT NULL COMMENT '更新时间',
  `created_at` datetime DEFAULT NULL COMMENT '创建时间',
  PRIMARY KEY (`id`)
) ENGINE=InnoDB AUTO_INCREMENT=7 DEFAULT CHARSET=utf8mb4 COLLATE=utf8mb4_0900_ai_ci;
/*!40101 SET character_set_client = @saved_cs_client */;

--
-- Dumping data for table `std_product`
--

LOCK TABLES `std_product` WRITE;
/*!40000 ALTER TABLE `std_product` DISABLE KEYS */;
INSERT INTO `std_product` VALUES (6,'234',1,8888,'http://localhost:8080/file/ciun7li4d8gei9ucen.png','2022-03-27 20:32:55','2022-03-27 20:13:16');
/*!40000 ALTER TABLE `std_product` ENABLE KEYS */;
UNLOCK TABLES;

--
-- Table structure for table `std_recharge`
--

DROP TABLE IF EXISTS `std_recharge`;
/*!40101 SET @saved_cs_client     = @@character_set_client */;
/*!50503 SET character_set_client = utf8mb4 */;
CREATE TABLE `std_recharge` (
  `id` bigint NOT NULL AUTO_INCREMENT COMMENT '编号',
  `user_id` bigint DEFAULT '0' COMMENT '用户编号-&gt;std_user.id',
  `status` bigint DEFAULT '0' COMMENT '状态',
  `upload` varchar(255) DEFAULT NULL COMMENT '凭证地址',
  `bank_id` bigint DEFAULT '0' COMMENT '银行卡编号-&gt;std_bank_card.id',
  `amount` decimal(10,2) DEFAULT '0.00' COMMENT '金额',
  `bill_id` bigint DEFAULT '0' COMMENT '账单编号-&gt;std_biil.id',
  `updated_at` datetime DEFAULT NULL COMMENT '更新时间',
  `created_at` datetime DEFAULT NULL COMMENT '建创时间',
  `auth_id` bigint DEFAULT '0' COMMENT '审核者编号-&gt;std_user.id',
  PRIMARY KEY (`id`)
) ENGINE=InnoDB AUTO_INCREMENT=2 DEFAULT CHARSET=utf8mb4 COLLATE=utf8mb4_0900_ai_ci;
/*!40101 SET character_set_client = @saved_cs_client */;

--
-- Dumping data for table `std_recharge`
--

LOCK TABLES `std_recharge` WRITE;
/*!40000 ALTER TABLE `std_recharge` DISABLE KEYS */;
/*!40000 ALTER TABLE `std_recharge` ENABLE KEYS */;
UNLOCK TABLES;

--
-- Table structure for table `std_spider`
--

DROP TABLE IF EXISTS `std_spider`;
/*!40101 SET @saved_cs_client     = @@character_set_client */;
/*!50503 SET character_set_client = utf8mb4 */;
CREATE TABLE `std_spider` (
  `id` bigint NOT NULL AUTO_INCREMENT COMMENT '编号',
  `type` bigint DEFAULT NULL COMMENT '类型',
  `order_no` varchar(64) DEFAULT NULL COMMENT '订单编号',
  `order_status` varchar(64) DEFAULT NULL COMMENT '订单状态',
  `order_goods` varchar(32) DEFAULT NULL COMMENT '商品名称',
  `order_price` decimal(10,2) DEFAULT NULL COMMENT '商品单价',
  `order_count` bigint DEFAULT NULL COMMENT '商品数量',
  `order_amount` decimal(10,2) DEFAULT NULL COMMENT '订单总价',
  `order_info_area` varchar(32) DEFAULT NULL COMMENT '所在区/服',
  `order_info_accno` varchar(32) DEFAULT NULL COMMENT '账号',
  `order_info_remark` varchar(32) DEFAULT NULL COMMENT '备注',
  `order_reamrk` varchar(32) DEFAULT NULL COMMENT '订单备注',
  `order_create_time` datetime DEFAULT NULL COMMENT '创建时间',
  `order_pay_time` datetime DEFAULT NULL COMMENT '支付时间',
  `order_finish_time` datetime DEFAULT NULL COMMENT '发货时间',
  `updated_at` datetime DEFAULT NULL COMMENT '更新时间',
  `created_at` datetime DEFAULT NULL COMMENT '建创时间',
  PRIMARY KEY (`id`)
) ENGINE=InnoDB DEFAULT CHARSET=utf8mb4 COLLATE=utf8mb4_0900_ai_ci;
/*!40101 SET character_set_client = @saved_cs_client */;

--
-- Dumping data for table `std_spider`
--

LOCK TABLES `std_spider` WRITE;
/*!40000 ALTER TABLE `std_spider` DISABLE KEYS */;
/*!40000 ALTER TABLE `std_spider` ENABLE KEYS */;
UNLOCK TABLES;

--
-- Table structure for table `std_system_log`
--

DROP TABLE IF EXISTS `std_system_log`;
/*!40101 SET @saved_cs_client     = @@character_set_client */;
/*!50503 SET character_set_client = utf8mb4 */;
CREATE TABLE `std_system_log` (
  `id` bigint NOT NULL AUTO_INCREMENT COMMENT '编号',
  `type` bigint DEFAULT NULL COMMENT '类型',
  `user_id` bigint DEFAULT NULL COMMENT '用户编号-&gt;std_user.id',
  `refer_id` varchar(64) DEFAULT NULL COMMENT '引用id',
  `client_ip` varchar(32) DEFAULT NULL COMMENT '操作IP',
  `updated_at` datetime DEFAULT NULL COMMENT '更新时间',
  `created_at` datetime DEFAULT NULL COMMENT '建创时间',
  `title` varchar(255) DEFAULT NULL COMMENT '标题',
  `desc` varchar(255) DEFAULT NULL COMMENT '描述',
  PRIMARY KEY (`id`)
) ENGINE=InnoDB AUTO_INCREMENT=214 DEFAULT CHARSET=utf8mb4 COLLATE=utf8mb4_0900_ai_ci;
/*!40101 SET character_set_client = @saved_cs_client */;

--
-- Dumping data for table `std_system_log`
--

LOCK TABLES `std_system_log` WRITE;
/*!40000 ALTER TABLE `std_system_log` DISABLE KEYS */;
INSERT INTO `std_system_log` VALUES (133,NULL,28,'1fb5072e3b77b5ac457f5189c740ba76','192.168.3.6','2021-11-26 13:39:55','2021-11-26 13:39:55','订单驳回','人工操作'),(134,NULL,28,'3cd43171b5a59dbb822794df0dca627e','192.168.3.6','2021-11-26 14:43:41','2021-11-26 14:43:41','订单回调','人工操作'),(135,NULL,28,'3cd43171b5a59dbb822794df0dca627e','192.168.3.6','2021-11-26 14:44:41','2021-11-26 14:44:41','订单驳回','人工操作'),(136,NULL,28,'21897daf1ad9c395224c28f82b1a3bd3','192.168.3.6','2021-11-26 14:46:39','2021-11-26 14:46:39','订单驳回','人工操作'),(137,NULL,28,'4fbc13dbe4b9d200567774e19f408365','192.168.3.6','2021-11-26 15:28:56','2021-11-26 15:28:56','订单回调','人工操作'),(138,NULL,28,'T1000274211333','192.168.3.6','2021-12-02 10:58:25','2021-12-02 10:58:25','订单驳回','人工操作'),(139,NULL,28,'T1000274211333','192.168.3.6','2021-12-10 12:28:49','2021-12-10 12:28:49','订单回调','人工操作'),(140,NULL,28,'T1000274211333','192.168.3.6','2021-12-10 12:29:01','2021-12-10 12:29:01','订单驳回','人工操作'),(141,NULL,28,'T1000274211333','192.168.3.6','2021-12-10 12:30:46','2021-12-10 12:30:46','订单驳回','人工操作'),(142,NULL,14,'23413123','192.168.3.6','2022-01-04 06:36:56','2022-01-04 06:36:56','订单回调','人工操作'),(143,NULL,1,'23413123','192.168.3.6','2022-01-09 20:24:24','2022-01-09 20:24:24','订单回调','人工操作'),(144,NULL,1,'23413123','192.168.3.6','2022-01-09 20:34:34','2022-01-09 20:34:34','订单回调','人工操作'),(145,NULL,1,'23413123','192.168.3.6','2022-01-09 20:39:23','2022-01-09 20:39:23','订单回调','人工操作'),(146,NULL,1,'23413123','192.168.3.6','2022-01-09 20:40:43','2022-01-09 20:40:43','订单回调','人工操作'),(147,NULL,1,'23413123','192.168.3.6','2022-01-09 20:43:59','2022-01-09 20:43:59','订单驳回','人工操作'),(148,NULL,1,'23413123','192.168.3.6','2022-01-10 13:03:34','2022-01-10 13:03:34','订单回调','人工操作'),(149,NULL,1,'23413123','192.168.3.6','2022-01-10 13:04:04','2022-01-10 13:04:04','订单驳回','人工操作'),(150,NULL,1,'T1000274213','192.168.3.6','2022-01-10 13:06:53','2022-01-10 13:06:53','订单驳回','人工操作'),(151,NULL,28,'T1000274213','192.168.3.6','2022-01-16 15:02:51','2022-01-16 15:02:51','订单回调','人工操作'),(152,NULL,28,'T1000274213','192.168.3.6','2022-01-16 15:03:51','2022-01-16 15:03:51','订单驳回','人工操作'),(153,NULL,14,'23413123','192.168.3.6','2022-01-20 22:41:35','2022-01-20 22:41:35','订单回调','人工操作'),(154,NULL,28,'23413123','192.168.3.6','2022-01-24 11:39:07','2022-01-24 11:39:07','订单回调','人工操作'),(155,NULL,28,'10000323333','192.168.3.6','2022-03-29 16:47:20','2022-03-29 16:47:20','订单回调','人工操作'),(156,NULL,0,'10000323333','暂无','2022-03-29 17:02:10','2022-03-29 17:02:10','订单回调','App自动操作'),(157,NULL,28,'1000223','192.168.3.6','2022-03-31 14:52:09','2022-03-31 14:52:09','订单回调','人工操作'),(158,NULL,28,'1000223','192.168.3.6','2022-03-31 14:58:07','2022-03-31 14:58:07','订单回调','人工操作'),(159,NULL,28,'1000223','192.168.3.6','2022-03-31 16:36:17','2022-03-31 16:36:17','订单驳回','人工操作'),(160,NULL,28,'1000223','192.168.3.6','2022-03-31 16:37:24','2022-03-31 16:37:24','订单驳回','人工操作'),(161,NULL,28,'1000223','192.168.3.6','2022-03-31 16:38:03','2022-03-31 16:38:03','订单回调','人工操作'),(162,NULL,28,'1000223','192.168.3.6','2022-03-31 16:39:35','2022-03-31 16:39:35','订单回调','人工操作'),(163,NULL,28,'1000223','192.168.3.6','2022-03-31 16:42:42','2022-03-31 16:42:42','订单驳回','人工操作'),(164,NULL,28,'1000223','192.168.3.6','2022-03-31 16:42:45','2022-03-31 16:42:45','订单回调','人工操作'),(165,NULL,28,'1000223','192.168.3.6','2022-03-31 16:44:18','2022-03-31 16:44:18','订单驳回','人工操作'),(166,NULL,28,'1000223','192.168.3.6','2022-03-31 16:44:50','2022-03-31 16:44:50','订单回调','人工操作'),(167,NULL,0,'1000223','暂无','2022-04-06 21:25:13','2022-04-06 21:25:13','订单回调','App自动操作'),(168,NULL,0,'10002222','暂无','2022-04-07 22:57:15','2022-04-07 22:57:15','订单回调','App自动操作'),(169,NULL,0,'10002222','暂无','2022-04-07 22:57:30','2022-04-07 22:57:30','订单回调','App自动操作'),(170,NULL,0,'10002222','暂无','2022-04-07 23:06:20','2022-04-07 23:06:20','订单回调','App自动操作'),(171,NULL,0,'10002222','暂无','2022-04-07 23:06:26','2022-04-07 23:06:26','订单回调','App自动操作'),(172,NULL,0,'10002222','暂无','2022-04-07 23:07:42','2022-04-07 23:07:42','订单回调','App自动操作'),(173,NULL,0,'10002222','暂无','2022-04-07 23:08:29','2022-04-07 23:08:29','订单回调','App自动操作'),(174,NULL,0,'100022221','暂无','2022-04-07 23:14:55','2022-04-07 23:14:55','订单回调','App自动操作'),(175,NULL,0,'100022221','暂无','2022-04-07 23:15:57','2022-04-07 23:15:57','订单回调','App自动操作'),(176,NULL,0,'100022221','暂无','2022-04-07 23:17:51','2022-04-07 23:17:51','订单回调','App自动操作'),(177,NULL,0,'100022221','暂无','2022-04-07 23:19:44','2022-04-07 23:19:44','订单回调','App自动操作'),(178,NULL,0,'100022221','暂无','2022-04-07 23:24:57','2022-04-07 23:24:57','订单回调','App自动操作'),(179,NULL,0,'100022221','暂无','2022-04-07 23:27:03','2022-04-07 23:27:03','订单回调','App自动操作'),(180,NULL,0,'100022221','暂无','2022-04-07 23:28:02','2022-04-07 23:28:02','订单回调','App自动操作'),(181,NULL,0,'100022221','暂无','2022-04-07 23:29:18','2022-04-07 23:29:18','订单回调','App自动操作'),(182,NULL,0,'100022221','暂无','2022-04-07 23:29:37','2022-04-07 23:29:37','订单回调','App自动操作'),(183,NULL,0,'10002222','暂无','2022-04-07 23:30:27','2022-04-07 23:30:27','订单回调','App自动操作'),(184,NULL,0,'100022221','暂无','2022-04-07 23:31:26','2022-04-07 23:31:26','订单回调','App自动操作'),(185,NULL,0,'100022221','暂无','2022-04-07 23:32:48','2022-04-07 23:32:48','订单回调','App自动操作'),(186,NULL,0,'100022221','暂无','2022-04-07 23:33:08','2022-04-07 23:33:08','订单回调','App自动操作'),(187,NULL,0,'100022221','暂无','2022-04-07 23:35:35','2022-04-07 23:35:35','订单回调','App自动操作'),(188,NULL,0,'100022221','暂无','2022-04-07 23:37:03','2022-04-07 23:37:03','订单回调','App自动操作'),(189,NULL,0,'100022221','暂无','2022-04-07 23:38:26','2022-04-07 23:38:26','订单回调','App自动操作'),(190,NULL,0,'10002222','暂无','2022-04-07 23:39:33','2022-04-07 23:39:33','订单回调','App自动操作'),(191,NULL,0,'10002222','暂无','2022-04-07 23:40:04','2022-04-07 23:40:04','订单回调','App自动操作'),(192,NULL,28,'1000121','192.168.3.6','2022-04-16 21:47:48','2022-04-16 21:47:48','订单回调','人工操作'),(193,NULL,28,'1000','192.168.3.6','2022-04-16 21:47:54','2022-04-16 21:47:54','订单回调','人工操作'),(194,NULL,28,'1000121','192.168.3.6','2022-04-16 21:50:35','2022-04-16 21:50:35','订单回调','人工操作'),(195,NULL,28,'1000','192.168.3.6','2022-04-16 21:50:43','2022-04-16 21:50:43','订单回调','人工操作'),(196,NULL,28,'1000','192.168.3.6','2022-04-17 12:16:26','2022-04-17 12:16:26','订单回调','人工操作'),(197,NULL,28,'1000','192.168.3.6','2022-04-17 20:37:09','2022-04-17 20:37:09','订单回调','人工操作'),(198,NULL,28,'1000','192.168.3.6','2022-04-17 20:42:48','2022-04-17 20:42:48','订单回调','人工操作'),(199,NULL,28,'1000','192.168.3.6','2022-04-17 20:44:39','2022-04-17 20:44:39','订单回调','人工操作'),(200,NULL,28,'1000','192.168.3.6','2022-04-17 20:48:29','2022-04-17 20:48:29','订单回调','人工操作'),(201,NULL,28,'1000','192.168.3.6','2022-04-17 20:54:54','2022-04-17 20:54:54','订单回调','人工操作'),(202,NULL,28,'1000121','192.168.3.6','2022-04-17 20:58:12','2022-04-17 20:58:12','订单驳回','人工操作'),(203,NULL,28,'1000','192.168.3.6','2022-04-19 10:57:08','2022-04-19 10:57:08','订单回调','人工操作'),(204,NULL,28,'1000','192.168.3.6','2022-04-19 10:57:36','2022-04-19 10:57:36','订单回调','人工操作'),(205,NULL,28,'1000','192.168.3.6','2022-04-19 10:58:44','2022-04-19 10:58:44','订单回调','人工操作'),(206,NULL,28,'1000','192.168.3.6','2022-04-19 11:12:43','2022-04-19 11:12:43','订单回调','人工操作'),(207,NULL,28,'1000','192.168.3.6','2022-04-19 11:16:24','2022-04-19 11:16:24','订单回调','人工操作'),(208,NULL,28,'1000','192.168.3.6','2022-04-19 11:17:32','2022-04-19 11:17:32','订单回调','人工操作'),(209,NULL,28,'1000','192.168.3.6','2022-04-19 11:17:39','2022-04-19 11:17:39','订单回调','人工操作'),(210,NULL,28,'1000','192.168.3.6','2022-04-19 11:17:46','2022-04-19 11:17:46','订单回调','人工操作'),(211,NULL,28,'1000','192.168.3.6','2022-04-19 11:19:09','2022-04-19 11:19:09','订单回调','人工操作'),(212,NULL,28,'1000','192.168.3.6','2022-04-19 11:20:27','2022-04-19 11:20:27','订单回调','人工操作'),(213,NULL,28,'1000','192.168.3.6','2022-04-19 11:20:33','2022-04-19 11:20:33','订单回调','人工操作');
/*!40000 ALTER TABLE `std_system_log` ENABLE KEYS */;
UNLOCK TABLES;

--
-- Table structure for table `std_user`
--

DROP TABLE IF EXISTS `std_user`;
/*!40101 SET @saved_cs_client     = @@character_set_client */;
/*!50503 SET character_set_client = utf8mb4 */;
CREATE TABLE `std_user` (
  `id` bigint NOT NULL AUTO_INCREMENT COMMENT '用户ID',
  `role_id` bigint DEFAULT NULL COMMENT '角色ID',
  `sex` bigint DEFAULT NULL COMMENT '性别',
  `prov` bigint DEFAULT NULL COMMENT '省市',
  `city` bigint DEFAULT NULL COMMENT '城市',
  `dist` bigint DEFAULT NULL COMMENT '区县',
  `status` bigint DEFAULT NULL COMMENT '状态',
  `refer_id` bigint DEFAULT NULL COMMENT '引用ID',
  `point` bigint DEFAULT NULL COMMENT '积分',
  `level` bigint DEFAULT NULL COMMENT '级别',
  `exp` bigint DEFAULT '0',
  `username` varchar(128) DEFAULT NULL COMMENT '账号',
  `password` varchar(128) DEFAULT NULL COMMENT '密码',
  `secret` varchar(255) DEFAULT NULL COMMENT '谷歌密钥',
  `unionid` varchar(128) DEFAULT NULL COMMENT '微信unionid',
  `openid` varchar(128) DEFAULT NULL COMMENT '微信openid',
  `avatar` varchar(255) DEFAULT NULL COMMENT '头像',
  `mobile` varchar(128) DEFAULT NULL COMMENT '电话',
  `email` varchar(128) DEFAULT NULL COMMENT '邮箱',
  `desc` varchar(255) DEFAULT NULL COMMENT '描述',
  `attach` varchar(512) DEFAULT NULL COMMENT '附件',
  `invite_code` varchar(6) DEFAULT NULL COMMENT '邀请码',
  `login_ip` varchar(32) DEFAULT NULL COMMENT '登录IP',
  `login_at` datetime DEFAULT NULL COMMENT '登录时间',
  `updated_at` datetime DEFAULT NULL COMMENT '更新时间',
  `created_at` datetime DEFAULT NULL COMMENT '创建时间',
  `birthady` datetime DEFAULT NULL COMMENT '用户日生',
  `health` bigint DEFAULT NULL COMMENT '生命值',
  `nickname` varchar(128) DEFAULT NULL COMMENT '昵称',
  `member_id` bigint DEFAULT NULL COMMENT '商户编号-&gt;std_member.id',
  `token` varchar(255) DEFAULT NULL COMMENT '用户token',
  `parent_id` bigint DEFAULT '0',
  `channel_id` bigint DEFAULT '0',
  `round_id` bigint DEFAULT '0',
  PRIMARY KEY (`id`)
) ENGINE=InnoDB AUTO_INCREMENT=71 DEFAULT CHARSET=utf8mb4 COLLATE=utf8mb4_0900_ai_ci;
/*!40101 SET character_set_client = @saved_cs_client */;

--
-- Dumping data for table `std_user`
--

LOCK TABLES `std_user` WRITE;
/*!40000 ALTER TABLE `std_user` DISABLE KEYS */;
INSERT INTO `std_user` VALUES (1,1,NULL,NULL,NULL,NULL,1,NULL,NULL,2,1,'admin','e10adc3949ba59abbe56e057f20f883e','FPXI5HSB6Q7FIQVKW4XC4R7IF6XS32HV',NULL,NULL,NULL,NULL,NULL,NULL,NULL,NULL,'43.239.85.166','2022-08-03 11:30:29','2022-08-03 11:30:29',NULL,NULL,NULL,NULL,NULL,'4feb4059b284e21a00e8c05ff9d94812',0,0,0),(14,4,NULL,NULL,NULL,NULL,1,20,NULL,2,1,'ks-test','e10adc3949ba59abbe56e057f20f883e','TBG3DMD2WRT44HPK5TZH35KSZEJ54MCG','cf24c8aaf066e96bd30ac66973942e5e',NULL,NULL,NULL,NULL,NULL,NULL,'429783','192.168.3.6','2022-04-18 21:41:42','2022-07-01 22:30:07','2021-03-26 22:53:14',NULL,NULL,NULL,NULL,'4feb4059b284e21a00e8c05ff9d94812',67,0,0),(20,3,NULL,NULL,NULL,NULL,1,0,NULL,2,1,'sh-test','e10adc3949ba59abbe56e057f20f883e','KNBKOEPWCR72VJXVKQUSLIZ2ENNTXACY',NULL,NULL,NULL,NULL,NULL,NULL,NULL,'218997','192.168.3.6','2022-04-07 19:50:05','2022-04-07 19:50:05','2021-03-27 09:29:16',NULL,NULL,NULL,NULL,'4feb4059b284e21a00e8c05ff9d94812',0,0,0),(25,2,NULL,NULL,NULL,NULL,1,NULL,NULL,2,1,'test','e10adc3949ba59abbe56e057f20f883e',NULL,NULL,NULL,NULL,NULL,NULL,NULL,NULL,'517805','192.168.3.6','2021-10-18 09:46:34','2021-12-10 13:12:21','2021-04-06 10:37:16',NULL,NULL,NULL,NULL,'4feb4059b284e21a00e8c05ff9d94812',0,0,0),(28,1,NULL,NULL,NULL,NULL,1,NULL,NULL,2,1,'root','e10adc3949ba59abbe56e057f20f883e',NULL,NULL,NULL,NULL,NULL,NULL,NULL,NULL,'844567','171.214.247.38','2022-08-06 21:22:26','2022-08-06 21:22:26','2021-04-09 18:03:47',NULL,NULL,NULL,NULL,'4feb4059b284e21a00e8c05ff9d94812',0,0,0),(46,2,NULL,NULL,NULL,NULL,1,NULL,NULL,2,1,'1212121212','8ce87b8ec346ff4c80635f667d1592ae',NULL,NULL,NULL,NULL,NULL,NULL,NULL,NULL,'907791',NULL,NULL,'2021-12-10 13:12:21','2021-10-19 10:20:13',NULL,NULL,NULL,NULL,NULL,0,0,0),(68,4,NULL,NULL,NULL,NULL,1,NULL,NULL,2,2,'TVi4CcKgALd6evZ9Gjzt4mLGJVaaG8kvby','e10adc3949ba59abbe56e057f20f883e',NULL,NULL,NULL,NULL,NULL,NULL,NULL,NULL,'99044',NULL,NULL,'2022-07-01 22:29:59','2022-06-30 23:20:15',NULL,NULL,NULL,NULL,NULL,80,10037,0),(69,4,NULL,NULL,NULL,NULL,1,NULL,NULL,2,2,'TXM5F8Z9ajBzwcBtJYzUeJU8aAgdk22222','e10adc3949ba59abbe56e057f20f883e',NULL,NULL,NULL,NULL,NULL,NULL,NULL,NULL,'226243','58.59.57.158','2022-08-06 21:17:50','2022-08-06 21:17:50','2022-08-03 11:29:07',NULL,NULL,NULL,NULL,'4feb4059b284e21a00e8c05ff9d94812',80,0,0),(70,4,NULL,NULL,NULL,NULL,1,NULL,NULL,2,2,'1234567890','1b80b1fdf7a4fa060249b6509802f94e',NULL,NULL,NULL,NULL,NULL,NULL,NULL,NULL,'780297','58.59.57.158','2022-08-06 21:06:00','2022-08-06 21:06:00','2022-08-04 10:24:54',NULL,NULL,NULL,NULL,'041f2c0f1e7183b99a8195f578f9375a',80,0,0);
/*!40000 ALTER TABLE `std_user` ENABLE KEYS */;
UNLOCK TABLES;

--
-- Table structure for table `std_user_balance`
--

DROP TABLE IF EXISTS `std_user_balance`;
/*!40101 SET @saved_cs_client     = @@character_set_client */;
/*!50503 SET character_set_client = utf8mb4 */;
CREATE TABLE `std_user_balance` (
  `id` bigint NOT NULL AUTO_INCREMENT COMMENT '编号',
  `user_id` bigint DEFAULT '0' COMMENT '用户编号-&gt;std_user.id',
  `balance` decimal(18,6) DEFAULT '0.000000' COMMENT '余额',
  `frozen` decimal(18,6) DEFAULT '0.000000' COMMENT '冻结金额',
  `credit` decimal(18,6) DEFAULT '0.000000' COMMENT '额度',
  `updated_at` datetime DEFAULT NULL COMMENT '更新时间',
  `created_at` datetime DEFAULT NULL COMMENT '创建时间',
  PRIMARY KEY (`id`)
) ENGINE=InnoDB AUTO_INCREMENT=63 DEFAULT CHARSET=utf8mb4 COLLATE=utf8mb4_0900_ai_ci;
/*!40101 SET character_set_client = @saved_cs_client */;

--
-- Dumping data for table `std_user_balance`
--

LOCK TABLES `std_user_balance` WRITE;
/*!40000 ALTER TABLE `std_user_balance` DISABLE KEYS */;
INSERT INTO `std_user_balance` VALUES (1,1,10001.000000,200.000000,0.000000,'2021-04-15 22:49:59',NULL),(6,14,995697.016000,810.000000,155.716000,'2022-06-17 18:28:22','2021-03-26 22:53:14'),(12,20,1000759.000000,0.000000,0.000000,'2022-06-14 23:12:48','2021-03-27 09:29:16'),(17,25,10001.000000,0.000000,0.000000,'2021-10-18 09:45:09','2021-04-06 10:37:16'),(20,28,10001.000000,0.000000,0.000000,'2021-04-09 18:03:47','2021-04-09 18:03:47'),(38,46,10001.000000,0.000000,0.000000,'2021-10-19 10:20:13','2021-10-19 10:20:13'),(55,63,0.000000,0.000000,0.000000,'2022-01-25 15:37:01','2022-01-25 15:37:01'),(60,68,0.000000,0.000000,0.000000,'2022-06-30 23:20:16','2022-06-30 23:20:16'),(61,69,0.000000,0.000000,0.000000,'2022-08-03 11:29:07','2022-08-03 11:29:07'),(62,70,0.000000,0.000000,0.000000,'2022-08-04 10:24:54','2022-08-04 10:24:54');
/*!40000 ALTER TABLE `std_user_balance` ENABLE KEYS */;
UNLOCK TABLES;

--
-- Table structure for table `std_version`
--

DROP TABLE IF EXISTS `std_version`;
/*!40101 SET @saved_cs_client     = @@character_set_client */;
/*!50503 SET character_set_client = utf8mb4 */;
CREATE TABLE `std_version` (
  `id` bigint NOT NULL AUTO_INCREMENT COMMENT 'id',
  `url` varchar(255) DEFAULT NULL COMMENT '下载地址',
  `title` varchar(255) DEFAULT NULL COMMENT '标题',
  `number` varchar(128) DEFAULT NULL COMMENT '版本号',
  `updated_at` datetime DEFAULT NULL COMMENT '更新时间',
  `created_at` datetime DEFAULT NULL COMMENT '建创时间',
  PRIMARY KEY (`id`)
) ENGINE=InnoDB AUTO_INCREMENT=2 DEFAULT CHARSET=utf8mb4 COLLATE=utf8mb4_0900_ai_ci;
/*!40101 SET character_set_client = @saved_cs_client */;

--
-- Dumping data for table `std_version`
--

LOCK TABLES `std_version` WRITE;
/*!40000 ALTER TABLE `std_version` DISABLE KEYS */;
INSERT INTO `std_version` VALUES (1,NULL,'Apk-1.0.5','1.0.5','2021-04-25 11:16:54',NULL);
/*!40000 ALTER TABLE `std_version` ENABLE KEYS */;
UNLOCK TABLES;

--
-- Table structure for table `std_withdrawal`
--

DROP TABLE IF EXISTS `std_withdrawal`;
/*!40101 SET @saved_cs_client     = @@character_set_client */;
/*!50503 SET character_set_client = utf8mb4 */;
CREATE TABLE `std_withdrawal` (
  `id` bigint NOT NULL AUTO_INCREMENT COMMENT '编号',
  `user_id` bigint DEFAULT '0' COMMENT '用户编号-&gt;std_user.id',
  `status` bigint DEFAULT '0' COMMENT '状态',
  `upload` varchar(255) DEFAULT NULL COMMENT '凭证地址',
  `bank_id` bigint DEFAULT '0' COMMENT '银行卡编号-&gt;std_bank_card.id',
  `amount` decimal(10,2) DEFAULT '0.00' COMMENT '金额',
  `bill_id` bigint DEFAULT '0' COMMENT '账单编号-&gt;std_biil.id',
  `updated_at` datetime DEFAULT NULL COMMENT '更新时间',
  `created_at` datetime DEFAULT NULL COMMENT '建创时间',
  `auth_id` bigint DEFAULT '0' COMMENT '审核者编号-&gt;std_user.id',
  `usdt` decimal(10,5) DEFAULT NULL,
  `rate` decimal(10,5) DEFAULT NULL,
  PRIMARY KEY (`id`)
) ENGINE=InnoDB AUTO_INCREMENT=18 DEFAULT CHARSET=utf8mb4 COLLATE=utf8mb4_0900_ai_ci;
/*!40101 SET character_set_client = @saved_cs_client */;

--
-- Dumping data for table `std_withdrawal`
--

LOCK TABLES `std_withdrawal` WRITE;
/*!40000 ALTER TABLE `std_withdrawal` DISABLE KEYS */;
INSERT INTO `std_withdrawal` VALUES (13,20,2,'234asdfasf',0,4500.00,0,'2021-08-28 12:31:59','2021-08-28 12:27:29',0,1000.00000,4.50000),(14,20,1,'asdfasdfasdf',0,4500.00,0,'2021-08-28 12:33:05','2021-08-28 12:32:49',0,1000.00000,4.50000),(15,20,3,'sdfasdfadf',0,900.00,0,'2021-08-28 12:48:51','2021-08-28 12:48:51',0,200.00000,4.50000),(16,39,3,'wwwwww',0,645.00,0,'2021-08-29 21:09:56','2021-08-29 21:09:56',0,100.00000,6.45000),(17,39,3,'TTsssseeee',0,322.00,0,'2021-08-30 14:53:21','2021-08-30 14:53:21',0,50.00000,6.44000);
/*!40000 ALTER TABLE `std_withdrawal` ENABLE KEYS */;
UNLOCK TABLES;
/*!40103 SET TIME_ZONE=@OLD_TIME_ZONE */;

/*!40101 SET SQL_MODE=@OLD_SQL_MODE */;
/*!40014 SET FOREIGN_KEY_CHECKS=@OLD_FOREIGN_KEY_CHECKS */;
/*!40014 SET UNIQUE_CHECKS=@OLD_UNIQUE_CHECKS */;
/*!40101 SET CHARACTER_SET_CLIENT=@OLD_CHARACTER_SET_CLIENT */;
/*!40101 SET CHARACTER_SET_RESULTS=@OLD_CHARACTER_SET_RESULTS */;
/*!40101 SET COLLATION_CONNECTION=@OLD_COLLATION_CONNECTION */;
/*!40111 SET SQL_NOTES=@OLD_SQL_NOTES */;

-- Dump completed on 2022-08-06 23:14:33
