-- MySQL dump 10.13  Distrib 8.0.21, for Linux (x86_64)
--
-- Host: localhost    Database: sun
-- ------------------------------------------------------
-- Server version	8.0.21

/*!40101 SET @OLD_CHARACTER_SET_CLIENT=@@CHARACTER_SET_CLIENT */;
/*!40101 SET @OLD_CHARACTER_SET_RESULTS=@@CHARACTER_SET_RESULTS */;
/*!40101 SET @OLD_COLLATION_CONNECTION=@@COLLATION_CONNECTION */;
/*!50503 SET NAMES utf8mb4 */;
/*!40103 SET @OLD_TIME_ZONE=@@TIME_ZONE */;
/*!40103 SET TIME_ZONE='+00:00' */;
/*!40014 SET @OLD_UNIQUE_CHECKS=@@UNIQUE_CHECKS, UNIQUE_CHECKS=0 */;
/*!40014 SET @OLD_FOREIGN_KEY_CHECKS=@@FOREIGN_KEY_CHECKS, FOREIGN_KEY_CHECKS=0 */;
/*!40101 SET @OLD_SQL_MODE=@@SQL_MODE, SQL_MODE='NO_AUTO_VALUE_ON_ZERO' */;
/*!40111 SET @OLD_SQL_NOTES=@@SQL_NOTES, SQL_NOTES=0 */;

--
-- Table structure for table `admin_menu`
--

DROP TABLE IF EXISTS `admin_menu`;
/*!40101 SET @saved_cs_client     = @@character_set_client */;
/*!50503 SET character_set_client = utf8mb4 */;
CREATE TABLE `admin_menu` (
  `id` bigint NOT NULL AUTO_INCREMENT COMMENT '编号',
  `status` bigint DEFAULT NULL COMMENT '状态',
  `type` bigint DEFAULT NULL COMMENT '类型',
  `order_id` bigint DEFAULT NULL COMMENT '排序id',
  `target` bigint DEFAULT NULL COMMENT '打开方式',
  `parent_id` bigint DEFAULT NULL COMMENT '上级ID',
  `is_navi` bigint DEFAULT NULL COMMENT '导航',
  `show` bigint DEFAULT NULL COMMENT '显示',
  `path` varchar(255) DEFAULT NULL COMMENT '请求路径',
  `name` varchar(128) DEFAULT NULL COMMENT '菜单名称',
  `icon` varchar(255) DEFAULT NULL COMMENT '菜单图标',
  `desc` varchar(255) DEFAULT NULL COMMENT '描述',
  `args` varchar(255) DEFAULT NULL COMMENT '参数',
  `updated_at` datetime DEFAULT NULL COMMENT '更新时间',
  `created_at` datetime DEFAULT NULL COMMENT '创建时间',
  PRIMARY KEY (`id`)
) ENGINE=InnoDB AUTO_INCREMENT=131 DEFAULT CHARSET=utf8mb4 COLLATE=utf8mb4_0900_ai_ci;
/*!40101 SET character_set_client = @saved_cs_client */;

--
-- Dumping data for table `admin_menu`
--

LOCK TABLES `admin_menu` WRITE;
/*!40000 ALTER TABLE `admin_menu` DISABLE KEYS */;
INSERT INTO `admin_menu` VALUES (1,1,0,1,2,0,1,2,'/index','首页','shouye','desc','','2021-03-25 09:07:45','2021-03-25 08:58:37'),(2,1,0,2,1,0,1,1,'/member','会员','CPhezuo','desc','','2021-03-25 09:04:14','2021-03-25 08:58:58'),(4,1,0,4,1,0,1,2,'/order','订单','yemianliu','desc','','2021-03-25 09:10:17','2021-03-25 09:01:09'),(5,1,0,5,1,0,1,1,'/finance','财务','jinbi','','','2021-03-25 09:02:35','2021-03-25 09:02:35'),(6,1,0,6,1,0,1,1,'/sf','收付','fuwuguanli','','','2021-03-25 09:02:59','2021-03-25 09:02:59'),(7,1,0,7,1,0,1,1,'/setting','设置','kongzhizhongxin','','','2021-03-25 09:03:26','2021-03-25 09:03:26'),(8,1,0,1,1,2,1,1,'/member/index','会员首页','qunzu','desc','','2021-03-25 09:13:16','2021-03-25 09:13:05'),(10,1,0,1,1,7,1,1,'/setting/index','设置首页','shouye_o','','','2021-03-25 20:49:15','2021-03-25 20:49:15'),(11,1,0,2,1,7,1,1,'/setting/auth','权限管理','RectangleCopy173','','','2021-03-25 21:38:47','2021-03-25 20:50:10'),(12,1,0,1,1,1,0,1,'、','公共权限','','','','2021-03-25 20:53:34','2021-03-25 20:53:34'),(13,1,0,1,1,12,0,1,'/dev/user/menu','用户菜单获取','','','','2021-03-25 20:54:26','2021-03-25 20:54:26'),(14,1,0,1,1,11,1,1,'/setting/auth/group','角色管理','qunzu_o','平台角色管理','','2021-03-25 20:59:47','2021-03-25 20:59:47'),(15,1,0,2,1,11,1,1,'/setting/auth/menu','菜单配置','RectangleCopy51','系统菜单配置','','2021-03-25 21:01:25','2021-03-25 21:01:25'),(16,1,0,3,1,11,1,1,'/setting/auth/rule','权限配置','RectangleCopy176','分配访问权限','','2021-03-25 21:46:03','2021-03-25 21:02:05'),(17,1,0,1,1,15,0,1,'/dev/menu/fetch','菜单读取','','','','2021-03-25 21:04:10','2021-03-25 21:04:10'),(18,1,0,2,1,15,0,1,'/dev/menu/delete','删除菜单','','','','2021-03-25 21:04:33','2021-03-25 21:04:33'),(19,1,0,3,1,15,0,1,'/dev/menu/post','菜单修改','','','','2021-03-25 21:05:02','2021-03-25 21:05:02'),(20,1,0,4,1,15,0,1,'/dev/menu/order','顺序设置','','','','2021-03-25 21:05:36','2021-03-25 21:05:36'),(21,1,0,50,1,14,0,1,'/dev/role/fetch','角色读取','','','','2021-03-25 21:28:26','2021-03-25 21:28:26'),(22,1,0,50,1,14,0,1,'/dev/role/post','角色修改','','','','2021-03-25 21:28:44','2021-03-25 21:28:44'),(23,1,0,50,1,14,0,1,'/dev/role/menu','角色菜单','','','','2021-03-25 21:33:04','2021-03-25 21:33:04'),(24,1,0,50,1,12,0,1,'/dev/analysis/summary','数据汇总','','','','2021-03-26 09:20:21','2021-03-26 09:20:21'),(25,1,0,50,1,15,0,1,'/dev/role/grant','菜订授权','','','','2021-03-26 09:22:43','2021-03-26 09:22:43'),(26,1,0,50,1,12,0,1,'/dev/user/stat','用户金额信息','','','','2021-03-26 09:51:02','2021-03-26 09:51:02'),(27,1,0,2,1,2,1,1,'/member/user','账号管理','CPhezuo_o','商户账号信息维护','','2021-03-26 09:59:50','2021-03-26 09:58:03'),(28,1,0,1,1,27,1,1,'/member/biz','商户账号','jingliren','商户账号维护','','2021-03-27 09:02:10','2021-03-26 10:00:43'),(29,1,0,3,1,27,1,1,'/member/client','卡商账号','guanliyuanrenzheng','卡商账号管理','','2021-03-26 10:15:13','2021-03-26 10:03:58'),(31,1,0,50,1,29,0,1,'/dev/user/post','账号创建','','','','2021-03-26 10:45:56','2021-03-26 10:45:56'),(32,1,0,50,1,29,0,1,'/dev/user/fetch','账号读取','','','','2021-03-26 10:46:50','2021-03-26 10:46:50'),(33,1,0,50,1,29,0,1,'/dev/user/delete','账号删除','','','','2021-03-26 11:32:20','2021-03-26 11:32:20'),(34,1,0,50,1,29,0,1,'/dev/user/status','状修设置','','','','2021-03-26 12:51:54','2021-03-26 12:51:54'),(35,1,0,50,1,29,0,1,'/dev/user/member','商户修改','','','','2021-03-27 19:18:51','2021-03-27 19:18:51'),(36,1,0,1,1,6,1,1,'/sf/index','收付首页','fuwuguanli','','','2021-03-27 20:44:26','2021-03-27 20:44:26'),(37,1,0,2,1,6,1,1,'/sf/','收付管理','fuwuguanli','','','2021-03-27 20:47:19','2021-03-27 20:44:58'),(39,1,0,4,1,37,1,1,'/sf/bank','银行列表','dunpaibaoxianrenzheng','全局银行列表维护','','2021-08-04 11:21:37','2021-03-27 20:46:30'),(40,1,0,2,1,37,1,1,'/sf/mybank','充值提现','fuwuguanli','用于充值/提现','','2021-08-04 11:21:21','2021-03-27 20:48:07'),(41,1,0,3,1,37,1,1,'/sf/channel','通道管理','jiazai_shuaxin','通道管理/状态控制','','2021-08-04 11:21:32','2021-03-27 20:49:06'),(43,1,0,50,1,39,0,1,'/dev/bank/post','银行管理','','','','2021-03-27 21:18:42','2021-03-27 21:18:42'),(44,1,0,50,1,39,0,1,'/dev/bank/delete','银行删除','','','','2021-03-27 21:19:57','2021-03-27 21:19:05'),(45,1,0,50,1,39,0,1,'/dev/bank/fetch','银行读取','','','','2021-03-27 21:19:45','2021-03-27 21:19:45'),(46,1,0,50,1,39,0,1,'/dev/bank/status','修改状态','','','','2021-03-27 21:20:25','2021-03-27 21:20:25'),(47,1,0,50,1,41,0,1,'/dev/channel/post','数据维护','','','','2021-03-27 21:48:30','2021-03-27 21:48:30'),(48,1,0,50,1,41,0,1,'/dev/channel/fetch','数据读取','','','','2021-03-27 21:48:53','2021-03-27 21:48:53'),(49,1,0,50,1,41,0,1,'/dev/channel/delete','数据删除','','','','2021-03-27 21:49:05','2021-03-27 21:49:05'),(50,1,0,50,1,41,0,1,'/dev/channel/status','状态修改','','','','2021-03-27 21:49:19','2021-03-27 21:49:19'),(51,1,0,1,1,4,0,1,'/order/index','订单首页','shouye_o','','','2021-03-27 22:45:39','2021-03-27 22:45:28'),(53,1,0,2,1,4,1,1,'/order/admin','订单管理','yemianliu_o','收付订单列表','','2021-03-27 22:47:30','2021-03-27 22:47:30'),(54,1,0,1,1,53,1,1,'/order/list','代付订单','yemianliu_o','代付订单列表','','2021-03-27 22:48:50','2021-03-27 22:48:50'),(55,1,0,2,1,53,1,1,'/order/bank','代收订单','gerenxinxi','代收订单列表','','2021-03-27 22:50:05','2021-03-27 22:50:05'),(56,1,0,50,1,40,0,1,'/dev/card/post','数据维护','','','','2021-03-28 08:29:03','2021-03-28 08:29:03'),(57,1,0,50,1,40,0,1,'/dev/card/fetch','数据读取','','','','2021-03-28 08:29:28','2021-03-28 08:29:28'),(58,1,0,50,1,40,0,1,'/dev/card/delete','数据删除','','','','2021-03-28 08:29:37','2021-03-28 08:29:37'),(59,1,0,50,1,40,0,1,'/dev/card/status','状态修改','','','','2021-03-28 08:29:51','2021-03-28 08:29:51'),(60,1,0,1,1,37,1,1,'/sf/serve','卡片管理','fuwuxunhuanguanli','用于代付/代收业务','','2021-08-04 11:20:46','2021-03-28 09:55:02'),(61,1,0,50,1,42,0,1,'/dev/device/post','数据维护','','','','2021-03-28 19:56:58','2021-03-28 19:56:58'),(62,1,0,50,1,42,0,1,'/dev/device/fetch','数据读取','','','','2021-03-28 19:57:23','2021-03-28 19:57:23'),(63,1,0,50,1,42,0,1,'/dev/device/delete','数据删除','','','','2021-03-28 19:57:33','2021-03-28 19:57:33'),(64,1,0,50,1,42,0,1,'/dev/device/status','状态修改','','','','2021-03-28 19:57:46','2021-03-28 19:57:46'),(65,1,0,3,1,7,1,1,'/setting','系统维护','shu','','','2021-03-29 08:18:21','2021-03-29 08:18:21'),(66,1,0,1,1,65,1,1,'/setting/version','版本管理','yingyongAPP_o','APP版本维护','','2021-03-29 08:19:39','2021-03-29 08:18:53'),(67,1,0,50,1,65,1,1,'/setting/action','操作日志','baocun','操作日志记录','','2021-03-29 08:19:28','2021-03-29 08:19:28'),(68,1,0,1,1,5,1,1,'/finance/index','财务首页','shouye_o','','','2021-03-29 09:08:29','2021-03-29 09:08:29'),(69,1,0,2,1,5,1,1,'/finance/navi','快捷向导','ding_o','','','2021-03-29 09:09:01','2021-03-29 09:09:01'),(70,1,0,1,1,69,1,1,'/finance/recharge','充值申请','jiekuan_o','充值申请/结果查询','','2021-03-29 09:10:50','2021-03-29 09:10:29'),(71,1,0,2,1,69,1,1,'/finance/withdrawal','提现申请','cunkuan_o','提现审批/拒绝/查询','','2021-03-29 09:18:32','2021-03-29 09:11:34'),(72,1,0,3,1,69,1,1,'/finance/transaction','账户流水','huobiliu_o','交易流水查询','','2021-03-29 09:12:41','2021-03-29 09:12:41'),(73,1,0,50,1,29,0,1,'/dev/chain/post','商户通道','','','','2021-03-30 14:54:23','2021-03-30 14:54:23'),(74,1,0,50,1,70,0,1,'/dev/recharge/post','数据维护','','','','2021-03-31 09:24:46','2021-03-31 09:24:46'),(75,1,0,50,1,70,0,1,'/dev/recharge/fetch','数据读取','','','','2021-03-31 09:25:18','2021-03-31 09:25:18'),(76,1,0,50,1,70,0,1,'/dev/recharge/delete','数据删除','','','','2021-04-01 09:40:00','2021-03-31 09:25:34'),(77,1,0,50,1,70,0,1,'/dev/recharge/status','状态修改','','','','2021-03-31 09:25:48','2021-03-31 09:25:48'),(78,1,0,50,1,71,0,1,'/dev/withdrawal/post','数据维护','','','','2021-04-01 09:38:09','2021-04-01 09:38:09'),(79,1,0,50,1,71,0,1,'/dev/withdrawal/fetch','数据读取','','','','2021-04-01 09:38:30','2021-04-01 09:38:30'),(80,1,0,50,1,71,0,1,'/dev/withdrawal/delete','数据删除','','','','2021-04-01 09:40:30','2021-04-01 09:38:38'),(81,1,0,50,1,71,0,1,'/dev/withdrawal/status','状态修改','','','','2021-04-01 09:39:00','2021-04-01 09:39:00'),(82,1,0,50,1,72,0,1,'/dev/balance/fetch','数据读取','','','','2021-04-01 10:39:02','2021-04-01 10:39:02'),(83,1,0,50,1,12,0,1,'/dev/user/goauth','谷歌绑定','','','','2021-04-01 12:24:32','2021-04-01 12:24:32'),(84,1,0,50,1,12,0,1,'/dev/user/modifypwd','修改密码','','','','2021-04-01 13:21:43','2021-04-01 13:20:53'),(85,1,0,50,1,12,0,1,'/dev/user/reset','用户重置','','','','2021-04-01 13:34:58','2021-04-01 13:34:58'),(86,1,0,50,1,60,0,1,'/dev/card/bind','卡片绑定','','','','2021-04-01 21:03:56','2021-04-01 21:03:56'),(87,1,0,50,1,53,0,1,'/dev/order/','公有权限','','','','2021-04-02 09:30:17','2021-04-02 09:29:57'),(88,1,0,50,1,87,0,1,'/dev/order/fetch','读取','','','','2021-04-02 09:30:36','2021-04-02 09:30:36'),(89,1,0,50,1,87,0,1,'/dev/order/post','下单','','','','2021-09-10 16:50:03','2021-04-02 10:07:31'),(90,1,0,50,1,94,0,1,'/dev/order/finish','确认收款','','','','2021-09-10 16:49:07','2021-04-03 09:29:27'),(91,1,0,50,1,94,0,1,'/dev/order/fail','付款失败','','','','2021-09-10 16:49:30','2021-04-03 12:25:01'),(92,1,0,50,1,40,0,1,'/dev/bank/fetch','银行列表','','','','2021-04-04 15:12:01','2021-04-04 15:11:06'),(93,1,0,50,1,27,1,1,'/member/admin','管理员账号','gerentouxiang','管理员账号维护','','2021-04-06 10:33:48','2021-04-06 10:31:39'),(94,1,0,50,1,53,0,1,'/dev/order/fresh','私有权限','','','','2021-04-07 11:18:23','2021-04-07 11:17:24'),(95,1,0,50,1,29,0,1,'/dev/agent/limit','费率限制','','','','2021-04-09 12:54:14','2021-04-09 12:54:14'),(96,1,0,50,1,29,0,1,'/dev/agent/post','费率设置','','','','2021-04-09 14:30:11','2021-04-09 14:30:11'),(97,1,0,50,1,55,0,1,'/dev/order/pay','手动下单','','','','2021-04-10 09:18:40','2021-04-10 09:18:40'),(98,1,0,50,1,28,0,1,'/dev/user/post','商户创建','','','','2021-04-10 14:58:18','2021-04-10 14:58:18'),(99,1,0,50,1,28,0,1,'/dev/user/fetch','商户读取','','','','2021-04-10 14:58:50','2021-04-10 14:58:50'),(100,1,0,50,1,28,0,1,'/dev/channel/fetch','通道读取','','','','2021-04-10 15:01:02','2021-04-10 15:01:02'),(101,1,0,50,1,28,0,1,'/dev/user/member','会员维护','','','','2021-04-10 16:50:53','2021-04-10 16:50:53'),(102,1,0,50,1,28,0,1,'/dev/agent/fetch','代理费率读取','','','','2021-04-10 17:09:03','2021-04-10 17:09:03'),(103,1,0,50,1,28,0,1,'/dev/chain/post','费率设置','','','','2021-04-10 17:59:43','2021-04-10 17:59:43'),(104,1,0,50,1,12,0,1,'/dev/order/read','消息读取','','','','2021-04-12 17:05:38','2021-04-12 17:05:38'),(107,1,0,50,1,106,0,1,'/dev/alipay/post','数据维护','','','','2021-04-15 19:51:39','2021-04-15 19:09:19'),(108,1,0,50,1,106,0,1,'/dev/alipay/fetch','数据读取','','','','2021-04-15 19:51:46','2021-04-15 19:09:39'),(109,1,0,50,1,106,0,1,'/dev/alipay/delete','数据删除','','','','2021-04-15 19:51:51','2021-04-15 19:09:56'),(110,1,0,50,1,106,0,1,'/dev/alipay/status','状态修改','','','','2021-04-15 19:51:56','2021-04-15 19:10:08'),(111,1,0,50,1,105,0,1,'/dev/order/alipay','手动下单','','','','2021-04-15 21:17:22','2021-04-15 21:17:22'),(112,1,0,50,1,12,0,1,'/dev/order/out','数据导出','','','','2021-04-17 12:19:23','2021-04-17 12:19:23'),(113,1,0,50,1,12,0,1,'/dev/balance/out','流水导出','','','','2021-04-17 15:30:29','2021-04-17 15:30:29'),(114,1,0,50,1,66,0,1,'/dev/version/post','数据维护','','','','2021-04-25 10:59:47','2021-04-25 10:59:47'),(115,1,0,50,1,66,0,1,'/dev/version/fetch','数据读取','','','','2021-04-25 11:00:09','2021-04-25 11:00:09'),(116,1,0,50,1,67,0,1,'/dev/system/delete','清空日志','','','','2021-08-04 11:13:11','2021-08-04 11:13:11'),(117,1,0,50,1,67,0,1,'/dev/system/fetch','日志读取','','','','2021-08-04 11:14:03','2021-08-04 11:14:03'),(118,1,0,50,1,69,1,1,'/finance/stat','数据统计','chizi','卡商收入、成功率统计','','2021-08-26 10:51:15','2021-08-26 10:51:15'),(119,1,0,50,1,118,0,1,'/dev/analysis/stat','查询','','','','2021-08-26 10:51:36','2021-08-26 10:51:36'),(120,1,0,50,1,69,1,1,'/finance/card','卡片统计','jinbi','卡片收支统计','','2021-08-26 10:52:13','2021-08-26 10:52:13'),(121,1,0,50,1,120,0,1,'/dev/card/stat','卡片数据统计','','','','2021-08-26 10:52:33','2021-08-26 10:52:33'),(122,1,0,50,1,37,1,1,'/sf/qrcode','钱包地址','meiyuan','钱包地址','','2021-09-08 21:19:10','2021-09-08 21:19:10'),(123,1,0,50,1,122,0,1,'/dev/alipay/fetch','数据读取','','','','2021-09-09 09:24:07','2021-09-09 09:24:07'),(124,1,0,50,1,122,0,1,'/dev/alipay/post','数据维护','','','','2021-09-09 09:24:45','2021-09-09 09:24:45'),(125,1,0,50,1,122,0,1,'/dev/alipay/delete','数据删除','','','','2021-09-09 09:24:59','2021-09-09 09:24:59'),(126,1,0,50,1,122,0,1,'/dev/alipay/status','状态修改','','','','2021-09-09 09:25:15','2021-09-09 09:25:15'),(127,1,0,50,1,53,1,1,'/order/usdt','USDT订单','meiyuan','USDT订单','','2021-09-10 10:41:31','2021-09-10 10:41:14'),(128,1,0,50,1,87,0,1,'/dev/order/alipay','usdt下单','','','','2021-09-11 08:45:35','2021-09-11 08:45:35'),(129,1,0,50,1,27,1,1,'/member/agent','代理账号','jingliren','代理账号列表','','2021-10-06 19:36:18','2021-10-06 19:35:45'),(130,1,0,50,1,94,0,1,'/dev/order/mod','修改金额','','','','2021-10-08 14:44:39','2021-10-08 14:44:39');
/*!40000 ALTER TABLE `admin_menu` ENABLE KEYS */;
UNLOCK TABLES;

--
-- Table structure for table `admin_role`
--

DROP TABLE IF EXISTS `admin_role`;
/*!40101 SET @saved_cs_client     = @@character_set_client */;
/*!50503 SET character_set_client = utf8mb4 */;
CREATE TABLE `admin_role` (
  `id` bigint NOT NULL AUTO_INCREMENT COMMENT 'id',
  `name` varchar(64) DEFAULT NULL COMMENT '名称',
  `icon` varchar(255) DEFAULT NULL COMMENT '图标',
  `desc` varchar(255) DEFAULT NULL COMMENT '描述',
  `status` bigint DEFAULT NULL COMMENT '状态',
  `updated_at` datetime DEFAULT NULL COMMENT '更新时间',
  `created_at` datetime DEFAULT NULL COMMENT '创建时间',
  PRIMARY KEY (`id`)
) ENGINE=InnoDB AUTO_INCREMENT=5 DEFAULT CHARSET=utf8mb4 COLLATE=utf8mb4_0900_ai_ci;
/*!40101 SET character_set_client = @saved_cs_client */;

--
-- Dumping data for table `admin_role`
--

LOCK TABLES `admin_role` WRITE;
/*!40000 ALTER TABLE `admin_role` DISABLE KEYS */;
INSERT INTO `admin_role` VALUES (1,'管理员',NULL,'拥有系统最高权限',1,'2021-03-25 08:54:41','2021-03-25 08:54:41'),(2,'代理',NULL,'可创建商户、卡商获取佣金',1,'2021-03-25 08:55:26','2021-03-25 08:55:26'),(3,'商户',NULL,'拥用手动、API下单权限',1,'2021-03-25 08:56:00','2021-03-25 08:56:00'),(4,'卡商',NULL,'收付卡号供应商',1,'2021-03-25 08:57:06','2021-03-25 08:56:41');
/*!40000 ALTER TABLE `admin_role` ENABLE KEYS */;
UNLOCK TABLES;

--
-- Table structure for table `admin_role_menu`
--

DROP TABLE IF EXISTS `admin_role_menu`;
/*!40101 SET @saved_cs_client     = @@character_set_client */;
/*!50503 SET character_set_client = utf8mb4 */;
CREATE TABLE `admin_role_menu` (
  `id` bigint NOT NULL AUTO_INCREMENT COMMENT '编号',
  `menu_id` bigint DEFAULT NULL COMMENT '菜单编号-&gt;std_menu.id',
  `role_id` bigint DEFAULT NULL COMMENT '角色编号-&gt;std_role.id',
  `updated_at` datetime DEFAULT NULL COMMENT '更新时间',
  `created_at` datetime DEFAULT NULL COMMENT '创建时间',
  PRIMARY KEY (`id`)
) ENGINE=InnoDB AUTO_INCREMENT=6050 DEFAULT CHARSET=utf8mb4 COLLATE=utf8mb4_0900_ai_ci;
/*!40101 SET character_set_client = @saved_cs_client */;

--
-- Dumping data for table `admin_role_menu`
--

LOCK TABLES `admin_role_menu` WRITE;
/*!40000 ALTER TABLE `admin_role_menu` DISABLE KEYS */;
INSERT INTO `admin_role_menu` VALUES (4597,1,4,'2021-04-17 15:32:14','2021-04-17 15:32:14'),(4598,12,4,'2021-04-17 15:32:14','2021-04-17 15:32:14'),(4599,13,4,'2021-04-17 15:32:14','2021-04-17 15:32:14'),(4600,24,4,'2021-04-17 15:32:14','2021-04-17 15:32:14'),(4601,26,4,'2021-04-17 15:32:14','2021-04-17 15:32:14'),(4602,83,4,'2021-04-17 15:32:14','2021-04-17 15:32:14'),(4603,84,4,'2021-04-17 15:32:14','2021-04-17 15:32:14'),(4604,85,4,'2021-04-17 15:32:14','2021-04-17 15:32:14'),(4605,104,4,'2021-04-17 15:32:14','2021-04-17 15:32:14'),(4606,112,4,'2021-04-17 15:32:14','2021-04-17 15:32:14'),(4607,113,4,'2021-04-17 15:32:14','2021-04-17 15:32:14'),(4608,8,4,'2021-04-17 15:32:14','2021-04-17 15:32:14'),(4609,28,4,'2021-04-17 15:32:14','2021-04-17 15:32:14'),(4610,98,4,'2021-04-17 15:32:14','2021-04-17 15:32:14'),(4611,99,4,'2021-04-17 15:32:14','2021-04-17 15:32:14'),(4612,100,4,'2021-04-17 15:32:14','2021-04-17 15:32:14'),(4613,101,4,'2021-04-17 15:32:14','2021-04-17 15:32:14'),(4614,102,4,'2021-04-17 15:32:14','2021-04-17 15:32:14'),(4615,103,4,'2021-04-17 15:32:14','2021-04-17 15:32:14'),(4616,4,4,'2021-04-17 15:32:14','2021-04-17 15:32:14'),(4617,51,4,'2021-04-17 15:32:14','2021-04-17 15:32:14'),(4618,53,4,'2021-04-17 15:32:14','2021-04-17 15:32:14'),(4619,54,4,'2021-04-17 15:32:14','2021-04-17 15:32:14'),(4620,55,4,'2021-04-17 15:32:14','2021-04-17 15:32:14'),(4621,97,4,'2021-04-17 15:32:14','2021-04-17 15:32:14'),(4622,105,4,'2021-04-17 15:32:14','2021-04-17 15:32:14'),(4623,111,4,'2021-04-17 15:32:14','2021-04-17 15:32:14'),(4624,87,4,'2021-04-17 15:32:14','2021-04-17 15:32:14'),(4625,88,4,'2021-04-17 15:32:14','2021-04-17 15:32:14'),(4626,89,4,'2021-04-17 15:32:14','2021-04-17 15:32:14'),(4627,90,4,'2021-04-17 15:32:14','2021-04-17 15:32:14'),(4628,91,4,'2021-04-17 15:32:14','2021-04-17 15:32:14'),(4629,94,4,'2021-04-17 15:32:14','2021-04-17 15:32:14'),(4630,5,4,'2021-04-17 15:32:14','2021-04-17 15:32:14'),(4631,68,4,'2021-04-17 15:32:14','2021-04-17 15:32:14'),(4632,69,4,'2021-04-17 15:32:14','2021-04-17 15:32:14'),(4633,70,4,'2021-04-17 15:32:14','2021-04-17 15:32:14'),(4634,74,4,'2021-04-17 15:32:14','2021-04-17 15:32:14'),(4635,75,4,'2021-04-17 15:32:14','2021-04-17 15:32:14'),(4636,76,4,'2021-04-17 15:32:14','2021-04-17 15:32:14'),(4637,77,4,'2021-04-17 15:32:14','2021-04-17 15:32:14'),(4638,71,4,'2021-04-17 15:32:14','2021-04-17 15:32:14'),(4639,78,4,'2021-04-17 15:32:14','2021-04-17 15:32:14'),(4640,79,4,'2021-04-17 15:32:14','2021-04-17 15:32:14'),(4641,80,4,'2021-04-17 15:32:14','2021-04-17 15:32:14'),(4642,81,4,'2021-04-17 15:32:14','2021-04-17 15:32:14'),(4643,72,4,'2021-04-17 15:32:14','2021-04-17 15:32:14'),(4644,82,4,'2021-04-17 15:32:14','2021-04-17 15:32:14'),(4645,36,4,'2021-04-17 15:32:14','2021-04-17 15:32:14'),(4646,37,4,'2021-04-17 15:32:14','2021-04-17 15:32:14'),(4647,40,4,'2021-04-17 15:32:14','2021-04-17 15:32:14'),(4648,56,4,'2021-04-17 15:32:14','2021-04-17 15:32:14'),(4649,57,4,'2021-04-17 15:32:14','2021-04-17 15:32:14'),(4650,58,4,'2021-04-17 15:32:14','2021-04-17 15:32:14'),(4651,59,4,'2021-04-17 15:32:14','2021-04-17 15:32:14'),(4652,92,4,'2021-04-17 15:32:14','2021-04-17 15:32:14'),(4653,60,4,'2021-04-17 15:32:14','2021-04-17 15:32:14'),(4654,86,4,'2021-04-17 15:32:14','2021-04-17 15:32:14'),(4655,42,4,'2021-04-17 15:32:14','2021-04-17 15:32:14'),(4656,61,4,'2021-04-17 15:32:14','2021-04-17 15:32:14'),(4657,62,4,'2021-04-17 15:32:14','2021-04-17 15:32:14'),(4658,63,4,'2021-04-17 15:32:14','2021-04-17 15:32:14'),(4659,64,4,'2021-04-17 15:32:14','2021-04-17 15:32:14'),(4660,106,4,'2021-04-17 15:32:14','2021-04-17 15:32:14'),(4661,107,4,'2021-04-17 15:32:14','2021-04-17 15:32:14'),(4662,108,4,'2021-04-17 15:32:14','2021-04-17 15:32:14'),(4663,109,4,'2021-04-17 15:32:14','2021-04-17 15:32:14'),(4664,110,4,'2021-04-17 15:32:14','2021-04-17 15:32:14'),(4665,2,4,'2021-04-17 15:32:14','2021-04-17 15:32:14'),(4666,27,4,'2021-04-17 15:32:14','2021-04-17 15:32:14'),(4667,6,4,'2021-04-17 15:32:14','2021-04-17 15:32:14'),(5768,1,3,'2021-09-11 08:46:03','2021-09-11 08:46:03'),(5769,12,3,'2021-09-11 08:46:03','2021-09-11 08:46:03'),(5770,13,3,'2021-09-11 08:46:03','2021-09-11 08:46:03'),(5771,24,3,'2021-09-11 08:46:03','2021-09-11 08:46:03'),(5772,26,3,'2021-09-11 08:46:03','2021-09-11 08:46:03'),(5773,83,3,'2021-09-11 08:46:03','2021-09-11 08:46:03'),(5774,84,3,'2021-09-11 08:46:03','2021-09-11 08:46:03'),(5775,85,3,'2021-09-11 08:46:03','2021-09-11 08:46:03'),(5776,104,3,'2021-09-11 08:46:03','2021-09-11 08:46:03'),(5777,112,3,'2021-09-11 08:46:03','2021-09-11 08:46:03'),(5778,113,3,'2021-09-11 08:46:03','2021-09-11 08:46:03'),(5779,51,3,'2021-09-11 08:46:03','2021-09-11 08:46:03'),(5780,54,3,'2021-09-11 08:46:03','2021-09-11 08:46:03'),(5781,55,3,'2021-09-11 08:46:03','2021-09-11 08:46:03'),(5782,97,3,'2021-09-11 08:46:03','2021-09-11 08:46:03'),(5783,87,3,'2021-09-11 08:46:03','2021-09-11 08:46:03'),(5784,88,3,'2021-09-11 08:46:03','2021-09-11 08:46:03'),(5785,89,3,'2021-09-11 08:46:03','2021-09-11 08:46:03'),(5786,128,3,'2021-09-11 08:46:03','2021-09-11 08:46:03'),(5787,127,3,'2021-09-11 08:46:03','2021-09-11 08:46:03'),(5788,68,3,'2021-09-11 08:46:03','2021-09-11 08:46:03'),(5789,71,3,'2021-09-11 08:46:03','2021-09-11 08:46:03'),(5790,78,3,'2021-09-11 08:46:03','2021-09-11 08:46:03'),(5791,79,3,'2021-09-11 08:46:03','2021-09-11 08:46:03'),(5792,80,3,'2021-09-11 08:46:03','2021-09-11 08:46:03'),(5793,81,3,'2021-09-11 08:46:03','2021-09-11 08:46:03'),(5794,72,3,'2021-09-11 08:46:03','2021-09-11 08:46:03'),(5795,82,3,'2021-09-11 08:46:03','2021-09-11 08:46:03'),(5796,4,3,'2021-09-11 08:46:03','2021-09-11 08:46:03'),(5797,53,3,'2021-09-11 08:46:03','2021-09-11 08:46:03'),(5798,5,3,'2021-09-11 08:46:03','2021-09-11 08:46:03'),(5799,69,3,'2021-09-11 08:46:03','2021-09-11 08:46:03'),(5912,1,2,'2021-10-06 19:42:02','2021-10-06 19:42:02'),(5913,12,2,'2021-10-06 19:42:02','2021-10-06 19:42:02'),(5914,13,2,'2021-10-06 19:42:02','2021-10-06 19:42:02'),(5915,24,2,'2021-10-06 19:42:02','2021-10-06 19:42:02'),(5916,26,2,'2021-10-06 19:42:02','2021-10-06 19:42:02'),(5917,83,2,'2021-10-06 19:42:02','2021-10-06 19:42:02'),(5918,84,2,'2021-10-06 19:42:02','2021-10-06 19:42:02'),(5919,85,2,'2021-10-06 19:42:02','2021-10-06 19:42:02'),(5920,104,2,'2021-10-06 19:42:02','2021-10-06 19:42:02'),(5921,112,2,'2021-10-06 19:42:02','2021-10-06 19:42:02'),(5922,113,2,'2021-10-06 19:42:02','2021-10-06 19:42:02'),(5923,28,2,'2021-10-06 19:42:02','2021-10-06 19:42:02'),(5924,98,2,'2021-10-06 19:42:02','2021-10-06 19:42:02'),(5925,99,2,'2021-10-06 19:42:02','2021-10-06 19:42:02'),(5926,100,2,'2021-10-06 19:42:02','2021-10-06 19:42:02'),(5927,101,2,'2021-10-06 19:42:02','2021-10-06 19:42:02'),(5928,102,2,'2021-10-06 19:42:02','2021-10-06 19:42:02'),(5929,103,2,'2021-10-06 19:42:02','2021-10-06 19:42:02'),(5930,68,2,'2021-10-06 19:42:02','2021-10-06 19:42:02'),(5931,72,2,'2021-10-06 19:42:02','2021-10-06 19:42:02'),(5932,82,2,'2021-10-06 19:42:02','2021-10-06 19:42:02'),(5933,2,2,'2021-10-06 19:42:02','2021-10-06 19:42:02'),(5934,27,2,'2021-10-06 19:42:02','2021-10-06 19:42:02'),(5935,5,2,'2021-10-06 19:42:02','2021-10-06 19:42:02'),(5936,69,2,'2021-10-06 19:42:02','2021-10-06 19:42:02'),(5937,1,1,'2021-10-08 14:44:52','2021-10-08 14:44:52'),(5938,12,1,'2021-10-08 14:44:52','2021-10-08 14:44:52'),(5939,13,1,'2021-10-08 14:44:52','2021-10-08 14:44:52'),(5940,24,1,'2021-10-08 14:44:52','2021-10-08 14:44:52'),(5941,26,1,'2021-10-08 14:44:52','2021-10-08 14:44:52'),(5942,83,1,'2021-10-08 14:44:52','2021-10-08 14:44:52'),(5943,84,1,'2021-10-08 14:44:52','2021-10-08 14:44:52'),(5944,85,1,'2021-10-08 14:44:52','2021-10-08 14:44:52'),(5945,104,1,'2021-10-08 14:44:52','2021-10-08 14:44:52'),(5946,112,1,'2021-10-08 14:44:52','2021-10-08 14:44:52'),(5947,113,1,'2021-10-08 14:44:52','2021-10-08 14:44:52'),(5948,2,1,'2021-10-08 14:44:52','2021-10-08 14:44:52'),(5949,8,1,'2021-10-08 14:44:52','2021-10-08 14:44:52'),(5950,27,1,'2021-10-08 14:44:52','2021-10-08 14:44:52'),(5951,28,1,'2021-10-08 14:44:52','2021-10-08 14:44:52'),(5952,98,1,'2021-10-08 14:44:52','2021-10-08 14:44:52'),(5953,99,1,'2021-10-08 14:44:52','2021-10-08 14:44:52'),(5954,100,1,'2021-10-08 14:44:52','2021-10-08 14:44:52'),(5955,101,1,'2021-10-08 14:44:52','2021-10-08 14:44:52'),(5956,102,1,'2021-10-08 14:44:52','2021-10-08 14:44:52'),(5957,103,1,'2021-10-08 14:44:52','2021-10-08 14:44:52'),(5958,29,1,'2021-10-08 14:44:52','2021-10-08 14:44:52'),(5959,31,1,'2021-10-08 14:44:52','2021-10-08 14:44:52'),(5960,32,1,'2021-10-08 14:44:52','2021-10-08 14:44:52'),(5961,33,1,'2021-10-08 14:44:52','2021-10-08 14:44:52'),(5962,34,1,'2021-10-08 14:44:52','2021-10-08 14:44:52'),(5963,35,1,'2021-10-08 14:44:52','2021-10-08 14:44:52'),(5964,73,1,'2021-10-08 14:44:52','2021-10-08 14:44:52'),(5965,95,1,'2021-10-08 14:44:52','2021-10-08 14:44:52'),(5966,96,1,'2021-10-08 14:44:52','2021-10-08 14:44:52'),(5967,93,1,'2021-10-08 14:44:52','2021-10-08 14:44:52'),(5968,129,1,'2021-10-08 14:44:52','2021-10-08 14:44:52'),(5969,4,1,'2021-10-08 14:44:52','2021-10-08 14:44:52'),(5970,51,1,'2021-10-08 14:44:52','2021-10-08 14:44:52'),(5971,53,1,'2021-10-08 14:44:52','2021-10-08 14:44:52'),(5972,54,1,'2021-10-08 14:44:52','2021-10-08 14:44:52'),(5973,55,1,'2021-10-08 14:44:52','2021-10-08 14:44:52'),(5974,97,1,'2021-10-08 14:44:52','2021-10-08 14:44:52'),(5975,87,1,'2021-10-08 14:44:52','2021-10-08 14:44:52'),(5976,88,1,'2021-10-08 14:44:52','2021-10-08 14:44:52'),(5977,89,1,'2021-10-08 14:44:52','2021-10-08 14:44:52'),(5978,128,1,'2021-10-08 14:44:52','2021-10-08 14:44:52'),(5979,94,1,'2021-10-08 14:44:52','2021-10-08 14:44:52'),(5980,90,1,'2021-10-08 14:44:52','2021-10-08 14:44:52'),(5981,91,1,'2021-10-08 14:44:52','2021-10-08 14:44:52'),(5982,130,1,'2021-10-08 14:44:52','2021-10-08 14:44:52'),(5983,127,1,'2021-10-08 14:44:52','2021-10-08 14:44:52'),(5984,5,1,'2021-10-08 14:44:52','2021-10-08 14:44:52'),(5985,68,1,'2021-10-08 14:44:52','2021-10-08 14:44:52'),(5986,69,1,'2021-10-08 14:44:52','2021-10-08 14:44:52'),(5987,70,1,'2021-10-08 14:44:52','2021-10-08 14:44:52'),(5988,74,1,'2021-10-08 14:44:52','2021-10-08 14:44:52'),(5989,75,1,'2021-10-08 14:44:52','2021-10-08 14:44:52'),(5990,76,1,'2021-10-08 14:44:52','2021-10-08 14:44:52'),(5991,77,1,'2021-10-08 14:44:52','2021-10-08 14:44:52'),(5992,71,1,'2021-10-08 14:44:52','2021-10-08 14:44:52'),(5993,78,1,'2021-10-08 14:44:52','2021-10-08 14:44:52'),(5994,79,1,'2021-10-08 14:44:52','2021-10-08 14:44:52'),(5995,80,1,'2021-10-08 14:44:52','2021-10-08 14:44:52'),(5996,81,1,'2021-10-08 14:44:52','2021-10-08 14:44:52'),(5997,72,1,'2021-10-08 14:44:52','2021-10-08 14:44:52'),(5998,82,1,'2021-10-08 14:44:52','2021-10-08 14:44:52'),(5999,118,1,'2021-10-08 14:44:52','2021-10-08 14:44:52'),(6000,119,1,'2021-10-08 14:44:52','2021-10-08 14:44:52'),(6001,120,1,'2021-10-08 14:44:52','2021-10-08 14:44:52'),(6002,121,1,'2021-10-08 14:44:52','2021-10-08 14:44:52'),(6003,6,1,'2021-10-08 14:44:52','2021-10-08 14:44:52'),(6004,36,1,'2021-10-08 14:44:52','2021-10-08 14:44:52'),(6005,37,1,'2021-10-08 14:44:52','2021-10-08 14:44:52'),(6006,60,1,'2021-10-08 14:44:52','2021-10-08 14:44:52'),(6007,86,1,'2021-10-08 14:44:52','2021-10-08 14:44:52'),(6008,40,1,'2021-10-08 14:44:52','2021-10-08 14:44:52'),(6009,56,1,'2021-10-08 14:44:52','2021-10-08 14:44:52'),(6010,57,1,'2021-10-08 14:44:52','2021-10-08 14:44:52'),(6011,58,1,'2021-10-08 14:44:52','2021-10-08 14:44:52'),(6012,59,1,'2021-10-08 14:44:52','2021-10-08 14:44:52'),(6013,92,1,'2021-10-08 14:44:52','2021-10-08 14:44:52'),(6014,41,1,'2021-10-08 14:44:52','2021-10-08 14:44:52'),(6015,47,1,'2021-10-08 14:44:52','2021-10-08 14:44:52'),(6016,48,1,'2021-10-08 14:44:52','2021-10-08 14:44:52'),(6017,49,1,'2021-10-08 14:44:52','2021-10-08 14:44:52'),(6018,50,1,'2021-10-08 14:44:52','2021-10-08 14:44:52'),(6019,39,1,'2021-10-08 14:44:52','2021-10-08 14:44:52'),(6020,43,1,'2021-10-08 14:44:52','2021-10-08 14:44:52'),(6021,44,1,'2021-10-08 14:44:52','2021-10-08 14:44:52'),(6022,45,1,'2021-10-08 14:44:52','2021-10-08 14:44:52'),(6023,46,1,'2021-10-08 14:44:52','2021-10-08 14:44:52'),(6024,122,1,'2021-10-08 14:44:52','2021-10-08 14:44:52'),(6025,123,1,'2021-10-08 14:44:52','2021-10-08 14:44:52'),(6026,124,1,'2021-10-08 14:44:52','2021-10-08 14:44:52'),(6027,125,1,'2021-10-08 14:44:52','2021-10-08 14:44:52'),(6028,126,1,'2021-10-08 14:44:52','2021-10-08 14:44:52'),(6029,7,1,'2021-10-08 14:44:52','2021-10-08 14:44:52'),(6030,10,1,'2021-10-08 14:44:52','2021-10-08 14:44:52'),(6031,11,1,'2021-10-08 14:44:52','2021-10-08 14:44:52'),(6032,14,1,'2021-10-08 14:44:52','2021-10-08 14:44:52'),(6033,21,1,'2021-10-08 14:44:52','2021-10-08 14:44:52'),(6034,22,1,'2021-10-08 14:44:52','2021-10-08 14:44:52'),(6035,23,1,'2021-10-08 14:44:52','2021-10-08 14:44:52'),(6036,15,1,'2021-10-08 14:44:52','2021-10-08 14:44:52'),(6037,17,1,'2021-10-08 14:44:52','2021-10-08 14:44:52'),(6038,18,1,'2021-10-08 14:44:52','2021-10-08 14:44:52'),(6039,19,1,'2021-10-08 14:44:52','2021-10-08 14:44:52'),(6040,20,1,'2021-10-08 14:44:52','2021-10-08 14:44:52'),(6041,25,1,'2021-10-08 14:44:52','2021-10-08 14:44:52'),(6042,16,1,'2021-10-08 14:44:52','2021-10-08 14:44:52'),(6043,65,1,'2021-10-08 14:44:52','2021-10-08 14:44:52'),(6044,66,1,'2021-10-08 14:44:52','2021-10-08 14:44:52'),(6045,114,1,'2021-10-08 14:44:52','2021-10-08 14:44:52'),(6046,115,1,'2021-10-08 14:44:52','2021-10-08 14:44:52'),(6047,67,1,'2021-10-08 14:44:52','2021-10-08 14:44:52'),(6048,116,1,'2021-10-08 14:44:52','2021-10-08 14:44:52'),(6049,117,1,'2021-10-08 14:44:52','2021-10-08 14:44:52');
/*!40000 ALTER TABLE `admin_role_menu` ENABLE KEYS */;
UNLOCK TABLES;

--
-- Table structure for table `std_agent`
--

DROP TABLE IF EXISTS `std_agent`;
/*!40101 SET @saved_cs_client     = @@character_set_client */;
/*!50503 SET character_set_client = utf8mb4 */;
CREATE TABLE `std_agent` (
  `id` bigint NOT NULL AUTO_INCREMENT COMMENT '编号',
  `channel_id` bigint DEFAULT '0' COMMENT '通道编号-&gt;std_channel.id',
  `owner_id` bigint DEFAULT '0' COMMENT '归属id',
  `parent_id` bigint DEFAULT '0' COMMENT '上级id',
  `status` bigint DEFAULT '0' COMMENT '状态',
  `user_id` bigint DEFAULT '0' COMMENT '用户编号-&gt;std_user.id',
  `rate` decimal(10,4) DEFAULT '0.0000' COMMENT '费率',
  `fee` decimal(10,0) DEFAULT '0' COMMENT '单笔费用',
  `updated_at` datetime DEFAULT NULL COMMENT '更新时间',
  `created_at` datetime DEFAULT NULL COMMENT '建创时间',
  PRIMARY KEY (`id`)
) ENGINE=InnoDB AUTO_INCREMENT=11 DEFAULT CHARSET=utf8mb4 COLLATE=utf8mb4_0900_ai_ci;
/*!40101 SET character_set_client = @saved_cs_client */;

--
-- Dumping data for table `std_agent`
--

LOCK TABLES `std_agent` WRITE;
/*!40000 ALTER TABLE `std_agent` DISABLE KEYS */;
INSERT INTO `std_agent` VALUES (7,1,0,0,0,14,0.0050,1,'2021-04-10 17:37:11','2021-04-10 17:37:11'),(9,2,0,0,0,14,0.0020,1,'2021-10-07 21:23:52','2021-10-07 21:23:52');
/*!40000 ALTER TABLE `std_agent` ENABLE KEYS */;
UNLOCK TABLES;

--
-- Table structure for table `std_alipay`
--

DROP TABLE IF EXISTS `std_alipay`;
/*!40101 SET @saved_cs_client     = @@character_set_client */;
/*!50503 SET character_set_client = utf8mb4 */;
CREATE TABLE `std_alipay` (
  `id` bigint NOT NULL AUTO_INCREMENT COMMENT '编号',
  `user_id` bigint DEFAULT '0' COMMENT '用户编号-&gt;std_user.id',
  `status` bigint DEFAULT '0' COMMENT '状态',
  `name` varchar(255) DEFAULT NULL COMMENT '姓名',
  `account` varchar(128) DEFAULT NULL COMMENT '账号',
  `desc` varchar(255) DEFAULT NULL COMMENT '描述',
  `round_id` bigint DEFAULT NULL COMMENT '轮训编号',
  `url` varchar(255) DEFAULT NULL COMMENT '二维码URL',
  `type` bigint DEFAULT '0' COMMENT '类型',
  `updated_at` datetime DEFAULT NULL COMMENT '更新时间',
  `created_at` datetime DEFAULT NULL COMMENT '创建时间',
  `loop` bigint DEFAULT '0' COMMENT '无限',
  `code` varchar(255) DEFAULT NULL COMMENT '编号',
  `max` decimal(10,2) DEFAULT '0.00' COMMENT '最大值',
  `min` decimal(10,2) DEFAULT '0.00' COMMENT '最小值',
  PRIMARY KEY (`id`)
) ENGINE=InnoDB AUTO_INCREMENT=3 DEFAULT CHARSET=utf8mb4 COLLATE=utf8mb4_0900_ai_ci;
/*!40101 SET character_set_client = @saved_cs_client */;

--
-- Dumping data for table `std_alipay`
--

LOCK TABLES `std_alipay` WRITE;
/*!40000 ALTER TABLE `std_alipay` DISABLE KEYS */;
INSERT INTO `std_alipay` VALUES (1,14,2,'李村','test@test.com','23',2,NULL,1,'2021-04-16 22:29:23','2021-04-16 16:07:52',0,'A1',1000.00,1.00),(2,14,1,'李丽','TRHMLBMRdpHLdYsSaHfioJ2b4oxeM5gBRh','',12,NULL,1,'2021-09-11 08:57:27','2021-04-16 22:28:28',1,'A2',1000.00,1.00);
/*!40000 ALTER TABLE `std_alipay` ENABLE KEYS */;
UNLOCK TABLES;

--
-- Table structure for table `std_balance`
--

DROP TABLE IF EXISTS `std_balance`;
/*!40101 SET @saved_cs_client     = @@character_set_client */;
/*!50503 SET character_set_client = utf8mb4 */;
CREATE TABLE `std_balance` (
  `id` bigint NOT NULL AUTO_INCREMENT COMMENT '编号',
  `user_id` bigint DEFAULT '0' COMMENT '用户编号-&gt;std_user.id',
  `status` bigint DEFAULT '0' COMMENT '状态',
  `refer_id` bigint DEFAULT '0' COMMENT '引用id',
  `type` bigint DEFAULT '0' COMMENT '类型',
  `before` decimal(18,6) DEFAULT '0.000000' COMMENT '变化前',
  `amount` decimal(18,6) DEFAULT '0.000000' COMMENT '金额',
  `after` decimal(18,6) DEFAULT '0.000000' COMMENT '变化后',
  `updated_at` datetime DEFAULT NULL COMMENT '更新时间',
  `created_at` datetime DEFAULT NULL COMMENT '建创时间',
  PRIMARY KEY (`id`)
) ENGINE=InnoDB AUTO_INCREMENT=469 DEFAULT CHARSET=utf8mb4 COLLATE=utf8mb4_0900_ai_ci;
/*!40101 SET character_set_client = @saved_cs_client */;

--
-- Dumping data for table `std_balance`
--

LOCK TABLES `std_balance` WRITE;
/*!40000 ALTER TABLE `std_balance` DISABLE KEYS */;
INSERT INTO `std_balance` VALUES (467,14,1,240,5,0.000000,0.500000,0.500000,'2021-10-17 19:00:52','2021-10-17 19:00:52'),(468,20,1,240,5,716.576000,490.000000,1206.576000,'2021-10-17 19:00:52','2021-10-17 19:00:52');
/*!40000 ALTER TABLE `std_balance` ENABLE KEYS */;
UNLOCK TABLES;

--
-- Table structure for table `std_bank`
--

DROP TABLE IF EXISTS `std_bank`;
/*!40101 SET @saved_cs_client     = @@character_set_client */;
/*!50503 SET character_set_client = utf8mb4 */;
CREATE TABLE `std_bank` (
  `id` bigint NOT NULL AUTO_INCREMENT COMMENT '编号',
  `name` varchar(128) DEFAULT NULL COMMENT '银行名称',
  `code` varchar(128) DEFAULT NULL COMMENT '简码',
  `updated_at` datetime DEFAULT NULL COMMENT '更新时间',
  `created_at` datetime DEFAULT NULL COMMENT '建创时间',
  `version` varchar(128) DEFAULT NULL COMMENT 'App版本号',
  `status` bigint DEFAULT NULL COMMENT '状态',
  PRIMARY KEY (`id`)
) ENGINE=InnoDB AUTO_INCREMENT=5 DEFAULT CHARSET=utf8mb4 COLLATE=utf8mb4_0900_ai_ci;
/*!40101 SET character_set_client = @saved_cs_client */;

--
-- Dumping data for table `std_bank`
--

LOCK TABLES `std_bank` WRITE;
/*!40000 ALTER TABLE `std_bank` DISABLE KEYS */;
INSERT INTO `std_bank` VALUES (1,'建设银行','CCB','2021-08-31 21:13:25','2021-08-31 21:13:25','0.0.1',1),(2,'中国银行','BOC','2021-09-01 10:37:38','2021-08-31 21:14:00','0.0.1',1),(3,'工商银行','ICBC','2021-08-31 21:31:49','2021-08-31 21:14:25','0.0.1',1),(4,'农业银行','ABC','2021-09-01 10:37:48','2021-08-31 21:16:40','0.0.1',1);
/*!40000 ALTER TABLE `std_bank` ENABLE KEYS */;
UNLOCK TABLES;

--
-- Table structure for table `std_bank_card`
--

DROP TABLE IF EXISTS `std_bank_card`;
/*!40101 SET @saved_cs_client     = @@character_set_client */;
/*!50503 SET character_set_client = utf8mb4 */;
CREATE TABLE `std_bank_card` (
  `id` bigint NOT NULL AUTO_INCREMENT COMMENT '编号',
  `user_id` bigint DEFAULT '0' COMMENT '用户编号-&gt;std_user.id',
  `status` bigint DEFAULT '0' COMMENT '状态',
  `max` bigint DEFAULT '0' COMMENT '最大金额',
  `min` bigint DEFAULT '0' COMMENT '最小金额',
  `round_id` bigint DEFAULT '0' COMMENT '轮训编号',
  `bank_id` bigint DEFAULT '0' COMMENT '银行编号-&gt;std_bank.id',
  `type` bigint DEFAULT '0' COMMENT '卡片类型',
  `name` varchar(64) DEFAULT NULL COMMENT '卡片姓名',
  `code` varchar(128) DEFAULT NULL COMMENT '银行卡号',
  `login_pwd` varchar(64) DEFAULT NULL COMMENT '登录密码',
  `tran_pwd` varchar(64) DEFAULT NULL COMMENT '支付密码',
  `device_id` varchar(128) DEFAULT NULL,
  `updated_at` datetime DEFAULT NULL COMMENT '更新时间',
  `created_at` datetime DEFAULT NULL COMMENT '建创时间',
  `balance` decimal(10,2) DEFAULT '0.00' COMMENT '卡片实际余额',
  `total` bigint DEFAULT '0' COMMENT '转账次数',
  `refer_id` bigint DEFAULT '0',
  `mobile` varchar(64) DEFAULT NULL,
  PRIMARY KEY (`id`)
) ENGINE=InnoDB AUTO_INCREMENT=32 DEFAULT CHARSET=utf8mb4 COLLATE=utf8mb4_0900_ai_ci;
/*!40101 SET character_set_client = @saved_cs_client */;

--
-- Dumping data for table `std_bank_card`
--

LOCK TABLES `std_bank_card` WRITE;
/*!40000 ALTER TABLE `std_bank_card` DISABLE KEYS */;
INSERT INTO `std_bank_card` VALUES (31,14,1,0,0,26,1,4,'张三','6222123456781234789','000000','000000','256daf4a73421965','2021-10-17 19:00:05','2021-09-03 15:05:47',10000.00,0,0,'1');
/*!40000 ALTER TABLE `std_bank_card` ENABLE KEYS */;
UNLOCK TABLES;

--
-- Table structure for table `std_chain`
--

DROP TABLE IF EXISTS `std_chain`;
/*!40101 SET @saved_cs_client     = @@character_set_client */;
/*!50503 SET character_set_client = utf8mb4 */;
CREATE TABLE `std_chain` (
  `id` bigint NOT NULL AUTO_INCREMENT COMMENT '编号',
  `user_id` bigint DEFAULT '0' COMMENT '用户编号-&gt;std_user.id',
  `channel_id` bigint DEFAULT '0' COMMENT '通道编号-&gt;std_channel.id',
  `max` bigint DEFAULT '0' COMMENT '最大下单金额',
  `min` bigint DEFAULT '0' COMMENT '最小下单金额',
  `fee` decimal(10,5) DEFAULT NULL,
  `rate` decimal(9,3) DEFAULT '0.000' COMMENT '通道费率',
  `update_at` datetime DEFAULT NULL COMMENT '更新时间',
  `create_at` datetime DEFAULT NULL COMMENT '创建时间',
  PRIMARY KEY (`id`)
) ENGINE=InnoDB AUTO_INCREMENT=27 DEFAULT CHARSET=utf8mb4 COLLATE=utf8mb4_0900_ai_ci;
/*!40101 SET character_set_client = @saved_cs_client */;

--
-- Dumping data for table `std_chain`
--

LOCK TABLES `std_chain` WRITE;
/*!40000 ALTER TABLE `std_chain` DISABLE KEYS */;
INSERT INTO `std_chain` VALUES (10,20,2,10000,1,0.00000,0.020,'2021-10-17 18:51:45','2021-10-17 18:51:45'),(11,35,1,1,1,1.00000,0.008,'2021-04-10 17:44:28','2021-04-10 17:44:28'),(12,36,1,1000,1,1.00000,0.006,'2021-04-12 22:43:39','2021-04-12 22:43:39'),(13,36,2,1000,1,1.00000,0.006,'2021-04-12 22:43:39','2021-04-12 22:43:39'),(15,38,2,1,1,0.00200,0.002,'2021-08-26 11:21:51','2021-08-26 11:21:51'),(17,20,1,10000,1,0.00000,0.020,'2021-10-17 18:51:45','2021-10-17 18:51:45'),(19,20,3,10000,1,0.02000,0.020,'2021-10-17 18:51:45','2021-10-17 18:51:45'),(22,42,1,10000,1,1.00000,0.010,'2021-10-14 20:42:31','2021-10-14 20:42:31'),(23,25,1,50000,1,1.00000,0.010,'2021-10-14 20:55:55','2021-10-14 20:55:55'),(24,14,1,10000,1,2.00000,0.001,'2021-10-17 18:54:26','2021-10-17 18:54:26'),(25,14,2,10000,1,0.00000,0.001,'2021-10-17 18:54:26','2021-10-17 18:54:26');
/*!40000 ALTER TABLE `std_chain` ENABLE KEYS */;
UNLOCK TABLES;

--
-- Table structure for table `std_channel`
--

DROP TABLE IF EXISTS `std_channel`;
/*!40101 SET @saved_cs_client     = @@character_set_client */;
/*!50503 SET character_set_client = utf8mb4 */;
CREATE TABLE `std_channel` (
  `id` bigint NOT NULL AUTO_INCREMENT COMMENT '编号',
  `status` bigint DEFAULT NULL COMMENT '状态',
  `name` varchar(128) DEFAULT NULL COMMENT '名称',
  `updated_at` datetime DEFAULT NULL COMMENT '更新时间',
  `created_at` datetime DEFAULT NULL COMMENT '创建时间',
  PRIMARY KEY (`id`)
) ENGINE=InnoDB AUTO_INCREMENT=4 DEFAULT CHARSET=utf8mb4 COLLATE=utf8mb4_0900_ai_ci;
/*!40101 SET character_set_client = @saved_cs_client */;

--
-- Dumping data for table `std_channel`
--

LOCK TABLES `std_channel` WRITE;
/*!40000 ALTER TABLE `std_channel` DISABLE KEYS */;
INSERT INTO `std_channel` VALUES (1,1,'代付','2021-04-02 10:31:35','2021-03-27 21:59:00'),(2,1,'代收','2021-03-27 22:01:07','2021-03-27 21:59:08'),(3,1,'USDT','2021-09-08 11:16:21','2021-04-15 20:31:43');
/*!40000 ALTER TABLE `std_channel` ENABLE KEYS */;
UNLOCK TABLES;

--
-- Table structure for table `std_device`
--

DROP TABLE IF EXISTS `std_device`;
/*!40101 SET @saved_cs_client     = @@character_set_client */;
/*!50503 SET character_set_client = utf8mb4 */;
CREATE TABLE `std_device` (
  `id` bigint NOT NULL AUTO_INCREMENT COMMENT '手机设备',
  `user_id` bigint DEFAULT '0' COMMENT '用户编号-&gt;std_user.id',
  `status` bigint DEFAULT '0' COMMENT '状态',
  `updated_at` datetime DEFAULT NULL COMMENT '更新时间',
  `created_at` datetime DEFAULT NULL COMMENT '建创时间',
  `uuid` varchar(128) DEFAULT NULL COMMENT '设备硬件编号',
  `name` varchar(128) DEFAULT NULL COMMENT '设备别名',
  `rate` bigint DEFAULT NULL COMMENT '接单频率',
  `desc` varchar(255) DEFAULT NULL COMMENT '描述',
  PRIMARY KEY (`id`)
) ENGINE=InnoDB AUTO_INCREMENT=2 DEFAULT CHARSET=utf8mb4 COLLATE=utf8mb4_0900_ai_ci;
/*!40101 SET character_set_client = @saved_cs_client */;

--
-- Dumping data for table `std_device`
--

LOCK TABLES `std_device` WRITE;
/*!40000 ALTER TABLE `std_device` DISABLE KEYS */;
INSERT INTO `std_device` VALUES (1,14,1,'2021-04-24 12:31:16','2021-04-14 13:40:53','202103260324982156','设备别名-84077',5,'');
/*!40000 ALTER TABLE `std_device` ENABLE KEYS */;
UNLOCK TABLES;

--
-- Table structure for table `std_member`
--

DROP TABLE IF EXISTS `std_member`;
/*!40101 SET @saved_cs_client     = @@character_set_client */;
/*!50503 SET character_set_client = utf8mb4 */;
CREATE TABLE `std_member` (
  `id` bigint NOT NULL AUTO_INCREMENT COMMENT 'id',
  `name` varchar(128) DEFAULT NULL COMMENT '商户名',
  `status` bigint DEFAULT NULL COMMENT '状态',
  `user_id` bigint DEFAULT NULL COMMENT '用户归属-&gt;std_user.id',
  `secret` varchar(255) DEFAULT NULL COMMENT '商户密钥',
  `whitelist` varchar(255) DEFAULT NULL COMMENT '白名单以豆号隔开',
  `updated_at` datetime DEFAULT NULL COMMENT '更新时间',
  `created_at` datetime DEFAULT NULL COMMENT '创建时间',
  `desc` varchar(255) DEFAULT NULL COMMENT '描述',
  `refer_id` bigint DEFAULT NULL COMMENT '代理编号-&gt;std_user.id',
  `auth_ip` bigint DEFAULT '0',
  PRIMARY KEY (`id`)
) ENGINE=InnoDB AUTO_INCREMENT=16 DEFAULT CHARSET=utf8mb4 COLLATE=utf8mb4_0900_ai_ci;
/*!40101 SET character_set_client = @saved_cs_client */;

--
-- Dumping data for table `std_member`
--

LOCK TABLES `std_member` WRITE;
/*!40000 ALTER TABLE `std_member` DISABLE KEYS */;
INSERT INTO `std_member` VALUES (1,'测试商户',1,20,'8db5ef5a-dce6-425c-b8f2-73bc65e15dc2','192.168.3.6','2021-10-17 18:44:24','2021-03-27 09:29:16',NULL,NULL,2);
/*!40000 ALTER TABLE `std_member` ENABLE KEYS */;
UNLOCK TABLES;

--
-- Table structure for table `std_order`
--

DROP TABLE IF EXISTS `std_order`;
/*!40101 SET @saved_cs_client     = @@character_set_client */;
/*!50503 SET character_set_client = utf8mb4 */;
CREATE TABLE `std_order` (
  `id` bigint NOT NULL AUTO_INCREMENT COMMENT '主键',
  `channel_id` bigint DEFAULT '0' COMMENT '通道ID',
  `type` bigint DEFAULT '0' COMMENT '订单类型',
  `status` bigint DEFAULT '0' COMMENT '订单状态',
  `upload` bigint DEFAULT '0' COMMENT '凭证上传',
  `amount` decimal(10,2) DEFAULT '0.00' COMMENT '订单金额',
  `agency` decimal(10,4) DEFAULT '0.0000',
  `fee` decimal(10,2) DEFAULT '0.00' COMMENT '手续费',
  `agent_id` bigint DEFAULT '0' COMMENT '代理编号->std_agent.id',
  `user_id` bigint DEFAULT '0' COMMENT '订单属于用户',
  `out_trade_no` varchar(64) NOT NULL COMMENT '商户订单ID',
  `notify_url` varchar(255) DEFAULT NULL COMMENT '回调地址',
  `updated_at` datetime DEFAULT NULL COMMENT '更新时间',
  `created_at` datetime DEFAULT NULL COMMENT '创建时间',
  `expire_at` datetime DEFAULT NULL COMMENT '过期时间',
  `pay_time` datetime DEFAULT NULL COMMENT '支时间',
  `pay_name` varchar(64) DEFAULT NULL COMMENT '付款人性名',
  `notify_count` bigint DEFAULT '0' COMMENT '回调通知次数',
  `pay_account` varchar(128) DEFAULT NULL COMMENT '付款账号',
  `refund_at` datetime DEFAULT NULL COMMENT '退款时间',
  `desc` varchar(255) DEFAULT NULL COMMENT '备注',
  `receive_name` varchar(64) DEFAULT NULL COMMENT '收款人姓名',
  `receive_account` varchar(64) DEFAULT NULL COMMENT '收款账号',
  `receive_bank` varchar(64) DEFAULT NULL COMMENT '收款银行',
  `client_id` bigint DEFAULT '0' COMMENT '卡商编号->std_user.id',
  `card_id` bigint DEFAULT '0' COMMENT '银行卡编号->std_bank_card.id',
  `item_id` bigint DEFAULT '0',
  `cny` decimal(10,5) DEFAULT '0.00000',
  `hash_id` varchar(512) DEFAULT NULL,
  `ksfee` decimal(10,5) DEFAULT '0.00000',
  PRIMARY KEY (`id`),
  UNIQUE KEY `out_trade_no` (`out_trade_no`)
) ENGINE=InnoDB AUTO_INCREMENT=241 DEFAULT CHARSET=utf8mb4 COLLATE=utf8mb4_0900_ai_ci;
/*!40101 SET character_set_client = @saved_cs_client */;

--
-- Dumping data for table `std_order`
--

LOCK TABLES `std_order` WRITE;
/*!40000 ALTER TABLE `std_order` DISABLE KEYS */;
INSERT INTO `std_order` VALUES (240,2,2,5,0,500.00,0.0000,10.00,0,20,'2341','http://192.168.3.189:8080/pub/account/test','2021-10-17 19:00:52','2021-10-17 19:00:05','2021-10-17 19:30:05','2021-10-17 19:00:52',NULL,0,NULL,NULL,'',NULL,NULL,NULL,14,31,0,0.00000,NULL,0.50000);
/*!40000 ALTER TABLE `std_order` ENABLE KEYS */;
UNLOCK TABLES;

--
-- Table structure for table `std_recharge`
--

DROP TABLE IF EXISTS `std_recharge`;
/*!40101 SET @saved_cs_client     = @@character_set_client */;
/*!50503 SET character_set_client = utf8mb4 */;
CREATE TABLE `std_recharge` (
  `id` bigint NOT NULL AUTO_INCREMENT COMMENT '编号',
  `user_id` bigint DEFAULT '0' COMMENT '用户编号-&gt;std_user.id',
  `status` bigint DEFAULT '0' COMMENT '状态',
  `upload` varchar(255) DEFAULT NULL COMMENT '凭证地址',
  `bank_id` bigint DEFAULT '0' COMMENT '银行卡编号-&gt;std_bank_card.id',
  `amount` decimal(10,2) DEFAULT '0.00' COMMENT '金额',
  `bill_id` bigint DEFAULT '0' COMMENT '账单编号-&gt;std_biil.id',
  `updated_at` datetime DEFAULT NULL COMMENT '更新时间',
  `created_at` datetime DEFAULT NULL COMMENT '建创时间',
  `auth_id` bigint DEFAULT '0' COMMENT '审核者编号-&gt;std_user.id',
  PRIMARY KEY (`id`)
) ENGINE=InnoDB AUTO_INCREMENT=2 DEFAULT CHARSET=utf8mb4 COLLATE=utf8mb4_0900_ai_ci;
/*!40101 SET character_set_client = @saved_cs_client */;

--
-- Dumping data for table `std_recharge`
--

LOCK TABLES `std_recharge` WRITE;
/*!40000 ALTER TABLE `std_recharge` DISABLE KEYS */;
/*!40000 ALTER TABLE `std_recharge` ENABLE KEYS */;
UNLOCK TABLES;

--
-- Table structure for table `std_spider`
--

DROP TABLE IF EXISTS `std_spider`;
/*!40101 SET @saved_cs_client     = @@character_set_client */;
/*!50503 SET character_set_client = utf8mb4 */;
CREATE TABLE `std_spider` (
  `id` bigint NOT NULL AUTO_INCREMENT COMMENT '编号',
  `type` bigint DEFAULT NULL COMMENT '类型',
  `order_no` varchar(64) DEFAULT NULL COMMENT '订单编号',
  `order_status` varchar(64) DEFAULT NULL COMMENT '订单状态',
  `order_goods` varchar(32) DEFAULT NULL COMMENT '商品名称',
  `order_price` decimal(10,2) DEFAULT NULL COMMENT '商品单价',
  `order_count` bigint DEFAULT NULL COMMENT '商品数量',
  `order_amount` decimal(10,2) DEFAULT NULL COMMENT '订单总价',
  `order_info_area` varchar(32) DEFAULT NULL COMMENT '所在区/服',
  `order_info_accno` varchar(32) DEFAULT NULL COMMENT '账号',
  `order_info_remark` varchar(32) DEFAULT NULL COMMENT '备注',
  `order_reamrk` varchar(32) DEFAULT NULL COMMENT '订单备注',
  `order_create_time` datetime DEFAULT NULL COMMENT '创建时间',
  `order_pay_time` datetime DEFAULT NULL COMMENT '支付时间',
  `order_finish_time` datetime DEFAULT NULL COMMENT '发货时间',
  `updated_at` datetime DEFAULT NULL COMMENT '更新时间',
  `created_at` datetime DEFAULT NULL COMMENT '建创时间',
  PRIMARY KEY (`id`)
) ENGINE=InnoDB DEFAULT CHARSET=utf8mb4 COLLATE=utf8mb4_0900_ai_ci;
/*!40101 SET character_set_client = @saved_cs_client */;

--
-- Dumping data for table `std_spider`
--

LOCK TABLES `std_spider` WRITE;
/*!40000 ALTER TABLE `std_spider` DISABLE KEYS */;
/*!40000 ALTER TABLE `std_spider` ENABLE KEYS */;
UNLOCK TABLES;

--
-- Table structure for table `std_system_log`
--

DROP TABLE IF EXISTS `std_system_log`;
/*!40101 SET @saved_cs_client     = @@character_set_client */;
/*!50503 SET character_set_client = utf8mb4 */;
CREATE TABLE `std_system_log` (
  `id` bigint NOT NULL AUTO_INCREMENT COMMENT '编号',
  `type` bigint DEFAULT NULL COMMENT '类型',
  `user_id` bigint DEFAULT NULL COMMENT '用户编号-&gt;std_user.id',
  `refer_id` varchar(64) DEFAULT NULL COMMENT '引用id',
  `client_ip` varchar(32) DEFAULT NULL COMMENT '操作IP',
  `updated_at` datetime DEFAULT NULL COMMENT '更新时间',
  `created_at` datetime DEFAULT NULL COMMENT '建创时间',
  `title` varchar(255) DEFAULT NULL COMMENT '标题',
  `desc` varchar(255) DEFAULT NULL COMMENT '描述',
  PRIMARY KEY (`id`)
) ENGINE=InnoDB AUTO_INCREMENT=98 DEFAULT CHARSET=utf8mb4 COLLATE=utf8mb4_0900_ai_ci;
/*!40101 SET character_set_client = @saved_cs_client */;

--
-- Dumping data for table `std_system_log`
--

LOCK TABLES `std_system_log` WRITE;
/*!40000 ALTER TABLE `std_system_log` DISABLE KEYS */;
INSERT INTO `std_system_log` VALUES (76,NULL,28,'T1000274211','192.168.3.6','2021-10-08 12:15:29','2021-10-08 12:15:29','订单回调','人工操作'),(77,NULL,28,'T1000274211','192.168.3.6','2021-10-08 12:15:32','2021-10-08 12:15:32','订单驳回','人工操作'),(78,NULL,14,'T1000274211','192.168.3.6','2021-10-08 12:40:48','2021-10-08 12:40:48','订单回调','人工操作'),(79,NULL,14,'T1000274211','192.168.3.6','2021-10-08 12:40:53','2021-10-08 12:40:53','订单回调','人工操作'),(80,NULL,14,'T1000274211','192.168.3.6','2021-10-08 12:44:06','2021-10-08 12:44:06','订单回调','人工操作'),(81,NULL,14,'T1000274211','192.168.3.6','2021-10-08 12:46:02','2021-10-08 12:46:02','订单回调','人工操作'),(82,NULL,14,'T1000274211','192.168.3.6','2021-10-08 12:46:04','2021-10-08 12:46:04','订单回调','人工操作'),(83,NULL,14,'T1000274211','192.168.3.6','2021-10-08 12:50:24','2021-10-08 12:50:24','订单回调','人工操作'),(84,NULL,14,'T1000274211','192.168.3.6','2021-10-08 12:56:39','2021-10-08 12:56:39','订单驳回','人工操作'),(85,NULL,14,'2341','192.168.3.6','2021-10-08 12:58:42','2021-10-08 12:58:42','订单驳回','人工操作'),(86,NULL,14,'2341','192.168.3.6','2021-10-08 13:08:03','2021-10-08 13:08:03','订单驳回','人工操作'),(87,NULL,14,'T1000274211','192.168.3.6','2021-10-08 13:11:25','2021-10-08 13:11:25','订单回调','人工操作'),(88,NULL,14,'2341','192.168.3.6','2021-10-08 13:12:36','2021-10-08 13:12:36','订单回调','人工操作'),(89,NULL,14,'2341','192.168.3.6','2021-10-08 13:12:43','2021-10-08 13:12:43','订单驳回','人工操作'),(90,NULL,14,'2341','192.168.3.6','2021-10-08 13:16:56','2021-10-08 13:16:56','订单回调','人工操作'),(91,NULL,14,'T1000274211','192.168.3.6','2021-10-08 13:24:54','2021-10-08 13:24:54','订单回调','人工操作'),(92,NULL,28,'T1000274211','192.168.3.6','2021-10-08 13:40:51','2021-10-08 13:40:51','订单驳回','人工操作'),(93,NULL,28,'2341','192.168.3.6','2021-10-08 14:33:21','2021-10-08 14:33:21','订单驳回','人工操作'),(94,NULL,28,'T1000274211','192.168.3.6','2021-10-17 18:45:17','2021-10-17 18:45:17','订单回调','人工操作'),(95,NULL,28,'T1000274211','192.168.3.6','2021-10-17 18:45:20','2021-10-17 18:45:20','订单驳回','人工操作'),(96,NULL,14,'8710ec153391cfb49ed0d4e82b57391e','192.168.3.6','2021-10-17 18:50:13','2021-10-17 18:50:13','订单回调','人工操作'),(97,NULL,28,'2341','192.168.3.6','2021-10-17 19:00:52','2021-10-17 19:00:52','订单回调','人工操作');
/*!40000 ALTER TABLE `std_system_log` ENABLE KEYS */;
UNLOCK TABLES;

--
-- Table structure for table `std_user`
--

DROP TABLE IF EXISTS `std_user`;
/*!40101 SET @saved_cs_client     = @@character_set_client */;
/*!50503 SET character_set_client = utf8mb4 */;
CREATE TABLE `std_user` (
  `id` bigint NOT NULL AUTO_INCREMENT COMMENT '用户ID',
  `role_id` bigint DEFAULT NULL COMMENT '角色ID',
  `sex` bigint DEFAULT NULL COMMENT '性别',
  `prov` bigint DEFAULT NULL COMMENT '省市',
  `city` bigint DEFAULT NULL COMMENT '城市',
  `dist` bigint DEFAULT NULL COMMENT '区县',
  `status` bigint DEFAULT NULL COMMENT '状态',
  `refer_id` bigint DEFAULT NULL COMMENT '引用ID',
  `point` bigint DEFAULT NULL COMMENT '积分',
  `level` bigint DEFAULT NULL COMMENT '级别',
  `exp` bigint DEFAULT NULL COMMENT '经验值',
  `username` varchar(128) DEFAULT NULL COMMENT '账号',
  `password` varchar(128) DEFAULT NULL COMMENT '密码',
  `secret` varchar(255) DEFAULT NULL COMMENT '谷歌密钥',
  `unionid` varchar(128) DEFAULT NULL COMMENT '微信unionid',
  `openid` varchar(128) DEFAULT NULL COMMENT '微信openid',
  `avatar` varchar(255) DEFAULT NULL COMMENT '头像',
  `mobile` varchar(128) DEFAULT NULL COMMENT '电话',
  `email` varchar(128) DEFAULT NULL COMMENT '邮箱',
  `desc` varchar(255) DEFAULT NULL COMMENT '描述',
  `attach` varchar(512) DEFAULT NULL COMMENT '附件',
  `invite_code` varchar(6) DEFAULT NULL COMMENT '邀请码',
  `login_ip` varchar(32) DEFAULT NULL COMMENT '登录IP',
  `login_at` datetime DEFAULT NULL COMMENT '登录时间',
  `updated_at` datetime DEFAULT NULL COMMENT '更新时间',
  `created_at` datetime DEFAULT NULL COMMENT '创建时间',
  `birthady` datetime DEFAULT NULL COMMENT '用户日生',
  `health` bigint DEFAULT NULL COMMENT '生命值',
  `nickname` varchar(128) DEFAULT NULL COMMENT '昵称',
  `member_id` bigint DEFAULT NULL COMMENT '商户编号-&gt;std_member.id',
  `token` varchar(255) DEFAULT NULL COMMENT '用户token',
  `parent_id` bigint DEFAULT '0',
  `channel_id` bigint DEFAULT '0',
  `round_id` bigint DEFAULT '0',
  PRIMARY KEY (`id`)
) ENGINE=InnoDB AUTO_INCREMENT=43 DEFAULT CHARSET=utf8mb4 COLLATE=utf8mb4_0900_ai_ci;
/*!40101 SET character_set_client = @saved_cs_client */;

--
-- Dumping data for table `std_user`
--

LOCK TABLES `std_user` WRITE;
/*!40000 ALTER TABLE `std_user` DISABLE KEYS */;
INSERT INTO `std_user` VALUES (1,1,NULL,NULL,NULL,NULL,1,NULL,NULL,2,NULL,'admin','e10adc3949ba59abbe56e057f20f883e','FPXI5HSB6Q7FIQVKW4XC4R7IF6XS32HV',NULL,NULL,NULL,NULL,NULL,NULL,NULL,NULL,'36.229.112.144','2021-10-07 21:39:49','2021-10-07 21:39:49',NULL,NULL,NULL,NULL,NULL,'4feb4059b284e21a00e8c05ff9d94812',0,0,0),(14,4,NULL,NULL,NULL,NULL,1,20,NULL,2,NULL,'ks-test','e10adc3949ba59abbe56e057f20f883e','TBG3DMD2WRT44HPK5TZH35KSZEJ54MCG',NULL,NULL,NULL,NULL,NULL,NULL,NULL,'429783','192.168.3.6','2021-10-17 18:49:51','2021-10-17 19:00:05','2021-03-26 22:53:14',NULL,NULL,NULL,NULL,'4feb4059b284e21a00e8c05ff9d94812',34,0,26),(20,3,NULL,NULL,NULL,NULL,1,14,NULL,2,NULL,'sh-test','e10adc3949ba59abbe56e057f20f883e','KNBKOEPWCR72VJXVKQUSLIZ2ENNTXACY',NULL,NULL,NULL,NULL,NULL,NULL,NULL,'218997','192.168.3.6','2021-10-17 18:49:35','2021-10-17 18:51:45','2021-03-27 09:29:16',NULL,NULL,NULL,NULL,'4feb4059b284e21a00e8c05ff9d94812',0,0,0),(25,2,NULL,NULL,NULL,NULL,1,NULL,NULL,2,NULL,'test','5929c100ec50ffba319707781b431441',NULL,NULL,NULL,NULL,NULL,NULL,NULL,NULL,'517805',NULL,NULL,'2021-10-14 20:55:55','2021-04-06 10:37:16',NULL,NULL,NULL,NULL,NULL,0,0,0),(28,1,NULL,NULL,NULL,NULL,1,NULL,NULL,2,NULL,'root','e10adc3949ba59abbe56e057f20f883e',NULL,NULL,NULL,NULL,NULL,NULL,NULL,NULL,'844567','192.168.3.6','2021-10-17 18:51:11','2021-10-17 18:51:11','2021-04-09 18:03:47',NULL,NULL,NULL,NULL,'4feb4059b284e21a00e8c05ff9d94812',0,0,0);
/*!40000 ALTER TABLE `std_user` ENABLE KEYS */;
UNLOCK TABLES;

--
-- Table structure for table `std_user_balance`
--

DROP TABLE IF EXISTS `std_user_balance`;
/*!40101 SET @saved_cs_client     = @@character_set_client */;
/*!50503 SET character_set_client = utf8mb4 */;
CREATE TABLE `std_user_balance` (
  `id` bigint NOT NULL AUTO_INCREMENT COMMENT '编号',
  `user_id` bigint DEFAULT '0' COMMENT '用户编号-&gt;std_user.id',
  `balance` decimal(18,6) DEFAULT '0.000000' COMMENT '余额',
  `frozen` decimal(18,6) DEFAULT '0.000000' COMMENT '冻结金额',
  `credit` decimal(18,6) DEFAULT '0.000000' COMMENT '额度',
  `updated_at` datetime DEFAULT NULL COMMENT '更新时间',
  `created_at` datetime DEFAULT NULL COMMENT '创建时间',
  PRIMARY KEY (`id`)
) ENGINE=InnoDB AUTO_INCREMENT=35 DEFAULT CHARSET=utf8mb4 COLLATE=utf8mb4_0900_ai_ci;
/*!40101 SET character_set_client = @saved_cs_client */;

--
-- Dumping data for table `std_user_balance`
--

LOCK TABLES `std_user_balance` WRITE;
/*!40000 ALTER TABLE `std_user_balance` DISABLE KEYS */;
INSERT INTO `std_user_balance` VALUES (1,1,0.700000,200.000000,0.000000,'2021-04-15 22:49:59',NULL),(6,14,0.500000,0.000000,0.000000,'2021-10-17 19:00:52','2021-03-26 22:53:14'),(12,20,1206.576000,0.000000,0.000000,'2021-10-17 19:00:52','2021-03-27 09:29:16'),(17,25,0.000000,0.000000,0.000000,'2021-04-06 10:37:16','2021-04-06 10:37:16'),(20,28,0.000000,0.000000,0.000000,'2021-04-09 18:03:47','2021-04-09 18:03:47');
/*!40000 ALTER TABLE `std_user_balance` ENABLE KEYS */;
UNLOCK TABLES;

--
-- Table structure for table `std_version`
--

DROP TABLE IF EXISTS `std_version`;
/*!40101 SET @saved_cs_client     = @@character_set_client */;
/*!50503 SET character_set_client = utf8mb4 */;
CREATE TABLE `std_version` (
  `id` bigint NOT NULL AUTO_INCREMENT COMMENT 'id',
  `url` varchar(255) DEFAULT NULL COMMENT '下载地址',
  `title` varchar(255) DEFAULT NULL COMMENT '标题',
  `number` varchar(128) DEFAULT NULL COMMENT '版本号',
  `updated_at` datetime DEFAULT NULL COMMENT '更新时间',
  `created_at` datetime DEFAULT NULL COMMENT '建创时间',
  PRIMARY KEY (`id`)
) ENGINE=InnoDB AUTO_INCREMENT=2 DEFAULT CHARSET=utf8mb4 COLLATE=utf8mb4_0900_ai_ci;
/*!40101 SET character_set_client = @saved_cs_client */;

--
-- Dumping data for table `std_version`
--

LOCK TABLES `std_version` WRITE;
/*!40000 ALTER TABLE `std_version` DISABLE KEYS */;
INSERT INTO `std_version` VALUES (1,NULL,'Apk-1.0.5','1.0.5','2021-04-25 11:16:54',NULL);
/*!40000 ALTER TABLE `std_version` ENABLE KEYS */;
UNLOCK TABLES;

--
-- Table structure for table `std_withdrawal`
--

DROP TABLE IF EXISTS `std_withdrawal`;
/*!40101 SET @saved_cs_client     = @@character_set_client */;
/*!50503 SET character_set_client = utf8mb4 */;
CREATE TABLE `std_withdrawal` (
  `id` bigint NOT NULL AUTO_INCREMENT COMMENT '编号',
  `user_id` bigint DEFAULT '0' COMMENT '用户编号-&gt;std_user.id',
  `status` bigint DEFAULT '0' COMMENT '状态',
  `upload` varchar(255) DEFAULT NULL COMMENT '凭证地址',
  `bank_id` bigint DEFAULT '0' COMMENT '银行卡编号-&gt;std_bank_card.id',
  `amount` decimal(10,2) DEFAULT '0.00' COMMENT '金额',
  `bill_id` bigint DEFAULT '0' COMMENT '账单编号-&gt;std_biil.id',
  `updated_at` datetime DEFAULT NULL COMMENT '更新时间',
  `created_at` datetime DEFAULT NULL COMMENT '建创时间',
  `auth_id` bigint DEFAULT '0' COMMENT '审核者编号-&gt;std_user.id',
  `usdt` decimal(10,5) DEFAULT NULL,
  `rate` decimal(10,5) DEFAULT NULL,
  PRIMARY KEY (`id`)
) ENGINE=InnoDB AUTO_INCREMENT=18 DEFAULT CHARSET=utf8mb4 COLLATE=utf8mb4_0900_ai_ci;
/*!40101 SET character_set_client = @saved_cs_client */;

--
-- Dumping data for table `std_withdrawal`
--

LOCK TABLES `std_withdrawal` WRITE;
/*!40000 ALTER TABLE `std_withdrawal` DISABLE KEYS */;
INSERT INTO `std_withdrawal` VALUES (13,20,2,'234asdfasf',0,4500.00,0,'2021-08-28 12:31:59','2021-08-28 12:27:29',0,1000.00000,4.50000),(14,20,1,'asdfasdfasdf',0,4500.00,0,'2021-08-28 12:33:05','2021-08-28 12:32:49',0,1000.00000,4.50000),(15,20,3,'sdfasdfadf',0,900.00,0,'2021-08-28 12:48:51','2021-08-28 12:48:51',0,200.00000,4.50000),(16,39,3,'wwwwww',0,645.00,0,'2021-08-29 21:09:56','2021-08-29 21:09:56',0,100.00000,6.45000),(17,39,3,'TTsssseeee',0,322.00,0,'2021-08-30 14:53:21','2021-08-30 14:53:21',0,50.00000,6.44000);
/*!40000 ALTER TABLE `std_withdrawal` ENABLE KEYS */;
UNLOCK TABLES;
/*!40103 SET TIME_ZONE=@OLD_TIME_ZONE */;

/*!40101 SET SQL_MODE=@OLD_SQL_MODE */;
/*!40014 SET FOREIGN_KEY_CHECKS=@OLD_FOREIGN_KEY_CHECKS */;
/*!40014 SET UNIQUE_CHECKS=@OLD_UNIQUE_CHECKS */;
/*!40101 SET CHARACTER_SET_CLIENT=@OLD_CHARACTER_SET_CLIENT */;
/*!40101 SET CHARACTER_SET_RESULTS=@OLD_CHARACTER_SET_RESULTS */;
/*!40101 SET COLLATION_CONNECTION=@OLD_COLLATION_CONNECTION */;
/*!40111 SET SQL_NOTES=@OLD_SQL_NOTES */;

-- Dump completed on 2021-10-17 19:02:19
