-- MySQL dump 10.13  Distrib 8.0.21, for Linux (x86_64)
--
-- Host: localhost    Database: zfb
-- ------------------------------------------------------
-- Server version	8.0.21

/*!40101 SET @OLD_CHARACTER_SET_CLIENT=@@CHARACTER_SET_CLIENT */;
/*!40101 SET @OLD_CHARACTER_SET_RESULTS=@@CHARACTER_SET_RESULTS */;
/*!40101 SET @OLD_COLLATION_CONNECTION=@@COLLATION_CONNECTION */;
/*!50503 SET NAMES utf8mb4 */;
/*!40103 SET @OLD_TIME_ZONE=@@TIME_ZONE */;
/*!40103 SET TIME_ZONE='+00:00' */;
/*!40014 SET @OLD_UNIQUE_CHECKS=@@UNIQUE_CHECKS, UNIQUE_CHECKS=0 */;
/*!40014 SET @OLD_FOREIGN_KEY_CHECKS=@@FOREIGN_KEY_CHECKS, FOREIGN_KEY_CHECKS=0 */;
/*!40101 SET @OLD_SQL_MODE=@@SQL_MODE, SQL_MODE='NO_AUTO_VALUE_ON_ZERO' */;
/*!40111 SET @OLD_SQL_NOTES=@@SQL_NOTES, SQL_NOTES=0 */;

--
-- Table structure for table `admin_menu`
--

DROP TABLE IF EXISTS `admin_menu`;
/*!40101 SET @saved_cs_client     = @@character_set_client */;
/*!50503 SET character_set_client = utf8mb4 */;
CREATE TABLE `admin_menu` (
  `id` bigint NOT NULL AUTO_INCREMENT COMMENT '编号',
  `status` bigint DEFAULT NULL COMMENT '状态',
  `type` bigint DEFAULT NULL COMMENT '类型',
  `order_id` bigint DEFAULT NULL COMMENT '排序id',
  `target` bigint DEFAULT NULL COMMENT '打开方式',
  `parent_id` bigint DEFAULT NULL COMMENT '上级ID',
  `is_navi` bigint DEFAULT NULL COMMENT '导航',
  `show` bigint DEFAULT NULL COMMENT '显示',
  `path` varchar(255) DEFAULT NULL COMMENT '请求路径',
  `name` varchar(128) DEFAULT NULL COMMENT '菜单名称',
  `icon` varchar(255) DEFAULT NULL COMMENT '菜单图标',
  `desc` varchar(255) DEFAULT NULL COMMENT '描述',
  `args` varchar(255) DEFAULT NULL COMMENT '参数',
  `updated_at` datetime DEFAULT NULL COMMENT '更新时间',
  `created_at` datetime DEFAULT NULL COMMENT '创建时间',
  PRIMARY KEY (`id`)
) ENGINE=InnoDB AUTO_INCREMENT=152 DEFAULT CHARSET=utf8mb4 COLLATE=utf8mb4_0900_ai_ci;
/*!40101 SET character_set_client = @saved_cs_client */;

--
-- Dumping data for table `admin_menu`
--

LOCK TABLES `admin_menu` WRITE;
/*!40000 ALTER TABLE `admin_menu` DISABLE KEYS */;
INSERT INTO `admin_menu` VALUES (1,1,0,1,2,0,1,2,'/index','首页','shouye','desc','','2021-03-25 09:07:45','2021-03-25 08:58:37'),(2,1,0,2,1,0,1,1,'/member','会员','CPhezuo','desc','','2021-03-25 09:04:14','2021-03-25 08:58:58'),(4,1,0,4,1,0,1,2,'/order','订单','yemianliu','desc','','2022-10-26 11:07:44','2021-03-25 09:01:09'),(5,1,0,5,1,0,1,1,'/finance','财务','jinbi','','','2021-03-25 09:02:35','2021-03-25 09:02:35'),(6,1,0,6,1,0,1,1,'/sf','收付','fuwuguanli','','','2021-03-25 09:02:59','2021-03-25 09:02:59'),(7,1,0,7,1,0,1,1,'/setting','设置','kongzhizhongxin','','','2021-03-25 09:03:26','2021-03-25 09:03:26'),(8,1,0,1,1,2,1,1,'/member/index','会员首页','qunzu','desc','','2021-03-25 09:13:16','2021-03-25 09:13:05'),(10,1,0,1,1,7,1,1,'/setting/index','设置首页','shouye_o','','','2021-03-25 20:49:15','2021-03-25 20:49:15'),(11,1,0,2,1,7,1,1,'/setting/auth','权限管理','RectangleCopy173','','','2021-03-25 21:38:47','2021-03-25 20:50:10'),(12,1,0,1,1,1,0,1,'、','公共权限','','','','2021-03-25 20:53:34','2021-03-25 20:53:34'),(13,1,0,1,1,12,0,1,'/dev/user/menu','用户菜单获取','','','','2021-03-25 20:54:26','2021-03-25 20:54:26'),(14,1,0,1,1,11,1,1,'/setting/auth/group','角色管理','qunzu_o','平台角色管理','','2021-03-25 20:59:47','2021-03-25 20:59:47'),(15,1,0,2,1,11,1,1,'/setting/auth/menu','菜单配置','RectangleCopy51','系统菜单配置','','2021-03-25 21:01:25','2021-03-25 21:01:25'),(16,1,0,3,1,11,1,1,'/setting/auth/rule','权限配置','RectangleCopy176','分配访问权限','','2021-03-25 21:46:03','2021-03-25 21:02:05'),(17,1,0,1,1,15,0,1,'/dev/menu/fetch','菜单读取','','','','2021-03-25 21:04:10','2021-03-25 21:04:10'),(18,1,0,2,1,15,0,1,'/dev/menu/delete','删除菜单','','','','2021-03-25 21:04:33','2021-03-25 21:04:33'),(19,1,0,3,1,15,0,1,'/dev/menu/post','菜单修改','','','','2021-03-25 21:05:02','2021-03-25 21:05:02'),(20,1,0,4,1,15,0,1,'/dev/menu/order','顺序设置','','','','2021-03-25 21:05:36','2021-03-25 21:05:36'),(21,1,0,50,1,14,0,1,'/dev/role/fetch','角色读取','','','','2021-03-25 21:28:26','2021-03-25 21:28:26'),(22,1,0,50,1,14,0,1,'/dev/role/post','角色修改','','','','2021-03-25 21:28:44','2021-03-25 21:28:44'),(23,1,0,50,1,14,0,1,'/dev/role/menu','角色菜单','','','','2021-03-25 21:33:04','2021-03-25 21:33:04'),(24,1,0,50,1,12,0,1,'/dev/analysis/summary','数据汇总','','','','2021-03-26 09:20:21','2021-03-26 09:20:21'),(25,1,0,50,1,15,0,1,'/dev/role/grant','菜订授权','','','','2021-03-26 09:22:43','2021-03-26 09:22:43'),(26,1,0,50,1,12,0,1,'/dev/user/stat','用户金额信息','','','','2021-03-26 09:51:02','2021-03-26 09:51:02'),(27,1,0,2,1,2,1,1,'/member/user','账号管理','CPhezuo_o','商户账号信息维护','','2021-03-26 09:59:50','2021-03-26 09:58:03'),(28,1,0,1,1,27,1,1,'/member/biz','商户账号','jingliren','商户账号维护','','2021-03-27 09:02:10','2021-03-26 10:00:43'),(29,1,0,60,1,27,0,2,'/member/client','公有权限','guanliyuanrenzheng','卡商账号管理','','2022-02-17 15:32:03','2021-03-26 10:03:58'),(31,1,0,50,1,29,0,1,'/dev/user/post','账号创建','','','','2021-03-26 10:45:56','2021-03-26 10:45:56'),(32,1,0,50,1,29,0,1,'/dev/user/fetch','账号读取','','','','2021-03-26 10:46:50','2021-03-26 10:46:50'),(33,1,0,50,1,29,0,1,'/dev/user/delete','账号删除','','','','2021-03-26 11:32:20','2021-03-26 11:32:20'),(34,1,0,50,1,29,0,1,'/dev/user/status','状修设置','','','','2021-03-26 12:51:54','2021-03-26 12:51:54'),(35,1,0,50,1,29,0,1,'/dev/user/member','商户修改','','','','2021-03-27 19:18:51','2021-03-27 19:18:51'),(36,1,0,1,1,6,1,1,'/sf/index','收付首页','fuwuguanli','','','2021-03-27 20:44:26','2021-03-27 20:44:26'),(37,1,0,2,1,6,1,1,'/sf/','收付管理','fuwuguanli','','','2021-03-27 20:47:19','2021-03-27 20:44:58'),(39,1,0,4,1,37,1,1,'/sf/bank','银行列表','dunpaibaoxianrenzheng','全局银行列表维护','','2021-08-04 11:21:37','2021-03-27 20:46:30'),(41,1,0,3,1,37,1,1,'/sf/channel','通道管理','jiazai_shuaxin','通道管理/状态控制','','2021-08-04 11:21:32','2021-03-27 20:49:06'),(43,1,0,50,1,39,0,1,'/dev/bank/post','银行管理','','','','2021-03-27 21:18:42','2021-03-27 21:18:42'),(44,1,0,50,1,39,0,1,'/dev/bank/delete','银行删除','','','','2021-03-27 21:19:57','2021-03-27 21:19:05'),(45,1,0,50,1,39,0,1,'/dev/bank/fetch','银行读取','','','','2021-03-27 21:19:45','2021-03-27 21:19:45'),(46,1,0,50,1,39,0,1,'/dev/bank/status','修改状态','','','','2021-03-27 21:20:25','2021-03-27 21:20:25'),(47,1,0,50,1,41,0,1,'/dev/channel/post','数据维护','','','','2021-03-27 21:48:30','2021-03-27 21:48:30'),(48,1,0,50,1,41,0,1,'/dev/channel/fetch','数据读取','','','','2021-03-27 21:48:53','2021-03-27 21:48:53'),(49,1,0,50,1,41,0,1,'/dev/channel/delete','数据删除','','','','2021-03-27 21:49:05','2021-03-27 21:49:05'),(50,1,0,50,1,41,0,1,'/dev/channel/status','状态修改','','','','2021-03-27 21:49:19','2021-03-27 21:49:19'),(51,1,0,1,1,4,0,1,'/order/index','订单首页','shouye_o','','','2021-03-27 22:45:39','2021-03-27 22:45:28'),(53,1,0,2,1,4,1,1,'/order/admin','订单管理','yemianliu_o','收付订单列表','','2021-03-27 22:47:30','2021-03-27 22:47:30'),(54,1,0,1,1,53,1,1,'/order/list','代付订单','yemianliu_o','代付订单列表','','2021-03-27 22:48:50','2021-03-27 22:48:50'),(55,1,0,2,1,53,1,1,'/order/bank','代收订单','gerenxinxi','代收订单列表','','2021-03-27 22:50:05','2021-03-27 22:50:05'),(56,1,0,50,1,60,0,1,'/dev/card/post','数据维护','','','','2021-10-18 10:01:33','2021-03-28 08:29:03'),(57,1,0,50,1,60,0,1,'/dev/card/fetch','数据读取','','','','2021-10-18 10:02:49','2021-03-28 08:29:28'),(58,1,0,50,1,60,0,1,'/dev/card/delete','数据删除','','','','2021-10-18 10:02:33','2021-03-28 08:29:37'),(59,1,0,50,1,60,0,1,'/dev/card/status','状态修改','','','','2021-10-18 10:02:02','2021-03-28 08:29:51'),(60,1,0,1,1,37,1,1,'/sf/serve','收付管理','fuwuxunhuanguanli','用于代付/代收业务','','2022-02-16 20:28:53','2021-03-28 09:55:02'),(61,1,0,50,1,42,0,1,'/dev/device/post','数据维护','','','','2021-03-28 19:56:58','2021-03-28 19:56:58'),(62,1,0,50,1,42,0,1,'/dev/device/fetch','数据读取','','','','2021-03-28 19:57:23','2021-03-28 19:57:23'),(63,1,0,50,1,42,0,1,'/dev/device/delete','数据删除','','','','2021-03-28 19:57:33','2021-03-28 19:57:33'),(64,1,0,50,1,42,0,1,'/dev/device/status','状态修改','','','','2021-03-28 19:57:46','2021-03-28 19:57:46'),(65,1,0,3,1,7,1,1,'/setting','系统维护','shu','','','2021-03-29 08:18:21','2021-03-29 08:18:21'),(66,1,0,1,1,65,1,1,'/setting/version','版本管理','yingyongAPP_o','APP版本维护','','2021-03-29 08:19:39','2021-03-29 08:18:53'),(67,1,0,50,1,65,1,1,'/setting/action','操作日志','baocun','操作日志记录','','2021-03-29 08:19:28','2021-03-29 08:19:28'),(68,1,0,1,1,5,1,1,'/finance/index','财务首页','shouye_o','','','2021-03-29 09:08:29','2021-03-29 09:08:29'),(69,1,0,2,1,5,1,1,'/finance/navi','快捷向导','ding_o','','','2021-03-29 09:09:01','2021-03-29 09:09:01'),(72,1,0,3,1,69,1,1,'/finance/transaction','账户流水','huobiliu_o','交易流水查询','','2021-03-29 09:12:41','2021-03-29 09:12:41'),(73,1,0,50,1,29,0,1,'/dev/chain/post','商户通道','','','','2021-03-30 14:54:23','2021-03-30 14:54:23'),(74,1,0,50,1,70,0,1,'/dev/recharge/post','数据维护','','','','2021-03-31 09:24:46','2021-03-31 09:24:46'),(75,1,0,50,1,70,0,1,'/dev/recharge/fetch','数据读取','','','','2021-03-31 09:25:18','2021-03-31 09:25:18'),(76,1,0,50,1,70,0,1,'/dev/recharge/delete','数据删除','','','','2021-04-01 09:40:00','2021-03-31 09:25:34'),(77,1,0,50,1,70,0,1,'/dev/recharge/status','状态修改','','','','2021-03-31 09:25:48','2021-03-31 09:25:48'),(78,1,0,50,1,71,0,1,'/dev/withdrawal/post','数据维护','','','','2021-04-01 09:38:09','2021-04-01 09:38:09'),(79,1,0,50,1,71,0,1,'/dev/withdrawal/fetch','数据读取','','','','2021-04-01 09:38:30','2021-04-01 09:38:30'),(80,1,0,50,1,71,0,1,'/dev/withdrawal/delete','数据删除','','','','2021-04-01 09:40:30','2021-04-01 09:38:38'),(81,1,0,50,1,71,0,1,'/dev/withdrawal/status','状态修改','','','','2021-04-01 09:39:00','2021-04-01 09:39:00'),(82,1,0,50,1,72,0,1,'/dev/balance/fetch','数据读取','','','','2021-04-01 10:39:02','2021-04-01 10:39:02'),(83,1,0,50,1,12,0,1,'/dev/user/goauth','谷歌绑定','','','','2021-04-01 12:24:32','2021-04-01 12:24:32'),(84,1,0,50,1,12,0,1,'/dev/user/modifypwd','修改密码','','','','2021-04-01 13:21:43','2021-04-01 13:20:53'),(85,1,0,50,1,12,0,1,'/dev/user/reset','用户重置','','','','2021-04-01 13:34:58','2021-04-01 13:34:58'),(86,1,0,50,1,60,0,1,'/dev/card/bind','卡片绑定','','','','2021-04-01 21:03:56','2021-04-01 21:03:56'),(87,1,0,50,1,53,0,1,'/dev/order/','公有权限','youjian','','','2022-01-20 09:36:14','2021-04-02 09:29:57'),(88,1,0,50,1,87,0,1,'/dev/order/fetch','读取','','','','2021-04-02 09:30:36','2021-04-02 09:30:36'),(89,1,0,50,1,87,0,1,'/dev/order/post','代付下单','','','','2022-01-20 09:35:44','2021-04-02 10:07:31'),(90,1,0,50,1,94,0,1,'/dev/order/finish','确认收款','','','','2021-09-10 16:49:07','2021-04-03 09:29:27'),(91,1,0,50,1,94,0,1,'/dev/order/fail','付款失败','','','','2021-09-10 16:49:30','2021-04-03 12:25:01'),(92,1,0,50,1,60,0,1,'/dev/bank/fetch','银行列表','','','','2021-10-18 10:01:20','2021-04-04 15:11:06'),(93,1,0,50,1,27,1,1,'/member/admin','管理员账号','gerentouxiang','管理员账号维护','','2021-04-06 10:33:48','2021-04-06 10:31:39'),(94,1,0,50,1,53,0,1,'/dev/order/fresh','私有权限','youjian','','','2022-01-20 09:36:26','2021-04-07 11:17:24'),(95,1,0,50,1,29,0,1,'/dev/agent/limit','费率限制','','','','2021-04-09 12:54:14','2021-04-09 12:54:14'),(96,1,0,50,1,29,0,1,'/dev/agent/post','费率设置','','','','2021-04-09 14:30:11','2021-04-09 14:30:11'),(97,1,0,50,1,87,0,1,'/dev/order/pay','代收下单','','','','2022-01-20 09:35:52','2021-04-10 09:18:40'),(98,1,0,50,1,28,0,1,'/dev/user/post','商户创建','','','','2021-04-10 14:58:18','2021-04-10 14:58:18'),(99,1,0,50,1,28,0,1,'/dev/user/fetch','商户读取','','','','2021-04-10 14:58:50','2021-04-10 14:58:50'),(100,1,0,50,1,28,0,1,'/dev/channel/fetch','通道读取','','','','2021-04-10 15:01:02','2021-04-10 15:01:02'),(101,1,0,50,1,28,0,1,'/dev/user/member','会员维护','','','','2021-04-10 16:50:53','2021-04-10 16:50:53'),(102,1,0,50,1,28,0,1,'/dev/agent/fetch','代理费率读取','','','','2021-04-10 17:09:03','2021-04-10 17:09:03'),(103,1,0,50,1,28,0,1,'/dev/chain/post','费率设置','','','','2021-04-10 17:59:43','2021-04-10 17:59:43'),(104,1,0,50,1,12,0,1,'/dev/order/read','消息读取','','','','2021-04-12 17:05:38','2021-04-12 17:05:38'),(107,1,0,50,1,106,0,1,'/dev/alipay/post','数据维护','','','','2021-04-15 19:51:39','2021-04-15 19:09:19'),(108,1,0,50,1,106,0,1,'/dev/alipay/fetch','数据读取','','','','2021-04-15 19:51:46','2021-04-15 19:09:39'),(109,1,0,50,1,106,0,1,'/dev/alipay/delete','数据删除','','','','2021-04-15 19:51:51','2021-04-15 19:09:56'),(110,1,0,50,1,106,0,1,'/dev/alipay/status','状态修改','','','','2021-04-15 19:51:56','2021-04-15 19:10:08'),(111,1,0,50,1,105,0,1,'/dev/order/alipay','手动下单','','','','2021-04-15 21:17:22','2021-04-15 21:17:22'),(112,1,0,50,1,12,0,1,'/dev/order/out','数据导出','','','','2021-04-17 12:19:23','2021-04-17 12:19:23'),(113,1,0,50,1,12,0,1,'/dev/balance/out','流水导出','','','','2021-04-17 15:30:29','2021-04-17 15:30:29'),(114,1,0,50,1,66,0,1,'/dev/version/post','数据维护','','','','2021-04-25 10:59:47','2021-04-25 10:59:47'),(115,1,0,50,1,66,0,1,'/dev/version/fetch','数据读取','','','','2021-04-25 11:00:09','2021-04-25 11:00:09'),(116,1,0,50,1,67,0,1,'/dev/system/delete','清空日志','','','','2021-08-04 11:13:11','2021-08-04 11:13:11'),(117,1,0,50,1,67,0,1,'/dev/system/fetch','日志读取','','','','2021-08-04 11:14:03','2021-08-04 11:14:03'),(118,1,0,50,1,69,1,1,'/finance/stat','数据统计','chizi','卡商收入、成功率统计','','2021-08-26 10:51:15','2021-08-26 10:51:15'),(119,1,0,50,1,118,0,1,'/dev/analysis/stat','查询','','','','2021-08-26 10:51:36','2021-08-26 10:51:36'),(120,1,0,50,1,69,1,1,'/finance/card','卡片统计','jinbi','卡片收支统计','','2021-08-26 10:52:13','2021-08-26 10:52:13'),(121,1,0,50,1,120,0,1,'/dev/card/stat','卡片数据统计','','','','2021-08-26 10:52:33','2021-08-26 10:52:33'),(123,1,0,50,1,122,0,1,'/dev/alipay/fetch','数据读取','','','','2021-09-09 09:24:07','2021-09-09 09:24:07'),(124,1,0,50,1,122,0,1,'/dev/alipay/post','数据维护','','','','2021-09-09 09:24:45','2021-09-09 09:24:45'),(125,1,0,50,1,122,0,1,'/dev/alipay/delete','数据删除','','','','2021-09-09 09:24:59','2021-09-09 09:24:59'),(126,1,0,50,1,122,0,1,'/dev/alipay/status','状态修改','','','','2021-09-09 09:25:15','2021-09-09 09:25:15'),(129,1,0,50,1,27,1,1,'/member/agent','代理账号','jingliren','代理账号列表','','2021-10-06 19:36:18','2021-10-06 19:35:45'),(130,1,0,50,1,94,0,1,'/dev/order/mod','修改金额','','','','2021-10-08 14:44:39','2021-10-08 14:44:39'),(131,1,0,50,1,12,0,1,'/dev/user/child','下级读取','','','','2021-10-18 20:28:51','2021-10-18 20:28:51'),(132,1,0,50,1,12,0,1,'/dev/user/balance','实时余额','','','','2021-10-20 22:59:32','2021-10-20 22:59:32'),(133,1,0,50,1,12,0,1,'/dev/card/query','卡片查询','','','','2021-10-21 16:12:35','2021-10-21 16:12:35'),(134,1,0,50,1,12,0,1,'/dev/chain/fetch','费率查询','','','','2021-10-22 11:23:14','2021-10-22 11:23:14'),(135,1,0,50,1,134,0,1,'/dev/chain/post','添加费率','','','','2021-10-22 19:47:43','2021-10-22 19:47:43'),(136,1,0,50,1,12,0,1,'/dev/order/cert','凭证上传','','','','2021-10-23 16:52:33','2021-10-23 16:52:33'),(137,1,0,50,1,12,0,1,'/dev/user/money','保证金转入转出','','','','2021-10-26 20:37:30','2021-10-26 20:37:30'),(138,1,0,50,1,94,0,1,'/dev/order/dist','手动分配卡商','','','','2021-10-29 22:14:58','2021-10-29 22:14:58'),(139,1,0,50,1,12,0,1,'/dev/channel/fetch','通道读取','','','','2021-11-21 15:29:00','2021-11-21 15:29:00'),(140,1,0,50,1,12,0,1,'/dev/user/fee','收益转出','','','','2022-01-23 23:41:51','2022-01-23 23:41:51'),(141,1,0,50,1,27,1,1,'/member/level','客服账号','biaoqing_xiao','客服账号','','2022-11-25 18:29:07','2022-02-17 15:28:13'),(142,1,0,3,1,27,1,1,'/member/client','卡商账号','guanliyuanrenzheng','卡商账号管理','','2022-02-17 15:33:21','2022-02-17 15:29:30'),(144,1,0,50,1,143,0,1,'/dev/card/post','数据维护','','','','2022-03-08 12:13:31','2022-03-08 12:13:31'),(145,1,0,50,1,143,0,1,'/dev/card/fetch','数据读取','','','','2022-03-08 12:13:54','2022-03-08 12:13:54'),(146,1,0,50,1,143,0,1,'/dev/card/delete','数据删除','','','','2022-03-08 12:14:17','2022-03-08 12:14:17'),(147,1,0,50,1,143,0,1,'/dev/card/status','状态修改','','','','2022-03-08 12:14:39','2022-03-08 12:14:39'),(148,1,0,50,1,143,0,1,'/dev/bank/fetch','银行读取','','','','2022-03-08 12:15:03','2022-03-08 12:15:03'),(149,1,0,50,1,12,0,1,'/dev/order/fork','卡商抢单','','','','2022-10-01 13:51:59','2022-10-01 13:51:59'),(150,1,0,50,1,12,0,1,'/dev/user/team','收益读取','','','','2022-10-26 11:08:04','2022-10-26 11:08:04'),(151,1,0,50,1,12,0,1,'/dev/user/tran','转账','','','','2022-11-20 22:17:42','2022-11-20 22:17:42');
/*!40000 ALTER TABLE `admin_menu` ENABLE KEYS */;
UNLOCK TABLES;

--
-- Table structure for table `admin_role`
--

DROP TABLE IF EXISTS `admin_role`;
/*!40101 SET @saved_cs_client     = @@character_set_client */;
/*!50503 SET character_set_client = utf8mb4 */;
CREATE TABLE `admin_role` (
  `id` bigint NOT NULL AUTO_INCREMENT COMMENT 'id',
  `name` varchar(64) DEFAULT NULL COMMENT '名称',
  `icon` varchar(255) DEFAULT NULL COMMENT '图标',
  `desc` varchar(255) DEFAULT NULL COMMENT '描述',
  `status` bigint DEFAULT NULL COMMENT '状态',
  `updated_at` datetime DEFAULT NULL COMMENT '更新时间',
  `created_at` datetime DEFAULT NULL COMMENT '创建时间',
  PRIMARY KEY (`id`)
) ENGINE=InnoDB AUTO_INCREMENT=6 DEFAULT CHARSET=utf8mb4 COLLATE=utf8mb4_0900_ai_ci;
/*!40101 SET character_set_client = @saved_cs_client */;

--
-- Dumping data for table `admin_role`
--

LOCK TABLES `admin_role` WRITE;
/*!40000 ALTER TABLE `admin_role` DISABLE KEYS */;
INSERT INTO `admin_role` VALUES (1,'管理员',NULL,'拥有系统最高权限',1,'2021-03-25 08:54:41','2021-03-25 08:54:41'),(2,'代理',NULL,'可创建商户、卡商获取佣金',1,'2021-03-25 08:55:26','2021-03-25 08:55:26'),(3,'商户',NULL,'拥用手动、API下单权限',1,'2021-03-25 08:56:00','2021-03-25 08:56:00'),(4,'卡商',NULL,'收付卡号供应商',1,'2021-03-25 08:57:06','2021-03-25 08:56:41'),(5,'客服',NULL,'查单，补发权限',1,'2022-11-25 15:04:09','2022-11-25 15:04:09');
/*!40000 ALTER TABLE `admin_role` ENABLE KEYS */;
UNLOCK TABLES;

--
-- Table structure for table `admin_role_menu`
--

DROP TABLE IF EXISTS `admin_role_menu`;
/*!40101 SET @saved_cs_client     = @@character_set_client */;
/*!50503 SET character_set_client = utf8mb4 */;
CREATE TABLE `admin_role_menu` (
  `id` bigint NOT NULL AUTO_INCREMENT COMMENT '编号',
  `menu_id` bigint DEFAULT NULL COMMENT '菜单编号-&gt;std_menu.id',
  `role_id` bigint DEFAULT NULL COMMENT '角色编号-&gt;std_role.id',
  `updated_at` datetime DEFAULT NULL COMMENT '更新时间',
  `created_at` datetime DEFAULT NULL COMMENT '创建时间',
  PRIMARY KEY (`id`)
) ENGINE=InnoDB AUTO_INCREMENT=8652 DEFAULT CHARSET=utf8mb4 COLLATE=utf8mb4_0900_ai_ci;
/*!40101 SET character_set_client = @saved_cs_client */;

--
-- Dumping data for table `admin_role_menu`
--

LOCK TABLES `admin_role_menu` WRITE;
/*!40000 ALTER TABLE `admin_role_menu` DISABLE KEYS */;
INSERT INTO `admin_role_menu` VALUES (7360,1,3,'2022-02-15 13:26:32','2022-02-15 13:26:32'),(7361,12,3,'2022-02-15 13:26:32','2022-02-15 13:26:32'),(7362,13,3,'2022-02-15 13:26:32','2022-02-15 13:26:32'),(7363,24,3,'2022-02-15 13:26:32','2022-02-15 13:26:32'),(7364,26,3,'2022-02-15 13:26:32','2022-02-15 13:26:32'),(7365,83,3,'2022-02-15 13:26:32','2022-02-15 13:26:32'),(7366,84,3,'2022-02-15 13:26:32','2022-02-15 13:26:32'),(7367,85,3,'2022-02-15 13:26:32','2022-02-15 13:26:32'),(7368,104,3,'2022-02-15 13:26:32','2022-02-15 13:26:32'),(7369,112,3,'2022-02-15 13:26:32','2022-02-15 13:26:32'),(7370,113,3,'2022-02-15 13:26:32','2022-02-15 13:26:32'),(7371,131,3,'2022-02-15 13:26:32','2022-02-15 13:26:32'),(7372,132,3,'2022-02-15 13:26:32','2022-02-15 13:26:32'),(7373,133,3,'2022-02-15 13:26:32','2022-02-15 13:26:32'),(7374,134,3,'2022-02-15 13:26:32','2022-02-15 13:26:32'),(7375,135,3,'2022-02-15 13:26:32','2022-02-15 13:26:32'),(7376,136,3,'2022-02-15 13:26:32','2022-02-15 13:26:32'),(7377,137,3,'2022-02-15 13:26:32','2022-02-15 13:26:32'),(7378,139,3,'2022-02-15 13:26:32','2022-02-15 13:26:32'),(7379,140,3,'2022-02-15 13:26:32','2022-02-15 13:26:32'),(7380,51,3,'2022-02-15 13:26:32','2022-02-15 13:26:32'),(7381,54,3,'2022-02-15 13:26:32','2022-02-15 13:26:32'),(7382,55,3,'2022-02-15 13:26:32','2022-02-15 13:26:32'),(7383,87,3,'2022-02-15 13:26:32','2022-02-15 13:26:32'),(7384,88,3,'2022-02-15 13:26:32','2022-02-15 13:26:32'),(7385,89,3,'2022-02-15 13:26:32','2022-02-15 13:26:32'),(7386,97,3,'2022-02-15 13:26:32','2022-02-15 13:26:32'),(7387,68,3,'2022-02-15 13:26:32','2022-02-15 13:26:32'),(7388,72,3,'2022-02-15 13:26:32','2022-02-15 13:26:32'),(7389,82,3,'2022-02-15 13:26:32','2022-02-15 13:26:32'),(7390,4,3,'2022-02-15 13:26:32','2022-02-15 13:26:32'),(7391,53,3,'2022-02-15 13:26:32','2022-02-15 13:26:32'),(7392,5,3,'2022-02-15 13:26:32','2022-02-15 13:26:32'),(7393,69,3,'2022-02-15 13:26:32','2022-02-15 13:26:32'),(7845,1,1,'2022-03-08 12:15:16','2022-03-08 12:15:16'),(7846,12,1,'2022-03-08 12:15:16','2022-03-08 12:15:16'),(7847,13,1,'2022-03-08 12:15:16','2022-03-08 12:15:16'),(7848,24,1,'2022-03-08 12:15:16','2022-03-08 12:15:16'),(7849,26,1,'2022-03-08 12:15:16','2022-03-08 12:15:16'),(7850,83,1,'2022-03-08 12:15:16','2022-03-08 12:15:16'),(7851,84,1,'2022-03-08 12:15:16','2022-03-08 12:15:16'),(7852,85,1,'2022-03-08 12:15:16','2022-03-08 12:15:16'),(7853,104,1,'2022-03-08 12:15:16','2022-03-08 12:15:16'),(7854,112,1,'2022-03-08 12:15:16','2022-03-08 12:15:16'),(7855,113,1,'2022-03-08 12:15:16','2022-03-08 12:15:16'),(7856,131,1,'2022-03-08 12:15:16','2022-03-08 12:15:16'),(7857,132,1,'2022-03-08 12:15:16','2022-03-08 12:15:16'),(7858,133,1,'2022-03-08 12:15:16','2022-03-08 12:15:16'),(7859,134,1,'2022-03-08 12:15:16','2022-03-08 12:15:16'),(7860,135,1,'2022-03-08 12:15:16','2022-03-08 12:15:16'),(7861,136,1,'2022-03-08 12:15:16','2022-03-08 12:15:16'),(7862,137,1,'2022-03-08 12:15:16','2022-03-08 12:15:16'),(7863,139,1,'2022-03-08 12:15:16','2022-03-08 12:15:16'),(7864,140,1,'2022-03-08 12:15:16','2022-03-08 12:15:16'),(7865,2,1,'2022-03-08 12:15:16','2022-03-08 12:15:16'),(7866,8,1,'2022-03-08 12:15:16','2022-03-08 12:15:16'),(7867,27,1,'2022-03-08 12:15:16','2022-03-08 12:15:16'),(7868,28,1,'2022-03-08 12:15:16','2022-03-08 12:15:16'),(7869,98,1,'2022-03-08 12:15:16','2022-03-08 12:15:16'),(7870,99,1,'2022-03-08 12:15:16','2022-03-08 12:15:16'),(7871,100,1,'2022-03-08 12:15:16','2022-03-08 12:15:16'),(7872,101,1,'2022-03-08 12:15:16','2022-03-08 12:15:16'),(7873,102,1,'2022-03-08 12:15:16','2022-03-08 12:15:16'),(7874,103,1,'2022-03-08 12:15:16','2022-03-08 12:15:16'),(7875,142,1,'2022-03-08 12:15:16','2022-03-08 12:15:16'),(7876,93,1,'2022-03-08 12:15:16','2022-03-08 12:15:16'),(7877,129,1,'2022-03-08 12:15:16','2022-03-08 12:15:16'),(7878,141,1,'2022-03-08 12:15:16','2022-03-08 12:15:16'),(7879,29,1,'2022-03-08 12:15:16','2022-03-08 12:15:16'),(7880,31,1,'2022-03-08 12:15:16','2022-03-08 12:15:16'),(7881,32,1,'2022-03-08 12:15:16','2022-03-08 12:15:16'),(7882,33,1,'2022-03-08 12:15:16','2022-03-08 12:15:16'),(7883,34,1,'2022-03-08 12:15:16','2022-03-08 12:15:16'),(7884,35,1,'2022-03-08 12:15:16','2022-03-08 12:15:16'),(7885,73,1,'2022-03-08 12:15:16','2022-03-08 12:15:16'),(7886,95,1,'2022-03-08 12:15:16','2022-03-08 12:15:16'),(7887,96,1,'2022-03-08 12:15:16','2022-03-08 12:15:16'),(7888,4,1,'2022-03-08 12:15:16','2022-03-08 12:15:16'),(7889,51,1,'2022-03-08 12:15:16','2022-03-08 12:15:16'),(7890,53,1,'2022-03-08 12:15:16','2022-03-08 12:15:16'),(7891,54,1,'2022-03-08 12:15:16','2022-03-08 12:15:16'),(7892,55,1,'2022-03-08 12:15:16','2022-03-08 12:15:16'),(7893,87,1,'2022-03-08 12:15:16','2022-03-08 12:15:16'),(7894,88,1,'2022-03-08 12:15:16','2022-03-08 12:15:16'),(7895,89,1,'2022-03-08 12:15:16','2022-03-08 12:15:16'),(7896,97,1,'2022-03-08 12:15:16','2022-03-08 12:15:16'),(7897,94,1,'2022-03-08 12:15:16','2022-03-08 12:15:16'),(7898,90,1,'2022-03-08 12:15:16','2022-03-08 12:15:16'),(7899,91,1,'2022-03-08 12:15:16','2022-03-08 12:15:16'),(7900,130,1,'2022-03-08 12:15:16','2022-03-08 12:15:16'),(7901,138,1,'2022-03-08 12:15:16','2022-03-08 12:15:16'),(7902,5,1,'2022-03-08 12:15:16','2022-03-08 12:15:16'),(7903,68,1,'2022-03-08 12:15:16','2022-03-08 12:15:16'),(7904,69,1,'2022-03-08 12:15:16','2022-03-08 12:15:16'),(7905,72,1,'2022-03-08 12:15:16','2022-03-08 12:15:16'),(7906,82,1,'2022-03-08 12:15:16','2022-03-08 12:15:16'),(7907,118,1,'2022-03-08 12:15:16','2022-03-08 12:15:16'),(7908,119,1,'2022-03-08 12:15:16','2022-03-08 12:15:16'),(7909,120,1,'2022-03-08 12:15:16','2022-03-08 12:15:16'),(7910,121,1,'2022-03-08 12:15:16','2022-03-08 12:15:16'),(7911,6,1,'2022-03-08 12:15:16','2022-03-08 12:15:16'),(7912,36,1,'2022-03-08 12:15:16','2022-03-08 12:15:16'),(7913,37,1,'2022-03-08 12:15:16','2022-03-08 12:15:16'),(7914,60,1,'2022-03-08 12:15:16','2022-03-08 12:15:16'),(7915,56,1,'2022-03-08 12:15:16','2022-03-08 12:15:16'),(7916,57,1,'2022-03-08 12:15:16','2022-03-08 12:15:16'),(7917,58,1,'2022-03-08 12:15:16','2022-03-08 12:15:16'),(7918,59,1,'2022-03-08 12:15:16','2022-03-08 12:15:16'),(7919,86,1,'2022-03-08 12:15:16','2022-03-08 12:15:16'),(7920,92,1,'2022-03-08 12:15:16','2022-03-08 12:15:16'),(7921,41,1,'2022-03-08 12:15:16','2022-03-08 12:15:16'),(7922,47,1,'2022-03-08 12:15:16','2022-03-08 12:15:16'),(7923,48,1,'2022-03-08 12:15:16','2022-03-08 12:15:16'),(7924,49,1,'2022-03-08 12:15:16','2022-03-08 12:15:16'),(7925,50,1,'2022-03-08 12:15:16','2022-03-08 12:15:16'),(7926,39,1,'2022-03-08 12:15:16','2022-03-08 12:15:16'),(7927,43,1,'2022-03-08 12:15:16','2022-03-08 12:15:16'),(7928,44,1,'2022-03-08 12:15:16','2022-03-08 12:15:16'),(7929,45,1,'2022-03-08 12:15:16','2022-03-08 12:15:16'),(7930,46,1,'2022-03-08 12:15:16','2022-03-08 12:15:16'),(7931,143,1,'2022-03-08 12:15:16','2022-03-08 12:15:16'),(7932,144,1,'2022-03-08 12:15:16','2022-03-08 12:15:16'),(7933,145,1,'2022-03-08 12:15:16','2022-03-08 12:15:16'),(7934,146,1,'2022-03-08 12:15:16','2022-03-08 12:15:16'),(7935,147,1,'2022-03-08 12:15:16','2022-03-08 12:15:16'),(7936,148,1,'2022-03-08 12:15:16','2022-03-08 12:15:16'),(7937,7,1,'2022-03-08 12:15:16','2022-03-08 12:15:16'),(7938,10,1,'2022-03-08 12:15:16','2022-03-08 12:15:16'),(7939,11,1,'2022-03-08 12:15:16','2022-03-08 12:15:16'),(7940,14,1,'2022-03-08 12:15:16','2022-03-08 12:15:16'),(7941,21,1,'2022-03-08 12:15:16','2022-03-08 12:15:16'),(7942,22,1,'2022-03-08 12:15:16','2022-03-08 12:15:16'),(7943,23,1,'2022-03-08 12:15:16','2022-03-08 12:15:16'),(7944,15,1,'2022-03-08 12:15:16','2022-03-08 12:15:16'),(7945,17,1,'2022-03-08 12:15:16','2022-03-08 12:15:16'),(7946,18,1,'2022-03-08 12:15:16','2022-03-08 12:15:16'),(7947,19,1,'2022-03-08 12:15:16','2022-03-08 12:15:16'),(7948,20,1,'2022-03-08 12:15:16','2022-03-08 12:15:16'),(7949,25,1,'2022-03-08 12:15:16','2022-03-08 12:15:16'),(7950,16,1,'2022-03-08 12:15:16','2022-03-08 12:15:16'),(7951,65,1,'2022-03-08 12:15:16','2022-03-08 12:15:16'),(7952,66,1,'2022-03-08 12:15:16','2022-03-08 12:15:16'),(7953,114,1,'2022-03-08 12:15:16','2022-03-08 12:15:16'),(7954,115,1,'2022-03-08 12:15:16','2022-03-08 12:15:16'),(7955,67,1,'2022-03-08 12:15:16','2022-03-08 12:15:16'),(7956,116,1,'2022-03-08 12:15:16','2022-03-08 12:15:16'),(7957,117,1,'2022-03-08 12:15:16','2022-03-08 12:15:16'),(8326,1,2,'2022-11-10 21:14:35','2022-11-10 21:14:35'),(8327,12,2,'2022-11-10 21:14:35','2022-11-10 21:14:35'),(8328,13,2,'2022-11-10 21:14:35','2022-11-10 21:14:35'),(8329,24,2,'2022-11-10 21:14:35','2022-11-10 21:14:35'),(8330,26,2,'2022-11-10 21:14:35','2022-11-10 21:14:35'),(8331,83,2,'2022-11-10 21:14:35','2022-11-10 21:14:35'),(8332,84,2,'2022-11-10 21:14:35','2022-11-10 21:14:35'),(8333,85,2,'2022-11-10 21:14:35','2022-11-10 21:14:35'),(8334,104,2,'2022-11-10 21:14:35','2022-11-10 21:14:35'),(8335,112,2,'2022-11-10 21:14:35','2022-11-10 21:14:35'),(8336,113,2,'2022-11-10 21:14:35','2022-11-10 21:14:35'),(8337,131,2,'2022-11-10 21:14:35','2022-11-10 21:14:35'),(8338,132,2,'2022-11-10 21:14:35','2022-11-10 21:14:35'),(8339,133,2,'2022-11-10 21:14:35','2022-11-10 21:14:35'),(8340,134,2,'2022-11-10 21:14:35','2022-11-10 21:14:35'),(8341,135,2,'2022-11-10 21:14:35','2022-11-10 21:14:35'),(8342,136,2,'2022-11-10 21:14:35','2022-11-10 21:14:35'),(8343,137,2,'2022-11-10 21:14:35','2022-11-10 21:14:35'),(8344,139,2,'2022-11-10 21:14:35','2022-11-10 21:14:35'),(8345,140,2,'2022-11-10 21:14:35','2022-11-10 21:14:35'),(8346,149,2,'2022-11-10 21:14:35','2022-11-10 21:14:35'),(8347,150,2,'2022-11-10 21:14:35','2022-11-10 21:14:35'),(8348,99,2,'2022-11-10 21:14:35','2022-11-10 21:14:35'),(8349,100,2,'2022-11-10 21:14:35','2022-11-10 21:14:35'),(8350,101,2,'2022-11-10 21:14:35','2022-11-10 21:14:35'),(8351,102,2,'2022-11-10 21:14:35','2022-11-10 21:14:35'),(8352,51,2,'2022-11-10 21:14:35','2022-11-10 21:14:35'),(8353,54,2,'2022-11-10 21:14:35','2022-11-10 21:14:35'),(8354,55,2,'2022-11-10 21:14:35','2022-11-10 21:14:35'),(8355,87,2,'2022-11-10 21:14:35','2022-11-10 21:14:35'),(8356,88,2,'2022-11-10 21:14:35','2022-11-10 21:14:35'),(8357,89,2,'2022-11-10 21:14:35','2022-11-10 21:14:35'),(8358,97,2,'2022-11-10 21:14:35','2022-11-10 21:14:35'),(8359,72,2,'2022-11-10 21:14:35','2022-11-10 21:14:35'),(8360,82,2,'2022-11-10 21:14:35','2022-11-10 21:14:35'),(8361,2,2,'2022-11-10 21:14:35','2022-11-10 21:14:35'),(8362,27,2,'2022-11-10 21:14:35','2022-11-10 21:14:35'),(8363,28,2,'2022-11-10 21:14:35','2022-11-10 21:14:35'),(8364,4,2,'2022-11-10 21:14:35','2022-11-10 21:14:35'),(8365,53,2,'2022-11-10 21:14:35','2022-11-10 21:14:35'),(8366,5,2,'2022-11-10 21:14:35','2022-11-10 21:14:35'),(8367,69,2,'2022-11-10 21:14:35','2022-11-10 21:14:35'),(8368,1,4,'2022-11-20 22:18:07','2022-11-20 22:18:07'),(8369,12,4,'2022-11-20 22:18:07','2022-11-20 22:18:07'),(8370,13,4,'2022-11-20 22:18:07','2022-11-20 22:18:07'),(8371,24,4,'2022-11-20 22:18:07','2022-11-20 22:18:07'),(8372,26,4,'2022-11-20 22:18:07','2022-11-20 22:18:07'),(8373,83,4,'2022-11-20 22:18:07','2022-11-20 22:18:07'),(8374,84,4,'2022-11-20 22:18:07','2022-11-20 22:18:07'),(8375,85,4,'2022-11-20 22:18:07','2022-11-20 22:18:07'),(8376,104,4,'2022-11-20 22:18:07','2022-11-20 22:18:07'),(8377,112,4,'2022-11-20 22:18:07','2022-11-20 22:18:07'),(8378,113,4,'2022-11-20 22:18:07','2022-11-20 22:18:07'),(8379,131,4,'2022-11-20 22:18:07','2022-11-20 22:18:07'),(8380,132,4,'2022-11-20 22:18:07','2022-11-20 22:18:07'),(8381,133,4,'2022-11-20 22:18:07','2022-11-20 22:18:07'),(8382,134,4,'2022-11-20 22:18:07','2022-11-20 22:18:07'),(8383,135,4,'2022-11-20 22:18:07','2022-11-20 22:18:07'),(8384,136,4,'2022-11-20 22:18:07','2022-11-20 22:18:07'),(8385,137,4,'2022-11-20 22:18:07','2022-11-20 22:18:07'),(8386,139,4,'2022-11-20 22:18:07','2022-11-20 22:18:07'),(8387,140,4,'2022-11-20 22:18:07','2022-11-20 22:18:07'),(8388,149,4,'2022-11-20 22:18:07','2022-11-20 22:18:07'),(8389,150,4,'2022-11-20 22:18:07','2022-11-20 22:18:07'),(8390,151,4,'2022-11-20 22:18:07','2022-11-20 22:18:07'),(8391,4,4,'2022-11-20 22:18:07','2022-11-20 22:18:07'),(8392,51,4,'2022-11-20 22:18:07','2022-11-20 22:18:07'),(8393,53,4,'2022-11-20 22:18:07','2022-11-20 22:18:07'),(8394,54,4,'2022-11-20 22:18:07','2022-11-20 22:18:07'),(8395,55,4,'2022-11-20 22:18:07','2022-11-20 22:18:07'),(8396,87,4,'2022-11-20 22:18:07','2022-11-20 22:18:07'),(8397,88,4,'2022-11-20 22:18:07','2022-11-20 22:18:07'),(8398,89,4,'2022-11-20 22:18:07','2022-11-20 22:18:07'),(8399,97,4,'2022-11-20 22:18:07','2022-11-20 22:18:07'),(8400,94,4,'2022-11-20 22:18:07','2022-11-20 22:18:07'),(8401,90,4,'2022-11-20 22:18:07','2022-11-20 22:18:07'),(8402,91,4,'2022-11-20 22:18:07','2022-11-20 22:18:07'),(8403,130,4,'2022-11-20 22:18:07','2022-11-20 22:18:07'),(8404,138,4,'2022-11-20 22:18:07','2022-11-20 22:18:07'),(8405,72,4,'2022-11-20 22:18:07','2022-11-20 22:18:07'),(8406,82,4,'2022-11-20 22:18:07','2022-11-20 22:18:07'),(8407,60,4,'2022-11-20 22:18:07','2022-11-20 22:18:07'),(8408,56,4,'2022-11-20 22:18:07','2022-11-20 22:18:07'),(8409,57,4,'2022-11-20 22:18:07','2022-11-20 22:18:07'),(8410,58,4,'2022-11-20 22:18:07','2022-11-20 22:18:07'),(8411,59,4,'2022-11-20 22:18:07','2022-11-20 22:18:07'),(8412,86,4,'2022-11-20 22:18:07','2022-11-20 22:18:07'),(8413,92,4,'2022-11-20 22:18:07','2022-11-20 22:18:07'),(8414,5,4,'2022-11-20 22:18:07','2022-11-20 22:18:07'),(8415,69,4,'2022-11-20 22:18:07','2022-11-20 22:18:07'),(8416,6,4,'2022-11-20 22:18:07','2022-11-20 22:18:07'),(8417,37,4,'2022-11-20 22:18:07','2022-11-20 22:18:07'),(8576,1,5,'2022-11-26 11:17:46','2022-11-26 11:17:46'),(8577,12,5,'2022-11-26 11:17:46','2022-11-26 11:17:46'),(8578,13,5,'2022-11-26 11:17:46','2022-11-26 11:17:46'),(8579,24,5,'2022-11-26 11:17:46','2022-11-26 11:17:46'),(8580,26,5,'2022-11-26 11:17:46','2022-11-26 11:17:46'),(8581,83,5,'2022-11-26 11:17:46','2022-11-26 11:17:46'),(8582,84,5,'2022-11-26 11:17:46','2022-11-26 11:17:46'),(8583,85,5,'2022-11-26 11:17:46','2022-11-26 11:17:46'),(8584,104,5,'2022-11-26 11:17:46','2022-11-26 11:17:46'),(8585,112,5,'2022-11-26 11:17:46','2022-11-26 11:17:46'),(8586,113,5,'2022-11-26 11:17:46','2022-11-26 11:17:46'),(8587,131,5,'2022-11-26 11:17:46','2022-11-26 11:17:46'),(8588,132,5,'2022-11-26 11:17:46','2022-11-26 11:17:46'),(8589,133,5,'2022-11-26 11:17:46','2022-11-26 11:17:46'),(8590,134,5,'2022-11-26 11:17:46','2022-11-26 11:17:46'),(8591,135,5,'2022-11-26 11:17:46','2022-11-26 11:17:46'),(8592,136,5,'2022-11-26 11:17:46','2022-11-26 11:17:46'),(8593,137,5,'2022-11-26 11:17:46','2022-11-26 11:17:46'),(8594,139,5,'2022-11-26 11:17:46','2022-11-26 11:17:46'),(8595,140,5,'2022-11-26 11:17:46','2022-11-26 11:17:46'),(8596,149,5,'2022-11-26 11:17:46','2022-11-26 11:17:46'),(8597,150,5,'2022-11-26 11:17:46','2022-11-26 11:17:46'),(8598,151,5,'2022-11-26 11:17:46','2022-11-26 11:17:46'),(8599,8,5,'2022-11-26 11:17:46','2022-11-26 11:17:46'),(8600,28,5,'2022-11-26 11:17:46','2022-11-26 11:17:46'),(8601,98,5,'2022-11-26 11:17:46','2022-11-26 11:17:46'),(8602,99,5,'2022-11-26 11:17:46','2022-11-26 11:17:46'),(8603,100,5,'2022-11-26 11:17:46','2022-11-26 11:17:46'),(8604,101,5,'2022-11-26 11:17:46','2022-11-26 11:17:46'),(8605,102,5,'2022-11-26 11:17:46','2022-11-26 11:17:46'),(8606,103,5,'2022-11-26 11:17:46','2022-11-26 11:17:46'),(8607,142,5,'2022-11-26 11:17:46','2022-11-26 11:17:46'),(8608,29,5,'2022-11-26 11:17:46','2022-11-26 11:17:46'),(8609,31,5,'2022-11-26 11:17:46','2022-11-26 11:17:46'),(8610,32,5,'2022-11-26 11:17:46','2022-11-26 11:17:46'),(8611,33,5,'2022-11-26 11:17:46','2022-11-26 11:17:46'),(8612,34,5,'2022-11-26 11:17:46','2022-11-26 11:17:46'),(8613,35,5,'2022-11-26 11:17:46','2022-11-26 11:17:46'),(8614,73,5,'2022-11-26 11:17:46','2022-11-26 11:17:46'),(8615,95,5,'2022-11-26 11:17:46','2022-11-26 11:17:46'),(8616,96,5,'2022-11-26 11:17:46','2022-11-26 11:17:46'),(8617,4,5,'2022-11-26 11:17:46','2022-11-26 11:17:46'),(8618,51,5,'2022-11-26 11:17:46','2022-11-26 11:17:46'),(8619,53,5,'2022-11-26 11:17:46','2022-11-26 11:17:46'),(8620,54,5,'2022-11-26 11:17:46','2022-11-26 11:17:46'),(8621,55,5,'2022-11-26 11:17:46','2022-11-26 11:17:46'),(8622,87,5,'2022-11-26 11:17:46','2022-11-26 11:17:46'),(8623,88,5,'2022-11-26 11:17:46','2022-11-26 11:17:46'),(8624,89,5,'2022-11-26 11:17:46','2022-11-26 11:17:46'),(8625,97,5,'2022-11-26 11:17:46','2022-11-26 11:17:46'),(8626,94,5,'2022-11-26 11:17:46','2022-11-26 11:17:46'),(8627,90,5,'2022-11-26 11:17:46','2022-11-26 11:17:46'),(8628,91,5,'2022-11-26 11:17:46','2022-11-26 11:17:46'),(8629,130,5,'2022-11-26 11:17:46','2022-11-26 11:17:46'),(8630,138,5,'2022-11-26 11:17:46','2022-11-26 11:17:46'),(8631,72,5,'2022-11-26 11:17:46','2022-11-26 11:17:46'),(8632,82,5,'2022-11-26 11:17:46','2022-11-26 11:17:46'),(8633,36,5,'2022-11-26 11:17:46','2022-11-26 11:17:46'),(8634,60,5,'2022-11-26 11:17:46','2022-11-26 11:17:46'),(8635,56,5,'2022-11-26 11:17:46','2022-11-26 11:17:46'),(8636,57,5,'2022-11-26 11:17:46','2022-11-26 11:17:46'),(8637,58,5,'2022-11-26 11:17:46','2022-11-26 11:17:46'),(8638,59,5,'2022-11-26 11:17:46','2022-11-26 11:17:46'),(8639,86,5,'2022-11-26 11:17:46','2022-11-26 11:17:46'),(8640,92,5,'2022-11-26 11:17:46','2022-11-26 11:17:46'),(8641,39,5,'2022-11-26 11:17:46','2022-11-26 11:17:46'),(8642,43,5,'2022-11-26 11:17:46','2022-11-26 11:17:46'),(8643,44,5,'2022-11-26 11:17:46','2022-11-26 11:17:46'),(8644,45,5,'2022-11-26 11:17:46','2022-11-26 11:17:46'),(8645,46,5,'2022-11-26 11:17:46','2022-11-26 11:17:46'),(8646,2,5,'2022-11-26 11:17:46','2022-11-26 11:17:46'),(8647,27,5,'2022-11-26 11:17:46','2022-11-26 11:17:46'),(8648,5,5,'2022-11-26 11:17:46','2022-11-26 11:17:46'),(8649,69,5,'2022-11-26 11:17:46','2022-11-26 11:17:46'),(8650,6,5,'2022-11-26 11:17:46','2022-11-26 11:17:46'),(8651,37,5,'2022-11-26 11:17:46','2022-11-26 11:17:46');
/*!40000 ALTER TABLE `admin_role_menu` ENABLE KEYS */;
UNLOCK TABLES;

--
-- Table structure for table `std_agent`
--

DROP TABLE IF EXISTS `std_agent`;
/*!40101 SET @saved_cs_client     = @@character_set_client */;
/*!50503 SET character_set_client = utf8mb4 */;
CREATE TABLE `std_agent` (
  `id` bigint NOT NULL AUTO_INCREMENT COMMENT '编号',
  `channel_id` bigint DEFAULT '0' COMMENT '通道编号-&gt;std_channel.id',
  `owner_id` bigint DEFAULT '0' COMMENT '归属id',
  `parent_id` bigint DEFAULT '0' COMMENT '上级id',
  `status` bigint DEFAULT '0' COMMENT '状态',
  `user_id` bigint DEFAULT '0' COMMENT '用户编号-&gt;std_user.id',
  `rate` decimal(10,4) DEFAULT '0.0000' COMMENT '费率',
  `fee` decimal(10,0) DEFAULT '0' COMMENT '单笔费用',
  `updated_at` datetime DEFAULT NULL COMMENT '更新时间',
  `created_at` datetime DEFAULT NULL COMMENT '建创时间',
  PRIMARY KEY (`id`)
) ENGINE=InnoDB AUTO_INCREMENT=21 DEFAULT CHARSET=utf8mb4 COLLATE=utf8mb4_0900_ai_ci;
/*!40101 SET character_set_client = @saved_cs_client */;

--
-- Dumping data for table `std_agent`
--

LOCK TABLES `std_agent` WRITE;
/*!40000 ALTER TABLE `std_agent` DISABLE KEYS */;
/*!40000 ALTER TABLE `std_agent` ENABLE KEYS */;
UNLOCK TABLES;

--
-- Table structure for table `std_alipay`
--

DROP TABLE IF EXISTS `std_alipay`;
/*!40101 SET @saved_cs_client     = @@character_set_client */;
/*!50503 SET character_set_client = utf8mb4 */;
CREATE TABLE `std_alipay` (
  `id` bigint NOT NULL AUTO_INCREMENT COMMENT '编号',
  `user_id` bigint DEFAULT '0' COMMENT '用户编号-&gt;std_user.id',
  `status` bigint DEFAULT '0' COMMENT '状态',
  `name` varchar(255) DEFAULT NULL COMMENT '姓名',
  `account` varchar(128) DEFAULT NULL COMMENT '账号',
  `desc` varchar(255) DEFAULT NULL COMMENT '描述',
  `round_id` bigint DEFAULT NULL COMMENT '轮训编号',
  `url` varchar(255) DEFAULT NULL COMMENT '二维码URL',
  `type` bigint DEFAULT '0' COMMENT '类型',
  `updated_at` datetime DEFAULT NULL COMMENT '更新时间',
  `created_at` datetime DEFAULT NULL COMMENT '创建时间',
  `loop` bigint DEFAULT '0' COMMENT '无限',
  `code` varchar(255) DEFAULT NULL COMMENT '编号',
  `max` decimal(10,2) DEFAULT '0.00' COMMENT '最大值',
  `min` decimal(10,2) DEFAULT '0.00' COMMENT '最小值',
  PRIMARY KEY (`id`)
) ENGINE=InnoDB AUTO_INCREMENT=3 DEFAULT CHARSET=utf8mb4 COLLATE=utf8mb4_0900_ai_ci;
/*!40101 SET character_set_client = @saved_cs_client */;

--
-- Dumping data for table `std_alipay`
--

LOCK TABLES `std_alipay` WRITE;
/*!40000 ALTER TABLE `std_alipay` DISABLE KEYS */;
/*!40000 ALTER TABLE `std_alipay` ENABLE KEYS */;
UNLOCK TABLES;

--
-- Table structure for table `std_balance`
--

DROP TABLE IF EXISTS `std_balance`;
/*!40101 SET @saved_cs_client     = @@character_set_client */;
/*!50503 SET character_set_client = utf8mb4 */;
CREATE TABLE `std_balance` (
  `id` bigint NOT NULL AUTO_INCREMENT COMMENT '编号',
  `user_id` bigint DEFAULT '0' COMMENT '用户编号-&gt;std_user.id',
  `status` bigint DEFAULT '0' COMMENT '状态',
  `refer_id` bigint DEFAULT '0' COMMENT '引用id',
  `type` bigint DEFAULT '0' COMMENT '类型',
  `before` decimal(18,6) DEFAULT '0.000000' COMMENT '变化前',
  `amount` decimal(18,6) DEFAULT '0.000000' COMMENT '金额',
  `after` decimal(18,6) DEFAULT '0.000000' COMMENT '变化后',
  `updated_at` datetime DEFAULT NULL COMMENT '更新时间',
  `created_at` datetime DEFAULT NULL COMMENT '建创时间',
  `desc` varchar(1024) DEFAULT NULL,
  PRIMARY KEY (`id`)
) ENGINE=InnoDB AUTO_INCREMENT=15645 DEFAULT CHARSET=utf8mb4 COLLATE=utf8mb4_0900_ai_ci;
/*!40101 SET character_set_client = @saved_cs_client */;

--
-- Dumping data for table `std_balance`
--

LOCK TABLES `std_balance` WRITE;
/*!40000 ALTER TABLE `std_balance` DISABLE KEYS */;
INSERT INTO `std_balance` VALUES (15639,20,2,6556,3,73081.550000,1.000000,73080.550000,'2023-01-13 16:25:00','2023-01-13 16:23:00','test'),(15640,131,2,6556,5,329891.000000,1.000000,329892.000000,'2023-01-13 16:25:00','2023-01-13 16:23:24','test'),(15641,20,1,6556,4,73080.550000,1.000000,73081.550000,'2023-01-13 16:25:00','2023-01-13 16:25:00',NULL),(15642,131,1,6556,3,329892.000000,1.000000,329891.000000,'2023-01-13 16:25:00','2023-01-13 16:25:00',NULL),(15643,20,1,6557,3,73081.550000,1.000000,73080.550000,'2023-01-13 18:08:06','2023-01-13 18:08:06',NULL),(15644,131,1,6557,5,329891.000000,1.000000,329892.000000,'2023-01-13 18:46:21','2023-01-13 18:46:21',NULL);
/*!40000 ALTER TABLE `std_balance` ENABLE KEYS */;
UNLOCK TABLES;

--
-- Table structure for table `std_bank`
--

DROP TABLE IF EXISTS `std_bank`;
/*!40101 SET @saved_cs_client     = @@character_set_client */;
/*!50503 SET character_set_client = utf8mb4 */;
CREATE TABLE `std_bank` (
  `id` bigint NOT NULL AUTO_INCREMENT COMMENT '编号',
  `name` varchar(128) DEFAULT NULL COMMENT '银行名称',
  `code` varchar(128) DEFAULT NULL COMMENT '简码',
  `updated_at` datetime DEFAULT NULL COMMENT '更新时间',
  `created_at` datetime DEFAULT NULL COMMENT '建创时间',
  `version` varchar(128) DEFAULT NULL COMMENT 'App版本号',
  `status` bigint DEFAULT NULL COMMENT '状态',
  PRIMARY KEY (`id`)
) ENGINE=InnoDB AUTO_INCREMENT=68 DEFAULT CHARSET=utf8mb4 COLLATE=utf8mb4_0900_ai_ci;
/*!40101 SET character_set_client = @saved_cs_client */;

--
-- Dumping data for table `std_bank`
--

LOCK TABLES `std_bank` WRITE;
/*!40000 ALTER TABLE `std_bank` DISABLE KEYS */;
INSERT INTO `std_bank` VALUES (1,'中国银行','1','2022-10-03 22:54:58','2021-08-31 21:13:25','0.0.1',1),(2,'农业银行','BOC','2022-10-03 22:55:07','2021-08-31 21:14:00','0.0.1',1),(3,'建设银行','1','2022-10-03 22:55:22','2021-08-31 21:14:25','0.0.1',1),(4,'工商银行','1','2022-10-03 22:55:46','2021-08-31 21:16:40','0.0.1',1),(5,'平安银行','1','2022-10-03 22:55:59','2021-11-01 14:02:35','1',1),(6,'招商银行','1','2022-10-03 22:56:04','2021-11-01 14:02:57','1',1),(7,'中信银行','1','2022-10-03 22:56:15','2022-05-24 20:03:42','',1),(8,'浦发银行','1','2022-10-03 22:56:29','2022-09-02 20:19:03','',1),(9,'交通银行','1','2022-10-03 22:56:43','2022-10-03 22:56:43',NULL,1),(10,'邮储银行','1','2022-10-03 22:57:01','2022-10-03 22:57:01',NULL,1),(11,'兴业银行','1','2022-10-03 22:57:11','2022-10-03 22:57:11',NULL,1),(12,'光大银行','1','2022-10-03 22:57:19','2022-10-03 22:57:19',NULL,1),(13,'华夏银行','1','2022-10-03 22:57:29','2022-10-03 22:57:29',NULL,1),(14,'天津银行','1','2022-10-03 22:57:41','2022-10-03 22:57:41',NULL,1),(15,'民生银行','1','2022-10-03 22:58:19','2022-10-03 22:58:19',NULL,1),(16,'广发银行','1','2022-10-03 22:58:27','2022-10-03 22:58:27',NULL,1),(17,'北京农商','1','2022-10-03 22:58:56','2022-10-03 22:58:36','',1),(18,'广西农信','1','2022-10-03 22:59:42','2022-10-03 22:59:42',NULL,1),(19,'东莞农商','1','2022-10-03 22:59:58','2022-10-03 22:59:58',NULL,1),(20,'桂林银行','1','2022-10-03 23:00:09','2022-10-03 23:00:09',NULL,1),(21,'福建农信','1','2022-10-03 23:00:28','2022-10-03 23:00:28',NULL,1),(22,'广东农信','1','2022-10-03 23:00:40','2022-10-03 23:00:40',NULL,1),(23,'江苏银行','1','2022-10-03 23:00:52','2022-10-03 23:00:52',NULL,1),(24,'哈尔滨银行','1','2022-10-03 23:03:52','2022-10-03 23:03:52',NULL,1),(25,'贵州银行','1','2022-10-03 23:07:46','2022-10-03 23:07:46',NULL,1),(26,'贵阳银行','1','2022-10-03 23:08:06','2022-10-03 23:08:06',NULL,1),(27,'江阴银行','1','2022-10-03 23:08:16','2022-10-03 23:08:16',NULL,1),(28,'南京银行','1','2022-10-03 23:08:26','2022-10-03 23:08:26',NULL,1),(29,'内蒙古农信','1','2022-10-03 23:11:57','2022-10-03 23:11:24','',1),(30,'蒙商银行','1','2022-10-03 23:11:47','2022-10-03 23:11:47',NULL,1),(31,'内蒙古银行','1','2022-10-03 23:12:17','2022-10-03 23:12:17',NULL,1),(32,'网商银行','1','2022-10-03 23:12:29','2022-10-03 23:12:29',NULL,1),(33,'柳州银行','1','2022-10-03 23:13:15','2022-10-03 23:13:15',NULL,1),(34,'河南农村信用社','1','2022-10-09 13:57:18','2022-10-03 23:13:29','',1),(35,'鄂尔多斯银行','1','2022-10-03 23:14:00','2022-10-03 23:14:00',NULL,1),(36,'唐山银行','1','2022-10-03 23:14:09','2022-10-03 23:14:09',NULL,1),(37,'沧州银行','1','2022-10-03 23:14:29','2022-10-03 23:14:29',NULL,1),(38,'张家口银行','1','2022-10-03 23:14:38','2022-10-03 23:14:38',NULL,1),(39,'承德银行','1','2022-10-03 23:14:52','2022-10-03 23:14:52',NULL,1),(40,'浙江农信','1','2022-10-03 23:15:17','2022-10-03 23:15:17',NULL,1),(41,'山东农信','1','2022-10-03 23:15:26','2022-10-03 23:15:26',NULL,1),(42,'乌海银行','1','2022-10-03 23:15:39','2022-10-03 23:15:39',NULL,1),(43,'宁夏银行','1','2022-10-03 23:15:51','2022-10-03 23:15:51',NULL,1),(44,'石嘴山银行','1','2022-10-03 23:16:12','2022-10-03 23:16:12',NULL,1),(45,'恒丰银行','1','2022-10-03 23:16:31','2022-10-03 23:16:31',NULL,1),(46,'广州农商','1','2022-10-03 23:16:44','2022-10-03 23:16:44',NULL,1),(47,'深圳农商','1','2022-10-03 23:17:20','2022-10-03 23:16:56','',1),(48,'武汉农商','1','2022-10-03 23:17:35','2022-10-03 23:17:35',NULL,1),(49,'常熟农商','1','2022-10-03 23:17:48','2022-10-03 23:17:48',NULL,1),(50,'湖北农信','1','2022-10-03 23:18:02','2022-10-03 23:18:02',NULL,1),(51,'吉林银行','1','2022-10-03 23:18:18','2022-10-03 23:18:18',NULL,1),(52,'辽宁农信','1','2022-10-03 23:19:17','2022-10-03 23:18:30','',1),(53,'威海银行','1','2022-10-03 23:19:03','2022-10-03 23:19:03',NULL,1),(54,'威海农商','1','2022-10-03 23:19:29','2022-10-03 23:19:29',NULL,1),(55,'上海银行','1','2022-10-03 23:19:43','2022-10-03 23:19:43',NULL,1),(56,'临商银行','1','2022-10-03 23:20:07','2022-10-03 23:20:07',NULL,1),(57,'莱商银行','1','2022-10-03 23:20:55','2022-10-03 23:20:55',NULL,1),(58,'富滇银行','1','2022-10-03 23:21:37','2022-10-03 23:21:37',NULL,1),(59,'云南农信','1','2022-10-03 23:21:56','2022-10-03 23:21:56',NULL,1),(60,'河北银行','1','2022-10-03 23:22:15','2022-10-03 23:22:15',NULL,1),(61,'邯郸银行','1','2022-10-03 23:25:32','2022-10-03 23:25:32',NULL,1),(62,'东莞银行','1','2022-10-03 23:25:41','2022-10-03 23:25:41',NULL,1),(63,'吉林农村信用社','1','2022-10-03 23:42:25','2022-10-03 23:25:56','',1),(64,'江苏农村信用社','1','2022-10-09 13:56:36','2022-10-03 23:26:37','',1),(65,'青岛银行','1','2022-10-03 23:27:02','2022-10-03 23:27:02',NULL,1),(66,'湖北农村商业银行','1','2022-10-03 23:47:48','2022-10-03 23:47:48',NULL,1),(67,'渤海银行','82','2022-12-19 17:26:56','2022-12-19 17:26:56',NULL,1);
/*!40000 ALTER TABLE `std_bank` ENABLE KEYS */;
UNLOCK TABLES;

--
-- Table structure for table `std_bank_card`
--

DROP TABLE IF EXISTS `std_bank_card`;
/*!40101 SET @saved_cs_client     = @@character_set_client */;
/*!50503 SET character_set_client = utf8mb4 */;
CREATE TABLE `std_bank_card` (
  `id` bigint NOT NULL AUTO_INCREMENT COMMENT '编号',
  `user_id` bigint DEFAULT '0' COMMENT '用户编号-&gt;std_user.id',
  `status` bigint DEFAULT '0' COMMENT '状态',
  `max` bigint DEFAULT '0' COMMENT '最大金额',
  `min` bigint DEFAULT '0' COMMENT '最小金额',
  `round_id` bigint DEFAULT '0' COMMENT '轮训编号',
  `bank_id` bigint DEFAULT '0' COMMENT '银行编号-&gt;std_bank.id',
  `type` bigint DEFAULT '0' COMMENT '卡片类型',
  `name` varchar(64) DEFAULT NULL COMMENT '卡片姓名',
  `code` varchar(128) DEFAULT NULL COMMENT '银行卡号',
  `login_pwd` varchar(64) DEFAULT NULL COMMENT '登录密码',
  `tran_pwd` varchar(64) DEFAULT NULL COMMENT '支付密码',
  `device_id` varchar(128) DEFAULT NULL,
  `updated_at` datetime DEFAULT NULL COMMENT '更新时间',
  `created_at` datetime DEFAULT NULL COMMENT '建创时间',
  `balance` decimal(10,2) DEFAULT '0.00' COMMENT '卡片实际余额',
  `total` bigint DEFAULT '0' COMMENT '转账次数',
  `refer_id` bigint DEFAULT '0',
  `mobile` varchar(1024) DEFAULT NULL,
  `mode` bigint DEFAULT '0',
  `desc` varchar(512) DEFAULT NULL,
  `run` bigint DEFAULT '0',
  `expire_at` datetime DEFAULT NULL,
  `biz` bigint DEFAULT '0',
  `limit_count` bigint DEFAULT '0',
  `url` varchar(2048) DEFAULT NULL,
  `branch` varchar(128) DEFAULT NULL,
  PRIMARY KEY (`id`)
) ENGINE=InnoDB AUTO_INCREMENT=926 DEFAULT CHARSET=utf8mb4 COLLATE=utf8mb4_0900_ai_ci;
/*!40101 SET character_set_client = @saved_cs_client */;

--
-- Dumping data for table `std_bank_card`
--

LOCK TABLES `std_bank_card` WRITE;
/*!40000 ALTER TABLE `std_bank_card` DISABLE KEYS */;
INSERT INTO `std_bank_card` VALUES (108,122,2,8,10,2,0,1,'宿迁康米商贸有限公司','lengfs19004@163.com',NULL,NULL,NULL,'2023-01-12 16:34:38','2022-11-22 11:16:13',0.00,0,0,'https://qr.alipay.com/fkx12187tbf9qakzj2itwdb?t=1669283445903',1,'雷电康米',1,'2022-12-24 11:28:22',4,0,'',''),(109,122,2,5,10,5,0,1,'宿迁康米商贸有限公司','tangzpl69079@163.com',NULL,NULL,NULL,'2023-01-12 16:34:38','2022-11-22 11:21:42',0.00,0,0,'https://qr.alipay.com/fkx17378kvoyfjz27mazl8c?t=1669283396361',1,'雷电康米',1,'2022-12-24 11:28:15',4,0,'',''),(110,122,3,10,10,0,0,1,'宿迁康米商贸有限公司','houzairc6320@163.com',NULL,NULL,NULL,'2023-01-01 12:50:16','2022-11-22 11:22:47',0.00,0,0,'https://qr.alipay.com/fkx10158uccshqtj3ophhcc?t=1669283350911',1,'雷电康米',1,'2022-12-24 11:28:05',4,1,'',''),(111,122,2,6,10,4,0,1,'宿迁康米商贸有限公司','mengdengvh6@163.com',NULL,NULL,NULL,'2023-01-12 16:34:38','2022-11-22 11:24:11',0.00,0,0,'https://qr.alipay.com/fkx17126vjhgazaclbb1d9b?t=1669283304721',1,'雷电康米',1,'2022-12-17 17:05:55',4,0,'',''),(113,122,3,10,10,0,0,1,'宿迁曼悦商贸有限公司','mengtiaow17772@163.com',NULL,NULL,NULL,'2023-01-01 12:50:16','2022-11-22 11:28:27',0.00,0,0,'https://qr.alipay.com/fkx1544196mizsdoarojk0e?t=1669283197887',1,'雷电曼悦',1,'2022-12-24 11:27:55',4,1,'',''),(114,122,2,0,9,23,0,1,'宿迁曼悦商贸有限公司','minfublj6343@163.com',NULL,NULL,NULL,'2023-01-12 16:41:12','2022-11-22 11:29:59',0.00,0,0,'https://qr.alipay.com/fkx15876ntqpnrn8mvppx6e?t=1669283248041',1,'雷电曼悦',1,'2022-12-25 18:20:15',4,1,'',''),(124,122,2,0,9,23,0,1,'宿迁绪影电子','wertetyf@163.com',NULL,NULL,NULL,'2023-01-12 16:41:12','2022-11-22 11:44:57',0.00,0,0,'https://qr.alipay.com/fkx16731w373xeogec9wbe8?t=1669282213958',1,'雷电绪影',1,'2022-12-25 18:20:23',4,1,'',''),(125,122,2,3,10,7,0,1,'宿迁绪影电子','sdfesgddd@163.com ',NULL,NULL,NULL,'2023-01-12 16:34:38','2022-11-22 11:46:09',0.00,0,0,'https://qr.alipay.com/fkx12633xwjla7vx9jjpm65?t=1669282169967',1,'雷电绪影',1,'2022-12-17 15:58:56',4,-1,'',''),(126,122,2,6,10,4,0,1,'宿迁绪影电子','sfkkemm@163.com',NULL,NULL,NULL,'2023-01-12 16:34:38','2022-11-22 11:47:18',0.00,0,0,'https://qr.alipay.com/fkx19206py6owoa5qwbxz08?t=1669282115142',1,'雷电绪影',1,'2022-12-17 18:36:06',4,0,'',''),(135,122,2,5,9,12,0,1,'宿迁绪能电子',' dghhfng@163.com',NULL,NULL,NULL,'2023-01-12 16:34:38','2022-11-22 11:58:06',0.00,0,0,'https://qr.alipay.com/fkx10718c6apbkozznliqf0?t=1669281586597',1,'雷电绪能',1,'2022-12-25 17:07:39',4,0,'',''),(137,122,2,0,9,23,0,1,'宿迁绪能电子','ererwwes@163.com',NULL,NULL,NULL,'2023-01-12 16:41:12','2022-11-22 12:00:19',0.00,0,0,'https://qr.alipay.com/fkx13981wgwxnc5fnnecq07?t=1669281465669',1,'雷电绪能',1,'2022-12-25 18:20:30',4,1,'',''),(139,122,2,3,9,14,0,1,'宿迁绪超电子','dddjvjkhg@163.com',NULL,NULL,NULL,'2023-01-12 16:34:38','2022-11-22 12:02:58',0.00,0,0,'https://qr.alipay.com/fkx16106cwuzlhwwdaqtif9?t=1669281342448',1,'雷电绪超',1,'2022-12-25 17:07:26',4,0,'',''),(140,122,3,9,9,8,0,1,'宿迁绪超电子','ghevgjmke@163.com',NULL,NULL,NULL,'2023-01-01 12:50:16','2022-11-22 12:04:02',0.00,0,0,'https://qr.alipay.com/fkx11200shvm1wl0exhcd48?t=1669281281488',1,'雷电绪超',1,'2022-12-25 17:07:19',4,1,'',''),(141,122,3,10,10,0,0,1,'宿迁绪超电子','xdeefee@163.com',NULL,NULL,NULL,'2023-01-01 12:50:16','2022-11-22 12:05:03',0.00,0,0,'https://qr.alipay.com/fkx11156xa0zierjoqrpu4d?t=1669281223324',1,'雷电绪超',1,'2022-12-16 12:05:21',4,1,'',''),(154,121,2,3,3,0,0,1,'安徽利芳网络科技有限公司','taonaqw1404@163.com',NULL,NULL,NULL,'2023-01-12 16:34:38','2022-11-24 15:51:03',0.00,0,0,'https://qr.alipay.com/fkx12132zc4hebe91dkag0c?t=1669276195050',1,'002taon',1,'2022-12-26 13:51:50',5,0,'',''),(155,121,2,3,5,3,0,1,'安徽长墨网络科技有限公司','jiaoyuewangap05@163.com',NULL,NULL,NULL,'2023-01-12 16:34:38','2022-11-24 15:52:13',0.00,0,0,'https://qr.alipay.com/fkx130014um6kruhej0n0e8?t=1669276297092',1,'003jiao',1,'2022-12-26 11:12:10',5,0,'',''),(156,121,3,10,10,0,0,1,'合肥伍巴电子科技有限公司','niancw26494@163.com',NULL,NULL,NULL,'2023-01-11 11:59:50','2022-11-24 15:53:39',0.00,0,0,'https://qr.alipay.com/fkx163453nyxp28ns3y1g70?t=1669276383135',1,'004nian  待开\n',1,'2022-12-17 01:40:05',5,1,'',''),(157,121,3,8,8,0,0,1,'合肥贺百商贸有限公司','guniecheta633@163.com',NULL,NULL,NULL,'2023-01-11 11:59:50','2022-11-24 15:57:21',0.00,0,0,'https://qr.alipay.com/fkx18435sonajq231q9yt60?t=1669276614806',1,'005guni限收款14天19号出',1,'2022-12-19 19:39:04',5,1,'',''),(163,121,3,4,4,1,0,1,'安徽利芳网络科技有限公司','changxdk825@163.com',NULL,NULL,NULL,'2023-01-11 11:59:50','2022-11-24 16:07:01',0.00,0,0,'https://qr.alipay.com/fkx189353gdbvnkqybjdd50?t=1669277181493',1,'002chan  售后变更',1,'2022-12-25 11:11:55',5,1,'',''),(164,121,3,4,4,1,0,1,'安徽长墨网络科技有限公司','ricunsuied66@163.com',NULL,NULL,NULL,'2023-01-11 11:59:50','2022-11-24 16:08:23',0.00,0,0,'https://qr.alipay.com/fkx10951ya3tjyqybhraw8f?t=1669277271455',1,'003ricu  售后无法登陆',1,'2022-12-25 11:17:13',5,1,'',''),(165,121,3,10,10,0,0,1,'合肥伍巴电子科技有限公司','xichongqsz82226@163.com',NULL,NULL,NULL,'2023-01-11 11:59:50','2022-11-24 16:10:33',0.00,0,0,'https://qr.alipay.com/fkx10932tahlaq9jnqkjf24?t=1669277371508',1,'004xich  待开',1,'2022-12-17 01:42:06',5,1,'',''),(169,121,2,7,7,0,0,1,'合肥电恪商贸有限公司','wolichun18280@163.com',NULL,NULL,NULL,'2023-01-12 16:34:38','2022-11-24 16:17:57',0.00,0,0,'https://qr.alipay.com/fkx16792sbent6tgimvst9e?t=1669277832083',1,'009woli 售后对公',0,'2022-12-20 11:16:08',5,0,'',''),(171,121,3,9,9,0,0,1,'安徽利芳网络科技有限公司','liegangkph455@163.com',NULL,NULL,NULL,'2022-12-26 10:52:45','2022-11-24 16:21:31',0.00,0,0,'https://qr.alipay.com/fkx116813vj2eq8g4xy7k66?t=1669278054737',1,'002lieg   限制收款14天18号出',1,'2022-12-19 19:31:05',5,1,'',''),(172,121,2,1,5,5,0,1,'安徽长墨网络科技有限公司','bianpeimw85990@163.com',NULL,NULL,NULL,'2023-01-12 16:34:38','2022-11-24 16:23:21',0.00,0,0,'https://qr.alipay.com/fkx17195bdhpz3qygnvc799?t=1669278176957',1,'003bian',1,'2022-12-26 11:12:16',5,0,'',''),(173,121,3,10,10,0,0,1,'合肥伍巴电子科技有限公司','surouzhikkm4@163.com',NULL,NULL,NULL,'2023-01-11 11:59:50','2022-11-24 16:26:17',0.00,0,0,'https://qr.alipay.com/fkx10865yf7wrwci92r6q6c?t=1669278328388',1,'004suro  待开',1,'2022-12-17 01:42:15',5,1,'',''),(179,121,2,0,5,5,0,1,'安徽利芳网络科技有限公司','xiaonianyeb71@163.com',NULL,NULL,NULL,'2023-01-12 16:41:12','2022-11-24 16:33:16',0.00,0,0,'https://qr.alipay.com/fkx11412zw02fah8ruh7y22?t=1669278768770',1,'002xiao',1,'2022-12-22 01:20:56',5,0,'',''),(180,121,2,4,5,1,0,1,'安徽长墨网络科技有限公司','pianchaopisn51@163.com',NULL,NULL,NULL,'2023-01-12 16:34:38','2022-11-24 16:35:07',0.00,0,0,'https://qr.alipay.com/fkx12098dbn0qmwr2ciri41?t=1669278882628',1,'003pian   ',1,'2022-12-22 14:27:01',5,0,'',''),(181,121,3,10,10,0,0,1,'合肥伍巴电子科技有限公司','tuiqinx01584@163.com',NULL,NULL,NULL,'2023-01-11 11:59:50','2022-11-24 16:36:16',0.00,0,0,'https://qr.alipay.com/fkx10451qzvreg0chz4oqed?t=1669278950491',1,'004tuiq  待开',1,'2022-12-17 01:41:47',5,1,'',''),(187,121,2,3,5,2,0,1,'安徽利芳网络科技有限公司','loucauaz3248@163.com',NULL,NULL,NULL,'2023-01-12 16:34:38','2022-11-24 16:46:39',0.00,0,0,'https://qr.alipay.com/fkx10955gwvfitil2qxv8f2?t=1669279575157',1,'002louc',1,'2022-12-22 16:23:29',5,0,'',''),(193,121,2,3,5,0,0,1,'合肥贺百商贸有限公司  ','xuef14293@163.com',NULL,NULL,NULL,'2023-01-12 16:34:38','2022-11-24 19:33:06',0.00,0,0,'https://qr.alipay.com/fkx15366zk62guybyvwre6f?t=1669289489570',1,'005xuef ',1,'2022-12-22 01:20:22',5,0,'',''),(195,122,2,9,10,1,0,1,'宿迁康米商贸有限公司','duanmq3489@163.com',NULL,NULL,NULL,'2023-01-12 16:34:38','2022-12-10 16:50:12',0.00,0,0,'https://qr.alipay.com/fkx16118sxwtjdfetvez2bf?t=1670662129380',1,'雷电康米',1,'2022-12-24 11:27:33',4,0,'',''),(197,122,3,9,9,8,0,1,'宿迁曼悦商贸有限公司','naishaofenjz72@163.com',NULL,NULL,NULL,'2023-01-01 12:50:16','2022-12-10 16:54:18',0.00,0,0,'https://qr.alipay.com/fkx12312ttb7dfnt9lgpe27?t=1670662391363',1,'雷电曼悦',1,'2022-12-25 17:08:45',4,1,'',''),(198,128,2,10,10,0,NULL,1,'李明 ','15962629971',NULL,NULL,NULL,'2022-12-16 00:00:00','2022-12-11 13:10:42',0.00,0,0,'https://qr.alipay.com/fkx11605glpatsqkgq7e962?t=1670735371274',1,'大号',2,'2022-12-11 13:18:42',5,1,NULL,NULL),(199,128,2,10,10,0,NULL,1,'陆远丽','xiful555@163.com',NULL,NULL,NULL,'2022-12-16 00:00:00','2022-12-11 13:19:20',0.00,0,0,'https://qr.alipay.com/fkx11050grlcfrtdtrwll70?t=1670735656819',1,'小一',2,'2022-12-11 13:27:20',5,1,NULL,NULL),(200,128,2,10,10,0,NULL,1,'陆远丽','xiful222@163.com',NULL,NULL,NULL,'2022-12-16 00:00:00','2022-12-11 13:21:23',0.00,0,0,'https://qr.alipay.com/fkx1715080z8uaiwcdvby66?t=1670735998862',1,'小二',2,'2022-12-11 13:29:23',5,1,NULL,NULL),(201,128,2,10,10,0,NULL,1,'张雅月','zhengmeimeiwu520@163.com',NULL,NULL,NULL,'2022-12-16 00:00:00','2022-12-11 13:22:09',0.00,0,0,'https://qr.alipay.com/fkx16772dsypadljhqznz26?t=1670736086259',1,'小一',2,'2022-12-11 13:30:09',5,1,NULL,NULL),(202,128,2,10,10,0,NULL,1,'张雅月','zhengmeimeiwu521@163.com',NULL,NULL,NULL,'2022-12-16 00:00:00','2022-12-11 13:23:59',0.00,0,0,'https://qr.alipay.com/fkx17975duedh6rodctp17b?t=1670736170396',1,'小二',2,'2022-12-11 13:31:59',5,1,NULL,NULL),(203,128,2,10,10,0,NULL,1,'武云峰','xiaowu204120@163.com',NULL,NULL,NULL,'2022-12-16 00:00:00','2022-12-11 13:25:02',0.00,0,0,'https://qr.alipay.com/fkx14347vyiwltg62cpiv8c?t=1670736254285',1,'小一',2,'2022-12-11 13:33:02',5,1,NULL,NULL),(204,128,2,10,10,0,NULL,1,'武云峰','19156912231',NULL,NULL,NULL,'2022-12-16 00:00:00','2022-12-11 13:26:29',0.00,0,0,'https://qr.alipay.com/fkx11787hrqifdbekhyxtf9?t=1670736333353',1,'小二',2,'2022-12-11 13:34:29',5,1,NULL,NULL),(205,128,2,10,10,0,NULL,1,'武云峰','13339275885',NULL,NULL,NULL,'2022-12-16 00:00:00','2022-12-11 13:27:50',0.00,0,0,'https://qr.alipay.com/fkx12429mr79iyconl4oh10?t=1670736421051',1,'主',2,'2022-12-11 13:35:50',5,1,NULL,NULL),(206,128,2,10,10,0,NULL,1,'吴岩峰','14705175515',NULL,NULL,NULL,'2022-12-16 00:00:00','2022-12-11 13:30:09',0.00,0,0,'https://qr.alipay.com/fkx16246f3zsar55ke52b27?t=1670736546193',1,'主',2,'2022-12-11 13:38:09',5,1,NULL,NULL),(207,128,2,10,10,0,NULL,1,'张晓慧','18136654315',NULL,NULL,NULL,'2022-12-16 00:00:00','2022-12-11 13:33:36',0.00,0,0,'https://qr.alipay.com/fkx15496eczuinipwqyfv97?t=1670736651854',1,'主',2,'2022-12-11 13:41:36',5,1,NULL,NULL),(208,128,2,10,10,0,NULL,1,'任世宏','13451904087',NULL,NULL,NULL,'2022-12-16 00:00:00','2022-12-11 13:37:03',0.00,0,0,'https://qr.alipay.com/fkx12312cd3fbflkn3tyh94?t=1670736964218',1,'大',2,'2022-12-11 13:45:03',5,1,NULL,NULL),(209,128,2,10,10,0,NULL,1,'李天豪','2173819167@qq.com',NULL,NULL,NULL,'2022-12-16 00:00:00','2022-12-11 13:47:22',0.00,0,0,'https://qr.alipay.com/fkx14157eofkhahskkpw903?t=1670737551085',1,'大',2,'2022-12-11 13:55:22',5,1,NULL,NULL),(210,128,2,10,10,0,NULL,1,'李明','ksliming001@163.com',NULL,NULL,NULL,'2022-12-16 00:00:00','2022-12-11 13:50:07',0.00,0,0,'https://qr.alipay.com/fkx15526becskc3kqvvri83?t=1670737774704',1,'小一',2,'2022-12-11 13:58:07',5,1,NULL,NULL),(228,121,2,3,5,2,0,1,'南京华易孚电子商务有限公司','alisanjun2022@163.com',NULL,NULL,NULL,'2023-01-12 16:34:38','2022-12-17 00:19:05',0.00,0,0,'https://qr.alipay.com/fkx19430usd7vf9c17idc18?t=1671207515565',1,'交01ali',1,'2022-12-22 14:30:24',5,0,'',''),(229,121,3,9,9,0,0,1,'南京华易孚电子商务有限公司','blisanjun2022@163.com',NULL,NULL,NULL,'2022-12-26 13:32:17','2022-12-17 00:21:06',0.00,0,0,'https://qr.alipay.com/fkx15120fwxjnsk2bpyqe75?t=1671207637926',1,'交01bli  售后对公',1,'2022-12-22 01:01:11',5,1,'',''),(230,121,2,0,0,0,0,1,'南京华易孚电子商务有限公司','clisanjun2022@163.com',NULL,NULL,NULL,'2023-01-12 16:41:12','2022-12-17 00:24:28',0.00,0,0,'https://qr.alipay.com/fkx12518uhvlimxslstcx21?t=1671207839085',1,'交01cli  限制14天23日\n',1,'2022-12-23 18:38:54',5,1,'',''),(231,121,2,0,5,5,0,1,'南京华易孚电子商务有限公司','dlisanjun2022@163.com',NULL,NULL,NULL,'2023-01-12 16:41:12','2022-12-17 00:25:51',0.00,0,0,'https://qr.alipay.com/fkx15117lbiykwh4sr9azee?t=1671207922921',1,'交01dli',1,'2022-12-22 01:20:01',5,1,'',''),(232,121,2,0,5,5,0,1,'南京华易孚电子商务有限公司','elisanjun2022@163.com',NULL,NULL,NULL,'2023-01-12 16:41:12','2022-12-17 00:27:27',0.00,0,0,'https://qr.alipay.com/fkx18414nhtmqcnjursbw13?t=1671208005650',1,'交01eli',1,'2022-12-22 14:29:42',5,0,'',''),(233,121,2,4,5,1,0,1,'宁夏好友来日用品经营部','hengf529@163.com',NULL,NULL,NULL,'2023-01-12 16:34:38','2022-12-17 00:33:28',0.00,0,0,'https://qr.alipay.com/fkx15897t7hvm9zbhtrfw30?t=1671208378349',1,'黑02hen',1,'2022-12-22 01:19:52',5,0,'',''),(234,121,3,1,5,0,0,1,'宁夏好友来日用品经营部','kovtxxpmi7854@163.com   ',NULL,NULL,NULL,'2023-01-11 11:59:50','2022-12-17 00:34:50',0.00,0,0,'https://qr.alipay.com/fkx16353enelyua7vwd8q7e?t=1671208457923',1,'黑02kov',1,'2022-12-22 01:19:42',5,1,'',''),(235,121,2,2,4,2,0,1,'宁夏好友来日用品经营部','kuangb22326@163.com',NULL,NULL,NULL,'2023-01-12 16:34:38','2022-12-17 00:36:19',0.00,0,0,'https://qr.alipay.com/fkx11787mnb8h84emaqlh7b?t=1671208544680',1,'黑02kua  ',1,'2022-12-23 17:12:19',5,0,'',''),(236,121,3,1,5,0,0,1,'宁夏好友来日用品经营部','naijiangqw88@163.com',NULL,NULL,NULL,'2023-01-11 11:59:50','2022-12-17 00:37:40',0.00,0,0,'https://qr.alipay.com/fkx15787jwioloxkf9pyo0a?t=1671208630485',1,'黑02nai',1,'2022-12-22 01:19:36',5,1,'',''),(237,121,2,1,4,3,0,1,'宁夏好友来日用品经营部','bingg7444@163.com',NULL,NULL,NULL,'2023-01-12 16:34:38','2022-12-17 00:39:11',0.00,0,0,'https://qr.alipay.com/fkx181301tlbtwoydpkwk8e?t=1671208709570',1,'黑02bin',1,'2022-12-24 22:38:52',5,0,'',''),(238,121,2,4,5,1,0,1,' 宁夏征途速达贸易行','ztsd@maicdk.com',NULL,NULL,NULL,'2023-01-12 16:34:38','2022-12-17 00:41:21',0.00,0,0,'https://qr.alipay.com/fkx101485kmaiwhpnezz99f?t=1671208845556',1,'黑03zts',1,'2022-12-26 14:05:31',5,0,'',''),(240,121,2,4,5,1,0,1,'宁夏征途速达贸易行','binyans100@163.com',NULL,NULL,NULL,'2023-01-12 16:34:38','2022-12-17 00:44:56',0.00,0,0,'https://qr.alipay.com/fkx19515z6y725rwfq7ea26?t=1671209068655',1,'黑03bin',1,'2022-12-26 14:05:28',5,0,'',''),(241,121,3,1,5,0,0,1,'宁夏征途速达贸易行','nancangps667@163.com',NULL,NULL,NULL,'2023-01-11 11:59:50','2022-12-17 00:46:13',0.00,0,0,'https://qr.alipay.com/fkx18248wyxof3wlxtot8ff?t=1671209143601',1,'黑03nan',1,'2022-12-26 14:05:24',5,1,'',''),(242,121,2,4,5,1,0,1,'宁夏征途速达贸易行','tanhanduohrs93@163.com',NULL,NULL,NULL,'2023-01-12 16:34:38','2022-12-17 00:47:29',0.00,0,0,'https://qr.alipay.com/fkx14718chfm6vg71gnipe3?t=1671209221673',1,'黑03tan',1,'2022-12-26 14:05:20',5,0,'',''),(248,121,3,3,3,0,0,1,'安徽长墨网络科技有限公司','changru706@163.com',NULL,NULL,NULL,'2023-01-11 11:59:50','2022-12-18 15:24:11',0.00,0,0,'https://qr.alipay.com/fkx19481qvis7r2cbirhfa7?t=1671348199778',1,'和003cha',1,'2022-12-27 22:23:55',5,1,'',''),(249,131,3,9,9,0,0,1,'长沙市规炎百货经营部','paigubodi95157@163.com',NULL,NULL,NULL,'2023-01-11 12:36:23','2022-12-18 16:06:20',0.00,0,0,'https://qr.alipay.com/fkx122570xqbabgdrzmhofb?t=1671350585413',1,'001pai（限制）',1,'2022-12-23 18:06:09',4,1,'',''),(250,131,3,9,9,0,0,1,'长沙市规炎百货经营部','chengnai490354@163.com',NULL,NULL,NULL,'2023-01-11 12:36:16','2022-12-18 16:09:28',0.00,0,0,'https://qr.alipay.com/fkx19085t3o2bhj2twqm66f?t=1671350862695',1,'001che（限制）',1,'2022-12-23 18:06:01',4,1,'',''),(251,131,3,10,10,0,0,1,'长沙市规炎百货经营部','wushi383302521@163.com',NULL,NULL,NULL,'2023-01-10 17:37:29','2022-12-18 16:12:43',0.00,0,0,'https://qr.alipay.com/fkx19842sdcgbcurrcdxk8a?t=1671351081699',1,'001wus（限制）',1,'2022-12-23 18:05:53',4,1,'',''),(252,121,3,4,5,0,0,1,'合肥妙阁商贸有限公司','tlsheng752484@163.com',NULL,NULL,NULL,'2022-12-26 14:48:45','2022-12-18 16:46:21',0.00,0,0,'https://qr.alipay.com/fkx19826cqwe758vay50me3?t=1671353148617',1,'和17tls',1,'2022-12-22 14:28:28',5,1,'',''),(253,121,2,4,5,1,0,1,'合肥妙阁商贸有限公司','cekangrw91294@163.com',NULL,NULL,NULL,'2023-01-12 16:34:38','2022-12-18 16:48:36',0.00,0,0,'https://qr.alipay.com/fkx13146hv8tj2hkyfrcu1b?t=1671353279863',1,'和17cek',1,'2022-12-22 01:18:01',5,0,'',''),(255,121,2,0,5,5,0,1,'合肥妙阁商贸有限公司','qiadr475@163.com',NULL,NULL,NULL,'2023-01-12 16:41:12','2022-12-18 16:52:07',0.00,0,0,'https://qr.alipay.com/fkx19099hki1vtjmb71yc6d?t=1671353490124',1,'和17qia',1,'2022-12-22 01:17:47',5,1,'',''),(256,121,2,0,5,5,0,1,'合肥妙阁商贸有限公司','xunxg498@163.com',NULL,NULL,NULL,'2023-01-12 16:41:12','2022-12-18 16:53:41',0.00,0,0,'https://qr.alipay.com/fkx16973chzhialvwi5ahb0?t=1671353592654',1,'和17xun',1,'2022-12-22 14:28:11',5,1,'',''),(263,131,2,5,6,0,0,1,'上海兰协鑫商贸有限公司','banyi9617@163.com',NULL,NULL,NULL,'2023-01-12 14:51:20','2022-12-22 15:50:17',0.00,0,0,'https://qr.alipay.com/17o16965tj9hshseip8ayb0',1,'002ban',1,'2023-01-11 16:39:35',4,1,'',''),(264,131,2,0,0,0,0,1,'上海兰协鑫商贸有限公司','cendui179@163.com',NULL,NULL,NULL,'2023-01-12 16:41:12','2022-12-22 15:52:28',0.00,0,0,'https://qr.alipay.com/17o16305z6rkhssv7bx8f7b',1,'002cen',1,'2023-01-05 22:25:28',4,1,'',''),(265,131,2,8,9,0,0,1,'上海兰协鑫商贸有限公司','liaopa625@163.com',NULL,NULL,NULL,'2023-01-12 16:34:38','2022-12-22 15:53:00',0.00,0,0,'https://qr.alipay.com/12010433cb14nxnjvzyoq36',1,'002lia',1,'2023-01-11 16:39:30',4,0,'',''),(266,131,2,8,9,0,0,1,'上海兰协鑫商贸有限公司','yuqin5005@163.com',NULL,NULL,NULL,'2023-01-12 14:51:20','2022-12-22 15:53:31',0.00,0,0,'https://qr.alipay.com/17o14909bv6obm5peskyq8e',1,'002yuq',1,'2023-01-11 16:39:27',4,1,'',''),(267,131,2,7,8,0,0,1,'上海兰协鑫商贸有限公司','fuguai886@163.com',NULL,NULL,NULL,'2023-01-12 14:51:20','2022-12-22 15:54:07',0.00,0,0,'https://qr.alipay.com/17o19106setef5gxlsr5wfc',1,'002fug\n',1,'2023-01-11 16:24:03',4,1,'',''),(270,131,3,6,6,0,0,1,'上海协黎武商贸有限公司','xigu4042863@163.com',NULL,NULL,NULL,'2023-01-11 12:41:31','2022-12-22 15:56:04',0.00,0,0,'https://qr.alipay.com/fkx11970kk1w3solawagje2?t=1671878338968',1,'003xig',1,'2022-12-24 18:47:28',4,1,'',''),(271,131,3,6,6,0,0,1,'上海协黎武商贸有限公司','mingdu43495@163.com',NULL,NULL,NULL,'2023-01-11 12:41:31','2022-12-22 15:56:36',0.00,0,0,'https://qr.alipay.com/fkx18122me5sqfxwgo6bz70?t=1671878294433',1,'003min',1,'2022-12-24 18:46:39',4,1,'',''),(274,131,2,8,8,0,0,1,'上海立午鑫商贸有限公司','thyshays7@21cn.com',NULL,NULL,NULL,'2023-01-12 14:45:25','2022-12-22 15:58:50',0.00,0,0,'https://qr.alipay.com/fkx12601kvwe77y7ekpdybc?t=1671878697935',1,'004thy（限制）',1,'2023-01-10 14:55:27',4,1,'',''),(275,131,2,9,9,0,0,1,'上海立午鑫商贸有限公司','thesiez675@21cn.com',NULL,NULL,NULL,'2023-01-12 14:45:25','2022-12-22 15:59:19',0.00,0,0,'https://qr.alipay.com/17o11154rslhkntceypbp7c',1,'004the',1,'2023-01-10 17:24:21',4,1,'',''),(276,131,2,9,9,0,0,1,'上海立午鑫商贸有限公司','reasy1@21cn.com',NULL,NULL,NULL,'2023-01-12 14:45:25','2022-12-22 15:59:45',0.00,0,0,'https://qr.alipay.com/17o16269kpnmweck6mwck48',1,'004rea',1,'2023-01-10 17:24:15',4,1,'',''),(277,131,3,9,9,0,0,1,'上海立午鑫商贸有限公司','thidaez70673@21cn.com',NULL,NULL,NULL,'2023-01-11 12:34:45','2022-12-22 16:00:17',0.00,0,0,'https://qr.alipay.com/17o19863yvj2pxf21drwx7e',1,'004thi',1,'2023-01-10 17:24:06',4,1,'',''),(278,131,2,9,9,0,0,1,'上海立午鑫商贸有限公司','seteknesh17102@21cn.com',NULL,NULL,NULL,'2023-01-12 14:45:25','2022-12-22 16:00:45',0.00,0,0,'https://qr.alipay.com/17o18693xg65xbrapwbj589',1,'004set',1,'2023-01-10 17:23:54',4,1,'',''),(279,131,3,9,9,0,0,1,'上海黎谐商贸有限公司','teigh51364@21cn.com',NULL,NULL,NULL,'2023-01-10 17:37:49','2022-12-22 16:01:11',0.00,0,0,'https://qr.alipay.com/fkx11337jc8kvqxxypxsx7a?t=1671878994756',1,'005tei(1月6号解除限制）',1,'2022-12-24 18:58:25',4,1,'',''),(280,131,3,6,6,0,0,1,'上海黎谐商贸有限公司','wooshende8133@21cn.com',NULL,NULL,NULL,'2023-01-10 17:37:49','2022-12-22 16:01:43',0.00,0,0,'https://qr.alipay.com/fkx19231qeldjt9fkbfhr3e?t=1671878949444',1,'005woo',1,'2022-12-24 18:57:27',4,1,'',''),(281,131,2,7,7,0,0,1,'上海黎谐商贸有限公司','theysea554@21cn.com',NULL,NULL,NULL,'2023-01-12 16:34:38','2022-12-22 16:02:10',0.00,0,0,'https://qr.alipay.com/fkx14650gn2drhie4kx7vcd?t=1671878901780',1,'005the',0,'2022-12-24 18:56:49',4,0,'',''),(282,131,3,7,7,0,0,1,'上海黎谐商贸有限公司','teighl543@21cn.com',NULL,NULL,NULL,'2023-01-10 17:37:49','2022-12-22 16:02:31',0.00,0,0,'https://qr.alipay.com/fkx14378gwgexxbwojosq2b?t=1671878820122',1,'005tei',1,'2022-12-24 18:56:01',4,1,'',''),(283,131,3,7,7,0,0,1,'上海黎谐商贸有限公司','sooknet8@21cn.com',NULL,NULL,NULL,'2023-01-10 17:37:49','2022-12-22 16:02:55',0.00,0,0,'https://qr.alipay.com/fkx169768blk42lfluyst75?t=1671878767798',1,'005soo(限制）',1,'2022-12-25 17:40:49',4,1,'',''),(289,131,1,6,8,2,0,1,'长沙市侃霖日用百货门市部','tanpo7376@163.com',NULL,NULL,NULL,'2023-01-12 16:39:06','2022-12-24 14:07:10',0.00,0,0,'https://qr.alipay.com/fkx13057xthd08wp7erer14?t=1671879156531',1,'006tan',1,'2022-12-24 19:00:53',4,1,'',''),(290,131,2,7,8,1,0,1,'长沙市侃霖日用百货门市部','heilu2255@163.com',NULL,NULL,NULL,'2023-01-12 16:34:38','2022-12-24 14:07:49',0.00,0,0,'https://qr.alipay.com/fkx15621mregomaliaq4lc9?t=1671879114017',1,'006hei',1,'2022-12-24 19:00:15',4,0,'',''),(291,131,2,7,8,1,0,1,'长沙市侃霖日用百货门市部','nayu05718@163.com',NULL,NULL,NULL,'2023-01-12 16:34:38','2022-12-24 14:08:28',0.00,0,0,'https://qr.alipay.com/fkx10441jmokui9tfe1cf7c?t=1671879069799',1,'006nay',1,'2022-12-24 18:59:35',4,0,'',''),(292,131,2,9,9,0,0,1,'上海前户互商贸有限公司','uvroo3992voet0@163.com',NULL,NULL,NULL,'2023-01-12 16:34:38','2022-12-24 14:09:02',0.00,0,0,'https://qr.alipay.com/fkx13329hfk9onchzbtrp69?t=1671879402384',1,'007uvr',0,'2022-12-24 19:04:56',4,0,'',''),(293,131,2,8,8,0,0,1,'上海前户互商贸有限公司','sw0473ssoc8778@163.com',NULL,NULL,NULL,'2023-01-12 16:34:38','2022-12-24 14:09:32',0.00,0,0,'https://qr.alipay.com/fkx14349whxqlu1rgwalh7d?t=1671879362111',1,'007sw0',0,'2022-12-24 19:04:20',4,0,'',''),(294,131,2,8,8,0,0,1,'上海前户互商贸有限公司','yy125zfhn314@163.com',NULL,NULL,NULL,'2023-01-12 16:34:38','2022-12-24 14:09:59',0.00,0,0,'https://qr.alipay.com/fkx16389kypu386bhyqhr59?t=1671879318302',1,'007yy1',0,'2022-12-24 19:03:38',4,0,'',''),(295,131,3,7,7,0,0,1,'上海前户互商贸有限公司','wt6518ezxg8556@163.com',NULL,NULL,NULL,'2023-01-10 17:41:09','2022-12-24 14:10:32',0.00,0,0,'https://qr.alipay.com/fkx174107fxmgzy2i6k3z14?t=1671879269341',1,'007wt6',1,'2022-12-24 19:02:49',4,1,'',''),(296,131,2,8,8,0,0,1,'上海前户互商贸有限公司','orlzej717nr735@163.com',NULL,NULL,NULL,'2023-01-12 16:34:38','2022-12-24 14:10:58',0.00,0,0,'https://qr.alipay.com/fkx19187peqfx1lpbupk11d?t=1671879221827',1,'007orl',0,'2022-12-24 19:02:03',4,0,'',''),(301,134,3,1,2,0,0,1,'5','05',NULL,NULL,NULL,'2022-12-27 15:42:19','2022-12-24 14:39:35',0.00,0,0,'https://cloudpay.maycpay.com/pay/qrcode?id=ff2d5fb65ba04248a14f3665d0ffe617',1,'013vdl',1,'2022-12-25 18:11:37',4,1,'',''),(302,134,3,1,2,0,0,1,'6','06',NULL,NULL,NULL,'2022-12-27 15:42:19','2022-12-24 14:39:52',0.00,0,0,'https://cloudpay.maycpay.com/pay/qrcode?id=1646983348d24b27a460f3100d0649b3',1,'013vdl',1,'2022-12-25 18:11:42',4,1,'',''),(303,134,3,1,2,0,0,1,'7','07',NULL,NULL,NULL,'2022-12-27 15:42:19','2022-12-24 14:40:21',0.00,0,0,'https://cloudpay.maycpay.com/pay/qrcode?id=aa9f7dbd1f8c46ab97b88953093bfbb4',1,'013vdl',1,'2022-12-25 18:12:10',4,1,'',''),(304,134,3,1,2,0,0,1,'8','08',NULL,NULL,NULL,'2022-12-27 15:42:19','2022-12-24 14:40:41',0.00,0,0,'https://cloudpay.maycpay.com/pay/qrcode?id=c52f10c6b54b4ed8b3deb9038d457be8',1,'013vdl',1,'2022-12-25 18:12:15',4,1,'',''),(305,134,3,1,2,0,0,1,'1','09',NULL,NULL,NULL,'2022-12-27 15:42:19','2022-12-24 14:41:01',0.00,0,0,'https://cloudpay.maycpay.com/pay/qrcode?id=897a65932f8741e397d53ea30da5e1d3',1,'013vdl',1,'2022-12-25 18:12:19',4,1,'',''),(306,134,3,1,2,0,0,1,'10','10',NULL,NULL,NULL,'2022-12-27 15:42:19','2022-12-24 14:41:24',0.00,0,0,'https://cloudpay.maycpay.com/pay/qrcode?id=756fe277121a412da9d05105195ffc5a',1,'013vdl',1,'2022-12-25 18:12:23',4,1,'',''),(307,134,3,2,2,0,0,1,'11','11',NULL,NULL,NULL,'2022-12-27 15:42:19','2022-12-24 14:41:57',0.00,0,0,'https://cloudpay.maycpay.com/pay/qrcode?id=f9707512906743a4934866a677fe72c4',1,'013vdl',1,'2022-12-25 18:12:29',4,1,'',''),(308,134,3,2,2,0,0,1,'12','12',NULL,NULL,NULL,'2022-12-27 15:42:19','2022-12-24 14:42:21',0.00,0,0,'https://cloudpay.maycpay.com/pay/qrcode?id=fdb6c27b635747dba3c448f22f07a549',1,'013vdl',1,'2022-12-25 18:12:33',4,1,'',''),(309,134,3,2,2,0,0,1,'13','13',NULL,NULL,NULL,'2022-12-27 15:42:19','2022-12-24 14:42:37',0.00,0,0,'https://cloudpay.maycpay.com/pay/qrcode?id=cf4d3456e55f45debb1ee19657e4bc44',1,'013vdl',1,'2022-12-25 18:12:36',4,1,'',''),(310,134,3,2,2,0,0,1,'14','14',NULL,NULL,NULL,'2022-12-27 15:42:19','2022-12-24 14:43:00',0.00,0,0,'https://cloudpay.maycpay.com/pay/qrcode?id=16af791c5a7e4744af290b27e08a0184',1,'013vdl',1,'2022-12-25 18:12:39',4,1,'',''),(311,134,3,2,2,0,0,1,'15','15',NULL,NULL,NULL,'2022-12-27 15:42:19','2022-12-24 14:43:21',0.00,0,0,'https://cloudpay.maycpay.com/pay/qrcode?id=cfbbb0f03502441ba53d6b3b6bcecc4b',1,'013vdl',1,'2022-12-25 18:12:43',4,1,'',''),(312,134,3,2,2,0,0,1,'16','16',NULL,NULL,NULL,'2022-12-27 15:42:19','2022-12-24 14:44:13',0.00,0,0,'https://cloudpay.maycpay.com/pay/qrcode?id=8dd53e0918bd43d6a9345e60eeaed52b',1,'013vdl',1,'2022-12-25 18:12:49',4,1,'',''),(313,134,3,2,2,0,0,1,'17','17',NULL,NULL,NULL,'2022-12-27 15:42:19','2022-12-24 14:46:42',0.00,0,0,'https://cloudpay.maycpay.com/pay/qrcode?id=ff7a52d997eb433e9438b1d97ae6f0f4',1,'013vdl',1,'2022-12-25 18:12:59',4,1,'',''),(314,134,3,2,2,0,0,1,'18','18',NULL,NULL,NULL,'2022-12-27 15:42:19','2022-12-24 14:47:01',0.00,0,0,'https://cloudpay.maycpay.com/pay/qrcode?id=234887e049e84866892d89e2b4eb019d',1,'013vdl',1,'2022-12-25 18:13:03',4,1,'',''),(315,134,3,2,2,0,0,1,'19','19',NULL,NULL,NULL,'2022-12-27 15:42:19','2022-12-24 14:47:17',0.00,0,0,'https://cloudpay.maycpay.com/pay/qrcode?id=b796254d2f7440d494a3dc69d09201e9',1,'013vdl',1,'2022-12-25 18:13:08',4,1,'',''),(316,134,3,2,2,0,0,1,'20','20',NULL,NULL,NULL,'2022-12-27 15:42:19','2022-12-24 14:47:41',0.00,0,0,'https://cloudpay.maycpay.com/pay/qrcode?id=1286ca0e3da44a8392724a279d77d522',1,'013vdl',1,'2022-12-25 18:13:11',4,1,'',''),(421,134,3,1,2,0,NULL,1,'05','05',NULL,NULL,NULL,'2022-12-27 15:42:19','2022-12-25 18:13:31',0.00,0,0,'https://cloudpay.maycpay.com/pay/qrcode?id=1a2b77da44fd432b81dabe5c223df129',1,'和13qbz',1,'2022-12-25 18:21:31',4,1,NULL,NULL),(422,134,3,1,2,0,NULL,1,'06','06',NULL,NULL,NULL,'2022-12-27 15:42:19','2022-12-25 18:14:25',0.00,0,0,'https://cloudpay.maycpay.com/pay/qrcode?id=e294324ed9784c4484acda255d23b2ea',1,'和13qbz',1,'2022-12-25 18:22:25',4,1,NULL,NULL),(423,134,3,1,2,0,NULL,1,'07','07',NULL,NULL,NULL,'2022-12-27 15:42:19','2022-12-25 18:16:04',0.00,0,0,'https://cloudpay.maycpay.com/pay/qrcode?id=c2f4ac74e19640599f73b93abce0e53c',1,'和13qbz',1,'2022-12-25 18:24:04',4,1,NULL,NULL),(424,134,3,1,2,0,NULL,1,'08','08',NULL,NULL,NULL,'2022-12-27 15:42:19','2022-12-25 18:17:01',0.00,0,0,'https://cloudpay.maycpay.com/pay/qrcode?id=b2227e9633d841ecbd86e6f7c72d9cdc',1,'和13qbz',1,'2022-12-25 18:25:01',4,1,NULL,NULL),(425,134,3,2,2,0,0,1,'09','09',NULL,NULL,NULL,'2022-12-27 15:42:19','2022-12-25 18:18:56',0.00,0,0,'https://cloudpay.maycpay.com/pay/qrcode?id=a8c4e2026dab479bb7de47ffa46003fc',1,'和13qbz',1,'2022-12-25 18:27:05',4,1,'',''),(426,134,3,2,2,0,NULL,1,'10','10',NULL,NULL,NULL,'2022-12-27 15:42:19','2022-12-25 18:20:13',0.00,0,0,'https://cloudpay.maycpay.com/pay/qrcode?id=dcca53795e4b434094cb11479762489c',1,'和13qbz',1,'2022-12-25 18:28:13',4,1,NULL,NULL),(427,134,3,2,2,0,NULL,1,'11','11',NULL,NULL,NULL,'2022-12-27 15:42:19','2022-12-25 18:22:36',0.00,0,0,'https://cloudpay.maycpay.com/pay/qrcode?id=16c6b91f7d344eb9a0f9bd31616f801a',1,'和13qbz',1,'2022-12-25 18:30:36',4,1,NULL,NULL),(428,134,3,2,2,0,NULL,1,'12','12',NULL,NULL,NULL,'2022-12-27 15:42:19','2022-12-25 18:23:29',0.00,0,0,'https://cloudpay.maycpay.com/pay/qrcode?id=5aad417cb74f46a490f65ece452797a5',1,'和13qbz',1,'2022-12-25 18:31:29',4,1,NULL,NULL),(429,134,3,2,2,0,NULL,1,'13','13',NULL,NULL,NULL,'2022-12-27 15:42:19','2022-12-25 18:24:32',0.00,0,0,'https://cloudpay.maycpay.com/pay/qrcode?id=f93d238b82e248de88b88397d4265baf',1,'和13qbz',1,'2022-12-25 18:32:32',4,1,NULL,NULL),(430,134,3,2,2,0,NULL,1,'14','14',NULL,NULL,NULL,'2022-12-27 15:42:19','2022-12-25 18:25:26',0.00,0,0,'https://cloudpay.maycpay.com/pay/qrcode?id=cb961f16d5ea409b98ed8cceb59749c0',1,'和13qbz',1,'2022-12-25 18:33:26',4,1,NULL,NULL),(431,134,3,2,2,0,NULL,1,'15','15',NULL,NULL,NULL,'2022-12-27 15:42:19','2022-12-25 18:26:32',0.00,0,0,'https://cloudpay.maycpay.com/pay/qrcode?id=21911b8848a24a94a3c96aa85bb0a5f3',1,'和13qbz',1,'2022-12-25 18:34:32',4,1,NULL,NULL),(432,134,3,2,2,0,NULL,1,'16','16',NULL,NULL,NULL,'2022-12-27 15:42:19','2022-12-25 18:27:52',0.00,0,0,'https://cloudpay.maycpay.com/pay/qrcode?id=d2e6fb3f883148a38109c45be54c2671',1,'和13qbz',1,'2022-12-25 18:35:52',4,1,NULL,NULL),(433,134,3,2,2,0,NULL,1,'17','17',NULL,NULL,NULL,'2022-12-27 15:42:19','2022-12-25 18:29:19',0.00,0,0,'https://cloudpay.maycpay.com/pay/qrcode?id=bb57c67e77ff40508b7b24bd956095cf',1,'和13qbz',1,'2022-12-25 18:37:19',4,1,NULL,NULL),(434,134,3,2,2,0,NULL,1,'18','18',NULL,NULL,NULL,'2022-12-27 15:42:19','2022-12-25 18:30:28',0.00,0,0,'https://cloudpay.maycpay.com/pay/qrcode?id=4db282daab0647688ef9824f25e9a575',1,'和13qbz',1,'2022-12-25 18:38:28',4,1,NULL,NULL),(435,134,3,2,2,0,NULL,1,'19','19',NULL,NULL,NULL,'2022-12-27 15:42:19','2022-12-25 18:31:41',0.00,0,0,'https://cloudpay.maycpay.com/pay/qrcode?id=299abfb5f6904803bb964c445c98e732',1,'和13qbz',1,'2022-12-25 18:39:41',4,1,NULL,NULL),(436,134,3,2,2,0,NULL,1,'20','20',NULL,NULL,NULL,'2022-12-27 15:42:19','2022-12-25 18:32:40',0.00,0,0,'https://cloudpay.maycpay.com/pay/qrcode?id=3caff56f4a7448c395f74d7f60b067c7',1,'和13qbz',1,'2022-12-25 18:40:40',4,1,NULL,NULL),(437,134,3,1,2,0,NULL,1,'01','01',NULL,NULL,NULL,'2022-12-27 15:42:19','2022-12-25 18:35:38',0.00,0,0,'https://cloudpay.maycpay.com/pay/qrcode?id=d64b430e8f024a84894e5f822653f3f2',1,'和13hui',1,'2022-12-25 18:43:38',4,1,NULL,NULL),(440,134,3,1,2,0,NULL,1,'04','04',NULL,NULL,NULL,'2022-12-27 15:42:19','2022-12-25 18:38:36',0.00,0,0,'https://cloudpay.maycpay.com/pay/qrcode?id=ff8ae9dd729d48608548e312963f2745',1,'和13hui',1,'2022-12-25 18:46:36',4,1,NULL,NULL),(441,134,3,1,2,0,NULL,1,'05','05',NULL,NULL,NULL,'2022-12-27 15:42:19','2022-12-25 18:39:43',0.00,0,0,'https://cloudpay.maycpay.com/pay/qrcode?id=fae30e008a404174b022987a51ce9c5b',1,'和13hui',1,'2022-12-25 18:47:43',4,1,NULL,NULL),(443,134,3,1,2,0,NULL,1,'07','07',NULL,NULL,NULL,'2022-12-27 15:42:32','2022-12-25 18:41:39',0.00,0,0,'https://cloudpay.maycpay.com/pay/qrcode?id=3173fb1f54f142a099f7c9e14b3abbde',1,'和13hui',1,'2022-12-25 18:49:39',4,1,NULL,NULL),(444,134,3,1,2,0,NULL,1,'08','08',NULL,NULL,NULL,'2022-12-27 15:42:32','2022-12-25 18:42:31',0.00,0,0,'https://cloudpay.maycpay.com/pay/qrcode?id=c517c0e133f24aeeab4aa86073797cdd',1,'和13hui',1,'2022-12-25 18:50:31',4,1,NULL,NULL),(445,134,3,1,2,0,NULL,1,'09','09',NULL,NULL,NULL,'2022-12-27 15:42:32','2022-12-25 18:43:30',0.00,0,0,'https://cloudpay.maycpay.com/pay/qrcode?id=f0c97eadac7c494891b6b7f3f52213e4',1,'和13hui',1,'2022-12-25 18:51:30',4,1,NULL,NULL),(446,134,3,1,2,0,NULL,1,'10','10',NULL,NULL,NULL,'2022-12-27 15:42:32','2022-12-25 18:44:14',0.00,0,0,'https://cloudpay.maycpay.com/pay/qrcode?id=34664b7fceac4e7db0d8cc84f64fa3af',1,'和13hui',1,'2022-12-25 18:52:14',4,1,NULL,NULL),(447,134,3,1,2,0,NULL,1,'11','11',NULL,NULL,NULL,'2022-12-27 15:42:32','2022-12-25 18:45:41',0.00,0,0,'https://cloudpay.maycpay.com/pay/qrcode?id=129e45113ec84116b6471805a3549092',1,'和13hui',1,'2022-12-25 18:53:41',4,1,NULL,NULL),(448,134,3,1,2,0,NULL,1,'12','12',NULL,NULL,NULL,'2022-12-27 15:42:32','2022-12-25 18:46:37',0.00,0,0,'https://cloudpay.maycpay.com/pay/qrcode?id=1d160da0e1e84d1b8b1a43fcf07eb93b',1,'和13hui',1,'2022-12-25 18:54:37',4,1,NULL,NULL),(449,134,3,1,2,0,NULL,1,'13','13',NULL,NULL,NULL,'2022-12-27 15:42:32','2022-12-25 18:47:36',0.00,0,0,'https://cloudpay.maycpay.com/pay/qrcode?id=e3bbc1c6c6b241c1b9933858a8a27814',1,'和13hui',1,'2022-12-25 18:55:36',4,1,NULL,NULL),(450,134,3,1,2,0,NULL,1,'14','14',NULL,NULL,NULL,'2022-12-27 15:42:32','2022-12-25 18:48:17',0.00,0,0,'https://cloudpay.maycpay.com/pay/qrcode?id=03b7de9a7b014c5eb8ab44d2d4697bbb',1,'和13hui',1,'2022-12-25 18:56:17',4,1,NULL,NULL),(451,134,3,2,2,0,NULL,1,'15','15',NULL,NULL,NULL,'2022-12-27 15:42:32','2022-12-25 18:49:10',0.00,0,0,'https://cloudpay.maycpay.com/pay/qrcode?id=201c5cd32c0c40dcb08bdf8db86b55c1',1,'和13hui',1,'2022-12-25 18:57:10',4,1,NULL,NULL),(452,134,3,2,2,0,NULL,1,'16','16',NULL,NULL,NULL,'2022-12-27 15:42:32','2022-12-25 18:49:49',0.00,0,0,'https://cloudpay.maycpay.com/pay/qrcode?id=8ac3aa445ea64524a08027bfc0e82133',1,'和13hui',1,'2022-12-25 18:57:49',4,1,NULL,NULL),(453,134,3,2,2,0,NULL,1,'17','17',NULL,NULL,NULL,'2022-12-27 15:42:32','2022-12-25 18:50:44',0.00,0,0,'https://cloudpay.maycpay.com/pay/qrcode?id=b5c4732cf5734a58b42e68842ab8a519',1,'和13hui',1,'2022-12-25 18:58:44',4,1,NULL,NULL),(454,134,3,2,2,0,NULL,1,'18','18',NULL,NULL,NULL,'2022-12-27 15:42:32','2022-12-25 18:51:23',0.00,0,0,'https://cloudpay.maycpay.com/pay/qrcode?id=0def6d153f004b67adc2e85004864ee9',1,'和13hui',1,'2022-12-25 18:59:23',4,1,NULL,NULL),(455,134,3,2,2,0,NULL,1,'19','19',NULL,NULL,NULL,'2022-12-27 15:42:32','2022-12-25 18:52:14',0.00,0,0,'https://cloudpay.maycpay.com/pay/qrcode?id=5cac04c0dcfe4f1589710605bd8950b5',1,'和13hui',1,'2022-12-25 19:00:14',4,1,NULL,NULL),(456,134,3,2,2,0,NULL,1,'20','20',NULL,NULL,NULL,'2022-12-27 15:42:32','2022-12-25 18:52:57',0.00,0,0,'https://cloudpay.maycpay.com/pay/qrcode?id=05c0e807841149be87b54a535a754657',1,'和13hui',1,'2022-12-25 19:00:57',4,1,NULL,NULL),(457,134,3,2,2,0,NULL,1,'01','01',NULL,NULL,NULL,'2022-12-27 15:42:32','2022-12-25 18:55:48',0.00,0,0,'https://cloudpay.maycpay.com/pay/qrcode?id=f9ec3173723346c499003e16756aa087',1,'和13pn9',1,'2022-12-25 19:03:48',4,1,NULL,NULL),(458,134,3,2,2,0,NULL,1,'02','02',NULL,NULL,NULL,'2022-12-27 15:42:32','2022-12-25 18:56:42',0.00,0,0,'https://cloudpay.maycpay.com/pay/qrcode?id=73fac9f4d7e24df8aa3ee1d668d54608',1,'和13pn9',1,'2022-12-25 19:04:42',4,1,NULL,NULL),(459,134,3,2,2,0,NULL,1,'03','03',NULL,NULL,NULL,'2022-12-27 15:42:32','2022-12-25 18:57:29',0.00,0,0,'https://cloudpay.maycpay.com/pay/qrcode?id=d214d9f3d1fc45b59c36737d04953f2b',1,'和13pn9',1,'2022-12-25 19:05:29',4,1,NULL,NULL),(460,134,3,2,2,0,NULL,1,'04','04',NULL,NULL,NULL,'2022-12-27 15:42:32','2022-12-25 18:58:10',0.00,0,0,'https://cloudpay.maycpay.com/pay/qrcode?id=eb7fc5c27d204e43a1056202f45bdfcf',1,'和13pn9',1,'2022-12-25 19:06:10',4,1,NULL,NULL),(461,134,3,2,2,0,NULL,1,'05','05',NULL,NULL,NULL,'2022-12-27 15:42:32','2022-12-25 18:59:03',0.00,0,0,'https://cloudpay.maycpay.com/pay/qrcode?id=5351c0ea5f3249e891fdea2118794d6f',1,'和13pn9',1,'2022-12-25 19:07:03',4,1,NULL,NULL),(462,134,3,2,2,0,NULL,1,'06','06',NULL,NULL,NULL,'2022-12-27 15:42:32','2022-12-25 18:59:42',0.00,0,0,'https://cloudpay.maycpay.com/pay/qrcode?id=430eac442f1e49219d1fcd169da10d30',1,'和13pn9',1,'2022-12-25 19:07:42',4,1,NULL,NULL),(463,134,3,2,2,0,NULL,1,'07','07',NULL,NULL,NULL,'2022-12-27 15:42:32','2022-12-25 19:00:35',0.00,0,0,'https://cloudpay.maycpay.com/pay/qrcode?id=00a1446b992d4a93abbcc843e688353a',1,'和13pn9',1,'2022-12-25 19:08:35',4,1,NULL,NULL),(464,134,3,2,2,0,NULL,1,'08','08',NULL,NULL,NULL,'2022-12-27 15:42:32','2022-12-25 19:01:21',0.00,0,0,'https://cloudpay.maycpay.com/pay/qrcode?id=0df3eaebbc2c413a9ed2222b7e1cc452',1,'和13pn9',1,'2022-12-25 19:09:21',4,1,NULL,NULL),(465,134,3,2,2,0,NULL,1,'09','09',NULL,NULL,NULL,'2022-12-27 15:42:32','2022-12-25 19:02:09',0.00,0,0,'https://cloudpay.maycpay.com/pay/qrcode?id=586bfdce83b84191853b952bb70e2c60',1,'和13pn9',1,'2022-12-25 19:10:09',4,1,NULL,NULL),(466,134,3,2,2,0,NULL,1,'10','10',NULL,NULL,NULL,'2022-12-27 15:42:32','2022-12-25 19:02:53',0.00,0,0,'https://cloudpay.maycpay.com/pay/qrcode?id=bfe2a7775cc747feb10f0e9f02d8db24',1,'和13pn9',1,'2022-12-25 19:10:53',4,1,NULL,NULL),(467,134,3,2,2,0,NULL,1,'11','11',NULL,NULL,NULL,'2022-12-27 15:42:32','2022-12-25 19:03:51',0.00,0,0,'https://cloudpay.maycpay.com/pay/qrcode?id=fef83dfc6dc04b169078ce457df877ca',1,'和13pn9',1,'2022-12-25 19:11:51',4,1,NULL,NULL),(468,134,3,2,2,0,NULL,1,'12','12',NULL,NULL,NULL,'2022-12-27 15:42:32','2022-12-25 19:04:34',0.00,0,0,'https://cloudpay.maycpay.com/pay/qrcode?id=7f0da559fb2c4bceaf3c018166d4231a',1,'和13pn9',1,'2022-12-25 19:12:34',4,1,NULL,NULL),(469,134,3,2,2,0,NULL,1,'13','13',NULL,NULL,NULL,'2022-12-27 15:42:32','2022-12-25 19:05:24',0.00,0,0,'https://cloudpay.maycpay.com/pay/qrcode?id=ce93d651c8704432b0c9e88bae1478d5',1,'和13pn9',1,'2022-12-25 19:13:24',4,1,NULL,NULL),(470,134,3,2,2,0,NULL,1,'14','14',NULL,NULL,NULL,'2022-12-27 15:42:32','2022-12-25 19:06:06',0.00,0,0,'https://cloudpay.maycpay.com/pay/qrcode?id=e7e4ab4f54404b349cdcb085e2bde2ea',1,'和13pn9',1,'2022-12-25 19:14:06',4,1,NULL,NULL),(471,134,3,2,2,0,NULL,1,'15','15',NULL,NULL,NULL,'2022-12-27 15:42:32','2022-12-25 19:06:54',0.00,0,0,'https://cloudpay.maycpay.com/pay/qrcode?id=2fe166ff44cb4d259514e11998d3ef41',1,'和13pn9',1,'2022-12-25 19:14:54',4,1,NULL,NULL),(472,134,3,2,2,0,NULL,1,'16','16',NULL,NULL,NULL,'2022-12-27 15:42:32','2022-12-25 19:07:34',0.00,0,0,'https://cloudpay.maycpay.com/pay/qrcode?id=f3e3f8a72e614213b4059981da2d3211',1,'和13pn9',1,'2022-12-25 19:15:34',4,1,NULL,NULL),(473,134,3,2,2,0,NULL,1,'17','17',NULL,NULL,NULL,'2022-12-27 15:42:32','2022-12-25 19:08:54',0.00,0,0,'https://cloudpay.maycpay.com/pay/qrcode?id=30fac5917a7b4185af69d5d0c9655f83',1,'和13pn9',1,'2022-12-25 19:16:54',4,1,NULL,NULL),(474,134,3,2,2,0,NULL,1,'18','18',NULL,NULL,NULL,'2022-12-27 15:42:32','2022-12-25 19:09:32',0.00,0,0,'https://cloudpay.maycpay.com/pay/qrcode?id=5b4b52f02cb64400ac2b82f3b4628b9f',1,'和13pn9',1,'2022-12-25 19:17:32',4,1,NULL,NULL),(475,134,3,2,2,0,NULL,1,'19','19',NULL,NULL,NULL,'2022-12-27 15:42:32','2022-12-25 19:10:33',0.00,0,0,'https://cloudpay.maycpay.com/pay/qrcode?id=40fdf93d6e404fe1ba05bf7400303653',1,'和13pn9',1,'2022-12-25 19:18:33',4,1,NULL,NULL),(476,134,3,2,2,0,NULL,1,'20','20',NULL,NULL,NULL,'2022-12-27 15:42:32','2022-12-25 19:11:20',0.00,0,0,'https://cloudpay.maycpay.com/pay/qrcode?id=5c8852a6ed084a8fbc0009b67eb7b73c',1,'和13pn9',1,'2022-12-25 19:19:20',4,1,NULL,NULL),(477,134,3,2,2,0,NULL,1,'01','01',NULL,NULL,NULL,'2022-12-27 15:42:32','2022-12-25 19:12:35',0.00,0,0,'https://cloudpay.maycpay.com/pay/qrcode?id=c0da80ed701e4005ae63ed40a3470b0b',1,'和13ran',1,'2022-12-25 19:20:35',4,1,NULL,NULL),(478,134,3,2,2,0,NULL,1,'02','02',NULL,NULL,NULL,'2022-12-27 15:42:32','2022-12-25 19:16:28',0.00,0,0,'https://cloudpay.maycpay.com/pay/qrcode?id=c99ded8da7a04a28bc3e440269da14db',1,'和13ran',1,'2022-12-25 19:24:28',4,1,NULL,NULL),(479,134,3,2,2,0,NULL,1,'03','03',NULL,NULL,NULL,'2022-12-27 15:42:32','2022-12-25 19:17:36',0.00,0,0,'https://cloudpay.maycpay.com/pay/qrcode?id=694519ff3df84516bca02b512880cc1d',1,'和13ran',1,'2022-12-25 19:25:36',4,1,NULL,NULL),(480,134,3,2,2,0,NULL,1,'04','04',NULL,NULL,NULL,'2022-12-27 15:42:32','2022-12-25 19:18:37',0.00,0,0,'https://cloudpay.maycpay.com/pay/qrcode?id=7b0c12554d4e47cc8b139867535cdd29',1,'和13ran',1,'2022-12-25 19:26:37',4,1,NULL,NULL),(481,134,3,2,2,0,NULL,1,'05','05',NULL,NULL,NULL,'2022-12-27 15:42:32','2022-12-25 19:19:28',0.00,0,0,'https://cloudpay.maycpay.com/pay/qrcode?id=26ec266df57942b284da8087850f3948',1,'和13ran',1,'2022-12-25 19:27:28',4,1,NULL,NULL),(482,134,3,2,2,0,NULL,1,'06','06',NULL,NULL,NULL,'2022-12-27 15:42:32','2022-12-25 19:20:08',0.00,0,0,'https://cloudpay.maycpay.com/pay/qrcode?id=0a47d9907e154a508aa4cebc021b0d26',1,'和13ran',1,'2022-12-25 19:28:08',4,1,NULL,NULL),(483,134,3,2,2,0,NULL,1,'07','07',NULL,NULL,NULL,'2022-12-27 15:42:32','2022-12-25 19:20:54',0.00,0,0,'https://cloudpay.maycpay.com/pay/qrcode?id=fa7dc4deeae047e28989ff2af27e8d8e',1,'和13ran',1,'2022-12-25 19:28:54',4,1,NULL,NULL),(484,134,3,2,2,0,NULL,1,'08','08',NULL,NULL,NULL,'2022-12-27 15:42:32','2022-12-25 19:21:31',0.00,0,0,'https://cloudpay.maycpay.com/pay/qrcode?id=b82036bdc7a64712a7bfc9eda1c0f4ac',1,'和13ran',1,'2022-12-25 19:29:31',4,1,NULL,NULL),(485,134,3,2,2,0,NULL,1,'09','09',NULL,NULL,NULL,'2022-12-27 15:42:32','2022-12-25 19:22:27',0.00,0,0,'https://cloudpay.maycpay.com/pay/qrcode?id=629d226efea24532b661b65e73e2a13e',1,'和13ran',1,'2022-12-25 19:30:27',4,1,NULL,NULL),(486,134,3,2,2,0,NULL,1,'10','10',NULL,NULL,NULL,'2022-12-27 15:42:32','2022-12-25 19:23:04',0.00,0,0,'https://cloudpay.maycpay.com/pay/qrcode?id=ca8bac96a9454ae4a734f28f65305824',1,'和13ran',1,'2022-12-25 19:31:04',4,1,NULL,NULL),(487,134,3,2,2,0,NULL,1,'11','11',NULL,NULL,NULL,'2022-12-27 15:42:32','2022-12-25 19:23:58',0.00,0,0,'https://cloudpay.maycpay.com/pay/qrcode?id=e8f0ba1d081c44fdb9c49c1a98f27eb7',1,'和13ran',1,'2022-12-25 19:31:58',4,1,NULL,NULL),(488,134,3,2,2,0,NULL,1,'12','12',NULL,NULL,NULL,'2022-12-27 15:42:32','2022-12-25 19:24:33',0.00,0,0,'https://cloudpay.maycpay.com/pay/qrcode?id=39d4241b53db44718a0f807b2e4408e9',1,'和13ran',1,'2022-12-25 19:32:33',4,1,NULL,NULL),(489,134,3,2,2,0,NULL,1,'13','13',NULL,NULL,NULL,'2022-12-27 15:42:32','2022-12-25 19:25:24',0.00,0,0,'https://cloudpay.maycpay.com/pay/qrcode?id=444aee1165884b2bae57768310d64efc',1,'和13ran',1,'2022-12-25 19:33:24',4,1,NULL,NULL),(490,134,3,2,2,0,NULL,1,'14','14',NULL,NULL,NULL,'2022-12-27 15:42:32','2022-12-25 19:26:09',0.00,0,0,'https://cloudpay.maycpay.com/pay/qrcode?id=7bb25e7a61864561802ae21656d32e83',1,'和13ran',1,'2022-12-25 19:34:09',4,1,NULL,NULL),(491,134,3,2,2,0,NULL,1,'15','15',NULL,NULL,NULL,'2022-12-27 15:42:32','2022-12-25 19:27:45',0.00,0,0,'https://cloudpay.maycpay.com/pay/qrcode?id=6018f78e5f5b427b8856b1e30edabc4b',1,'和13ran',1,'2022-12-25 19:35:45',4,1,NULL,NULL),(492,134,3,2,2,0,NULL,1,'16','16',NULL,NULL,NULL,'2022-12-27 15:42:48','2022-12-25 19:28:21',0.00,0,0,'https://cloudpay.maycpay.com/pay/qrcode?id=34ca636f8f4b4f548bbfd1fc57f99006',1,'和13ran',1,'2022-12-25 19:36:21',4,1,NULL,NULL),(493,134,3,2,2,0,NULL,1,'17','17',NULL,NULL,NULL,'2022-12-27 15:42:48','2022-12-25 19:29:12',0.00,0,0,'https://cloudpay.maycpay.com/pay/qrcode?id=972063dff0344aeb89afd6f6ca8043ae',1,'和13ran',1,'2022-12-25 19:37:12',4,1,NULL,NULL),(494,134,3,2,2,0,NULL,1,'18','18',NULL,NULL,NULL,'2022-12-27 15:42:48','2022-12-25 19:29:48',0.00,0,0,'https://cloudpay.maycpay.com/pay/qrcode?id=094af6750ead441c94fda940835de36f',1,'和13ran',1,'2022-12-25 19:37:48',4,1,NULL,NULL),(495,134,3,2,2,0,NULL,1,'19','19',NULL,NULL,NULL,'2022-12-27 15:42:48','2022-12-25 19:30:41',0.00,0,0,'https://cloudpay.maycpay.com/pay/qrcode?id=4d1c8fb40027470d8a21f5fc2fd80e6b',1,'和13ran\n',1,'2022-12-25 19:38:41',4,1,NULL,NULL),(496,134,3,2,2,0,NULL,1,'20','20',NULL,NULL,NULL,'2022-12-27 15:42:48','2022-12-25 19:31:39',0.00,0,0,'https://cloudpay.maycpay.com/pay/qrcode?id=ed7959d6e91146e5a9f901ee8ee182be',1,'和13ran\n',1,'2022-12-25 19:39:39',4,1,NULL,NULL),(497,134,3,1,3,0,0,1,'吴晗','16210375710',NULL,NULL,NULL,'2023-01-05 23:13:22','2022-12-26 10:16:07',0.00,0,0,'https://qr.alipay.com/fkx19485e3buredb0cznu72?t=1672020778852',1,'02吴晗',1,'2022-12-27 11:45:28',4,1,'',''),(498,134,3,3,3,0,0,1,'宋平','16210375712',NULL,NULL,NULL,'2023-01-05 23:13:22','2022-12-26 10:17:06',0.00,0,0,'https://qr.alipay.com/fkx17622nlielkzvpgw2u1a?t=1672020984732',1,'05宋平--售后不开',1,'2022-12-27 11:45:24',4,1,'',''),(518,134,3,1,1,0,0,1,'张福','16760944818',NULL,NULL,NULL,'2023-01-05 23:13:22','2022-12-26 10:50:58',0.00,0,0,'https://qr.alipay.com/fkx17919e6sdgaqjlzbjc35?t=1672023017090',1,'49张福 限制收款30天（12-28）',1,'2022-12-28 15:18:30',4,1,'',''),(520,134,3,1,1,0,0,1,'王秉茜','16760944815',NULL,NULL,NULL,'2023-01-05 23:13:22','2022-12-26 10:53:30',0.00,0,0,'https://qr.alipay.com/fkx124971dhycrlhrn9hpae?t=1672023162343',1,'51王秉茜 限制收款30天（12-28）',1,'2022-12-28 15:21:40',4,1,'',''),(525,134,3,3,3,0,0,1,'安徽利芳网络科技有限公司 ','taonaqw1404@163.com',NULL,NULL,NULL,'2023-01-05 23:13:22','2022-12-27 15:22:10',0.00,0,0,'https://qr.alipay.com/a7x11776fsokkyolvbb6baf',1,'002tao',1,'2022-12-27 15:34:29',4,1,'',''),(526,134,3,3,3,0,0,1,'安徽利芳网络科技有限公司 ','xiaonianyeb71@163.com',NULL,NULL,NULL,'2023-01-05 23:13:22','2022-12-27 15:22:41',0.00,0,0,'https://qr.alipay.com/a7x11386dit37yedyqcul82',1,'002xia',1,'2022-12-27 15:35:33',4,1,'',''),(527,134,3,3,3,0,0,1,'安徽利芳网络科技有限公司 ','loucauaz3248@163.com',NULL,NULL,NULL,'2023-01-05 23:13:22','2022-12-27 15:23:10',0.00,0,0,'https://qr.alipay.com/a7x11722qwliq7ogm3twj3c',1,'002lou',1,'2022-12-27 15:36:36',4,1,'',''),(528,134,3,3,3,0,0,1,'安徽长墨网络科技有限公司  ','jiaoyuewangap05@163.com',NULL,NULL,NULL,'2022-12-27 15:33:18','2022-12-27 15:23:34',0.00,0,0,'https://qr.alipay.com/a7x13415rv96nzbwqar2u13',1,'003jia',1,'2022-12-27 15:37:30',4,1,'',''),(529,134,3,3,3,0,NULL,1,'安徽长墨网络科技有限公司','bianpeimw85990@163.com',NULL,NULL,NULL,'2022-12-27 15:30:07','2022-12-27 15:24:07',0.00,0,0,'	bianpeimw85990@163.com',1,'003bia',1,'2022-12-27 15:32:07',4,1,NULL,NULL),(530,134,3,3,3,0,NULL,1,'安徽长墨网络科技有限公司','changru706@163.com',NULL,NULL,NULL,'2022-12-27 15:31:25','2022-12-27 15:24:32',0.00,0,0,'	changru706@163.com',1,'003cha',1,'2022-12-27 15:32:32',4,1,NULL,NULL),(531,134,3,3,3,0,NULL,1,'安徽长墨网络科技有限公司  ','pianchaopisn51@163.com',NULL,NULL,NULL,'2022-12-27 15:32:25','2022-12-27 15:25:38',0.00,0,0,'pianchaopisn51@163.com',1,'003pia',1,'2022-12-27 15:33:38',4,1,NULL,NULL),(532,134,3,3,3,0,NULL,1,'合肥贺百商贸有限公司 ','xuef14293@163.com',NULL,NULL,NULL,'2022-12-27 15:33:52','2022-12-27 15:26:29',0.00,0,0,'	xuef14293@163.com',1,'005xue',1,'2022-12-27 15:34:29',4,1,NULL,NULL),(534,134,3,2,2,0,0,1,'安徽兰画网络科技有限公司','rangcep16@163.com',NULL,NULL,NULL,'2022-12-29 11:58:31','2022-12-27 15:27:42',0.00,0,0,'https://qr.alipay.com/12018115mw990pyp1ei4p00',1,'013ran  限制14天27日',1,'2022-12-27 16:51:47',4,1,'',''),(535,134,3,2,2,0,0,1,'安徽兰画网络科技有限公司','vdlt9227@163.com',NULL,NULL,NULL,'2022-12-29 11:58:28','2022-12-27 15:28:03',0.00,0,0,'https://qr.alipay.com/12017969mec9n6mhaomyf73',1,'013vdl  限制14天27日',1,'2022-12-27 16:54:20',4,1,'',''),(536,134,3,2,2,0,0,1,'安徽兰画网络科技有限公司','huif651162@163.com',NULL,NULL,NULL,'2022-12-29 11:58:26','2022-12-27 15:28:26',0.00,0,0,'https://qr.alipay.com/120190064unurbegvkvrk62',1,'013hui限制14天27日',1,'2022-12-27 16:55:36',4,1,'',''),(538,134,3,3,3,0,0,1,'合肥妙阁商贸有限公司','cekangrw91294@163.com',NULL,NULL,NULL,'2022-12-28 11:34:51','2022-12-27 15:30:28',0.00,0,0,'https://qr.alipay.com/a7x12271ddfykcryoduvyad',1,'017cek',1,'2022-12-27 15:53:56',4,1,'',''),(539,134,3,3,3,0,0,1,'合肥妙阁商贸有限公司','qiadr475@163.com',NULL,NULL,NULL,'2022-12-28 11:35:28','2022-12-27 15:32:46',0.00,0,0,'https://qr.alipay.com/a7x12609xtfcrgv5fifzia2',1,'017qia',1,'2022-12-27 15:55:17',4,1,'',''),(540,134,3,3,3,0,0,1,'合肥妙阁商贸有限公司','xunxg498@163.com',NULL,NULL,NULL,'2022-12-28 11:34:51','2022-12-27 15:33:08',0.00,0,0,'https://qr.alipay.com/a7x10533irsx37bqtkniy65',1,'017xun',1,'2022-12-27 15:56:15',4,1,'',''),(541,134,3,3,3,0,NULL,1,'安徽晓萧电子科技有限公司','mlwludtlh86939@163.com',NULL,NULL,NULL,'2022-12-27 15:49:22','2022-12-27 15:33:35',0.00,0,0,'	mlwludtlh86939@163.com',1,'019mlw',1,'2022-12-27 15:41:35',4,1,NULL,NULL),(542,134,3,3,3,0,NULL,1,'安徽糖小爱网络科技有限公司','naojuetae0519@163.com',NULL,NULL,NULL,'2023-01-05 23:13:22','2022-12-27 15:37:35',0.00,0,0,'	naojuetae0519@163.com',1,'020nao',1,'2022-12-27 15:45:35',4,1,NULL,NULL),(543,134,3,3,3,0,0,1,'安徽糖小爱网络科技有限公司','xiongwumah4602@163.com',NULL,NULL,NULL,'2023-01-05 23:13:22','2022-12-27 15:37:59',0.00,0,0,'https://qr.alipay.com/a7x180124ym3bpw8kiqba7e',1,'020xio',1,'2022-12-27 16:01:05',4,1,'',''),(544,134,3,3,3,0,0,1,'安徽糖小爱网络科技有限公司','chongjw01418@163.com',NULL,NULL,NULL,'2023-01-05 23:13:22','2022-12-27 15:38:20',0.00,0,0,'https://qr.alipay.com/a7x10640hocskvzkzx61be9',1,'020cho',1,'2022-12-27 16:01:48',4,1,'',''),(545,134,3,3,3,0,0,1,'安徽糖小爱网络科技有限公司','lichuanqueeet88@163.com',NULL,NULL,NULL,'2023-01-05 23:13:22','2022-12-27 15:38:36',0.00,0,0,'https://qr.alipay.com/a7x11450zjjoan6wmsbamaf',1,'020lic',1,'2022-12-27 16:02:33',4,1,'',''),(546,134,3,3,3,0,0,1,'安徽糖小爱网络科技有限公司','henxingmt2@163.com',NULL,NULL,NULL,'2023-01-05 23:13:22','2022-12-27 15:39:52',0.00,0,0,'https://qr.alipay.com/a7x18503blyvoyvkhu7wh63',1,'020hen',1,'2022-12-27 16:03:17',4,1,'',''),(547,134,3,2,3,1,0,1,'宁夏征途速达贸易行','ztsd@maicdk.com',NULL,NULL,NULL,'2022-12-27 18:15:16','2022-12-27 15:43:41',0.00,0,0,'https://qr.alipay.com/a7x13551w8qgujmhyts8j06',1,'黑03zts',1,'2022-12-27 16:04:19',4,1,'',''),(548,134,3,94,94,0,0,1,'宁夏征途速达贸易行','binyans100@163.com',NULL,NULL,NULL,'2023-01-05 23:13:22','2022-12-27 15:43:59',0.00,0,0,'https://qr.alipay.com/fkx16118u0gvzrrvmy924bd?t=1672139855671',1,'黑03bin  限制7天27日',99,'2022-12-27 19:38:43',4,99,'',''),(549,134,3,96,96,0,0,1,'宁夏征途速达贸易行','nancangps667@163.com',NULL,NULL,NULL,'2022-12-28 11:41:17','2022-12-27 15:44:15',0.00,0,0,'https://qr.alipay.com/a7x11975fe6sa84excitpbd',1,'黑03nan',100,'2022-12-27 19:24:44',4,100,'',''),(550,134,3,99,99,0,0,1,'宁夏征途速达贸易行','tanhanduohrs93@163.com',NULL,NULL,NULL,'2023-01-05 23:13:22','2022-12-27 15:44:30',0.00,0,0,'https://qr.alipay.com/fkx16990qgwlm7xhndxkc8a?t=1672137291536',1,'黑03tan  限制7天27日',99,'2022-12-27 19:39:03',4,99,'',''),(551,131,1,7,9,2,0,1,'长沙市萌纠日用百货经营部','xiangv6295@163.com',NULL,NULL,NULL,'2023-01-12 16:39:06','2022-12-27 18:14:42',0.00,0,0,'https://qr.alipay.com/a7x19412cg79sqnejozww5c',1,'009xia',1,'2023-01-09 14:49:36',4,1,'',''),(552,131,1,7,9,2,0,1,'长沙市萌纠日用百货经营部','kunshanb52@163.com',NULL,NULL,NULL,'2023-01-12 16:39:06','2022-12-27 18:17:57',0.00,0,0,'https://qr.alipay.com/a7x16654rciyyig0rwoch6b',1,'009kun',1,'2023-01-09 14:48:23',4,1,'',''),(553,131,1,7,9,2,0,1,'长沙市萌纠日用百货经营部','jiangnongrouj6@163.com',NULL,NULL,NULL,'2023-01-12 16:39:06','2022-12-27 18:20:24',0.00,0,0,'https://qr.alipay.com/a7x15354jkcdw8rxehv5n12',1,'009jia',1,'2023-01-09 14:47:09',4,1,'',''),(554,131,2,9,9,0,0,1,'长沙市萌纠日用百货经营部','bianmouwq6@163.com',NULL,NULL,NULL,'2023-01-12 16:34:38','2022-12-27 18:21:57',0.00,0,0,'https://qr.alipay.com/fkx11211dledidmscbk41fa?t=1672136458716',1,'009bia（收款限制）',0,'2023-01-09 14:47:24',4,0,'',''),(555,131,1,7,8,2,0,1,'长沙市萌纠日用百货经营部','zushuangcee7965@163.com',NULL,NULL,NULL,'2023-01-12 16:39:50','2022-12-27 18:23:34',0.00,0,0,'https://qr.alipay.com/a7x17779rkmonv4dgmkiha3',1,'009zus限制收款',1,'2023-01-12 15:17:19',4,1,'',''),(556,131,2,8,9,1,0,1,'长沙市径垂百货经营部','chaoyangdw8@163.com',NULL,NULL,NULL,'2023-01-12 16:34:38','2022-12-27 18:25:36',0.00,0,0,'https://qr.alipay.com/a7x14559w2iaq6dg3h0am3d',1,'010cha',1,'2023-01-09 14:55:40',4,0,'',''),(557,131,1,8,9,1,0,1,'长沙市径垂百货经营部','mikcp6764@163.com',NULL,NULL,NULL,'2023-01-12 15:19:03','2022-12-27 18:26:59',0.00,0,0,'https://qr.alipay.com/a7x18829xemi9glxlcqntbf',1,'010mik',1,'2023-01-09 14:54:53',4,1,'',''),(558,131,1,8,9,1,0,1,'长沙市径垂百货经营部','zhuaqutuijhw192@163.com',NULL,NULL,NULL,'2023-01-12 15:19:24','2022-12-27 18:28:05',0.00,0,0,'https://qr.alipay.com/a7x14569zf5iw94bu2ffjfc',1,'010zhua',1,'2023-01-09 14:54:14',4,1,'',''),(559,131,2,9,9,0,0,1,'长沙市径垂百货经营部','chonggoukan096779@163.com',NULL,NULL,NULL,'2023-01-12 16:34:38','2022-12-27 18:30:04',0.00,0,0,'https://qr.alipay.com/a7x10734nsyok6e3yctbh01',1,'010cho',0,'2023-01-09 14:53:28',4,0,'',''),(560,131,2,8,9,1,0,1,'长沙市径垂百货经营部','kenxuejingkbn46@163.com',NULL,NULL,NULL,'2023-01-12 16:34:38','2022-12-27 18:31:24',0.00,0,0,'https://qr.alipay.com/fkx15955vatytwh8igsvq37?t=1672137055950',1,'010ken',1,'2023-01-11 19:44:06',4,0,'',''),(561,131,2,8,9,1,0,1,'长沙市级迫百货经营部','gongtuyi634024232@163.com',NULL,NULL,NULL,'2023-01-12 16:34:38','2022-12-27 18:33:20',0.00,0,0,'https://qr.alipay.com/fkx19833dc00qlwntblp190?t=1672137164437',1,'011gon',1,'2023-01-11 19:47:47',4,0,'',''),(562,131,1,8,9,1,0,1,'长沙市级迫百货经营部','ronghuanzhao81659@163.com',NULL,NULL,NULL,'2023-01-12 15:22:44','2022-12-27 18:34:39',0.00,0,0,'https://qr.alipay.com/a7x14533cbry32zncqjug02',1,'011ron',1,'2023-01-09 15:03:42',4,1,'',''),(563,131,3,9,10,0,0,1,'长沙市级迫百货经营部','dongpang645900172@163.com',NULL,NULL,NULL,'2023-01-10 18:59:56','2022-12-27 18:36:00',0.00,0,0,'https://qr.alipay.com/a7x14465c48dvqin8bpmp52',1,'011don',1,'2023-01-09 15:02:34',4,1,'',''),(564,131,2,10,10,0,0,1,'长沙市级迫百货经营部','zhenrenyou2745244@163.com',NULL,NULL,NULL,'2023-01-12 14:38:47','2022-12-27 18:37:00',0.00,0,0,'https://qr.alipay.com/a7x14551xr6cfxqooibdpa6',1,'011zhe（限制)',1,'2023-01-11 18:27:54',4,1,'',''),(565,131,1,9,10,1,0,1,'长沙市级迫百货经营部','pingzhixianwen278@163.com',NULL,NULL,NULL,'2023-01-12 15:22:44','2022-12-27 18:38:04',0.00,0,0,'https://qr.alipay.com/a7x103668hcvjzogppovc94',1,'011pin',1,'2023-01-09 14:59:22',4,1,'',''),(566,131,1,9,10,1,0,1,'长沙市巩描百货经营部','wenchengrong97686@163.com',NULL,NULL,NULL,'2023-01-12 15:22:44','2022-12-27 18:39:35',0.00,0,0,'https://qr.alipay.com/a7x17925ldqdg2v5hqf4c61',1,'012wen',1,'2023-01-09 15:09:11',4,1,'',''),(567,131,2,9,10,1,0,1,'长沙市巩描百货经营部','qianruotao2936427@163.com',NULL,NULL,NULL,'2023-01-12 16:34:38','2022-12-27 18:41:18',0.00,0,0,'https://qr.alipay.com/a7x19757ptdbrlwpr2jkl99',1,'012qia',1,'2023-01-09 15:07:58',4,0,'',''),(568,131,2,9,10,1,0,1,'长沙市巩描百货经营部','liangshaogong9195@163.com',NULL,NULL,NULL,'2023-01-12 16:34:38','2022-12-27 18:42:26',0.00,0,0,'https://qr.alipay.com/a7x15241olvo6y4zksmgw50',1,'012lia',1,'2023-01-09 15:07:17',4,0,'',''),(569,131,2,9,9,0,0,1,'长沙市巩描百货经营部','haochinaishi47910@163.com',NULL,NULL,NULL,'2023-01-12 15:29:16','2022-12-27 18:43:47',0.00,0,0,'https://qr.alipay.com/a7x16900vzplvoebuaifv99',1,'012hao限制（1月18号解除）',1,'2023-01-12 15:37:12',4,1,'',''),(570,131,2,9,10,1,0,1,'长沙市巩描百货经营部','huayefei459630875@163.com',NULL,NULL,NULL,'2023-01-12 16:34:38','2022-12-27 18:44:43',0.00,0,0,'https://qr.alipay.com/a7x14899pj54rqmmvxape20',1,'012hua',1,'2023-01-09 15:05:51',4,0,'',''),(571,131,1,9,10,1,0,1,'长沙市敏蕴日用百货门市部','tangweiwen0271761@163.com',NULL,NULL,NULL,'2023-01-12 15:29:24','2022-12-27 18:46:29',0.00,0,0,'https://qr.alipay.com/a7x1488429kgsduzeh87zd2',1,'013tan',1,'2023-01-09 15:16:42',4,1,'',''),(572,131,2,9,9,0,0,1,'长沙市敏蕴日用百货门市部','houlunxie27574962@163.com',NULL,NULL,NULL,'2023-01-11 16:29:54','2022-12-27 18:47:33',0.00,0,0,'https://qr.alipay.com/a7x17757am1cgsv0lccp9b7',1,'013hou（限制）',1,'2023-01-11 14:03:41',4,1,'',''),(573,131,2,9,10,1,0,1,'长沙市敏蕴日用百货门市部','yuanjianxie165256@163.com',NULL,NULL,NULL,'2023-01-12 16:34:38','2022-12-27 18:48:38',0.00,0,0,'https://qr.alipay.com/a7x12250cefmbcinoahz926',1,'013yua',1,'2023-01-09 15:15:00',4,0,'',''),(574,131,1,9,10,1,0,1,'长沙市敏蕴日用百货门市部','tangluzhongcao724@163.com',NULL,NULL,NULL,'2023-01-12 15:37:10','2022-12-27 18:49:42',0.00,0,0,'https://qr.alipay.com/a7x17342osjyctrue3vsk24',1,'013tan',1,'2023-01-09 15:12:48',4,1,'',''),(575,131,2,10,10,0,0,1,'长沙市敏蕴日用百货门市部','niugouqiao8771184@163.com',NULL,NULL,NULL,'2023-01-11 20:10:54','2022-12-27 18:50:33',0.00,0,0,'https://qr.alipay.com/a7x17889nif1sry6cwtr2c4',1,'013niu限制（1月19号解除）',1,'2023-01-11 20:18:47',4,1,'',''),(576,131,1,9,10,1,0,1,'长沙市炯旭日用百货门市部','guairaoxiezhi3818@163.com',NULL,NULL,NULL,'2023-01-12 15:38:57','2022-12-27 18:52:04',0.00,0,0,'https://qr.alipay.com/a7x165278b09wzk9a4yexc2',1,'014gua',1,'2023-01-09 15:20:25',4,1,'',''),(577,131,1,9,10,1,0,1,'长沙市炯旭日用百货门市部','jiqiaonai59501933@163.com',NULL,NULL,NULL,'2023-01-12 15:40:29','2022-12-27 18:53:16',0.00,0,0,'https://qr.alipay.com/a7x19279pxnp0bhebn12kee',1,'014jiq',1,'2023-01-09 15:19:44',4,1,'',''),(578,131,2,9,10,1,0,1,'长沙市炯旭日用百货门市部','tanxianxingke0230@163.com',NULL,NULL,NULL,'2023-01-12 16:34:38','2022-12-27 18:54:17',0.00,0,0,'https://qr.alipay.com/a7x13865w1e56jwnegmtzac',1,'014tan',1,'2023-01-09 15:19:06',4,0,'',''),(579,131,2,9,10,1,0,1,'长沙市炯旭日用百货门市部','honglanben0791773@163.com',NULL,NULL,NULL,'2023-01-12 16:34:38','2022-12-27 18:55:13',0.00,0,0,'https://qr.alipay.com/a7x10162dqoeossiwgs7s1a',1,'014hon',1,'2023-01-09 15:18:24',4,0,'',''),(580,131,2,10,10,0,0,1,'长沙市炯旭日用百货门市部','cenjiutang1560051@163.com',NULL,NULL,NULL,'2023-01-11 18:11:20','2022-12-27 18:56:01',0.00,0,0,'https://qr.alipay.com/a7x165480ijokpvmuspedd2',1,'014cen限制（1月19号解除）',1,'2023-01-11 18:19:17',4,1,'',''),(581,131,2,9,10,1,0,1,'上海武利岚商贸有限公司','zhangfuchuang3875@163.com',NULL,NULL,NULL,'2023-01-12 16:34:38','2022-12-27 18:57:36',0.00,0,0,'https://qr.alipay.com/a7x10967mqhtte3zkrtxn7c',1,'015zha',1,'2023-01-09 15:23:57',4,0,'',''),(582,131,1,9,10,1,0,1,'上海武利岚商贸有限公司','xingtanchen517112@163.com',NULL,NULL,NULL,'2023-01-12 15:49:00','2022-12-27 18:58:33',0.00,0,0,'https://qr.alipay.com/a7x12222ugjdqda5fmdrb20',1,'015xin',1,'2023-01-09 15:23:18',4,1,'',''),(583,131,2,9,10,1,0,1,'上海武利岚商贸有限公司','wurangqi078816371@163.com',NULL,NULL,NULL,'2023-01-12 16:34:38','2022-12-27 18:59:28',0.00,0,0,' https://qr.alipay.com/a7x18475vwwqe6pjmdzyfbe',1,'015wur',1,'2023-01-09 15:22:35',4,0,'',''),(584,131,1,9,10,1,0,1,'上海武利岚商贸有限公司','zhaoyihuanyan8133@163.com',NULL,NULL,NULL,'2023-01-12 15:51:02','2022-12-27 19:00:21',0.00,0,0,'https://qr.alipay.com/a7x17571uhyp7na0f45juef',1,'015zha',1,'2023-01-09 15:21:55',4,1,'',''),(585,131,1,9,10,1,0,1,'上海武利岚商贸有限公司','jibeifei600189640@163.com',NULL,NULL,NULL,'2023-01-12 15:51:52','2022-12-27 19:01:12',0.00,0,0,'https://qr.alipay.com/a7x18198rswh1hbquok5e79',1,'015jib',1,'2023-01-09 15:21:17',4,1,'',''),(586,131,2,10,10,0,0,1,'上海礼欣辰商贸有限公司','baoyuegai82142688@163.com',NULL,NULL,NULL,'2023-01-12 16:34:38','2022-12-27 19:02:23',0.00,0,0,'https://qr.alipay.com/a7x17242epwxtdrrbzwtx23',1,'016bao',1,'2023-01-09 15:28:04',4,-1,'',''),(587,131,1,9,10,1,0,1,'上海礼欣辰商贸有限公司','shizhannue1645856@163.com',NULL,NULL,NULL,'2023-01-12 15:53:07','2022-12-27 19:03:33',0.00,0,0,'https://qr.alipay.com/a7x15808fdtqtmckrsl5uf2',1,'016shi',1,'2023-01-09 15:26:52',4,1,'',''),(588,131,2,9,10,1,0,1,'上海礼欣辰商贸有限公司','ruanbakong8028486@163.com',NULL,NULL,NULL,'2023-01-12 16:34:38','2022-12-27 19:05:00',0.00,0,0,'https://qr.alipay.com/a7x197499nhbummdw1rwkd5',1,'016rua',1,'2023-01-09 15:26:15',4,0,'',''),(589,131,1,9,10,1,0,1,'016tao','taozhanshen249461@163.com',NULL,NULL,NULL,'2023-01-12 15:55:44','2022-12-27 19:06:15',0.00,0,0,'https://qr.alipay.com/a7x16617ui4rrc7td3uoa0b',1,'016tao',1,'2023-01-09 15:25:29',4,1,'',''),(590,131,2,9,10,1,0,1,'上海礼欣辰商贸有限公司','zouhuangchao52640@163.com',NULL,NULL,NULL,'2023-01-12 16:34:38','2022-12-27 19:07:32',0.00,0,0,'https://qr.alipay.com/a7x12490ktkpqlw2dhadq42',1,'016zou',1,'2023-01-09 15:24:45',4,0,'',''),(591,131,1,9,10,1,0,1,'上海礼午商贸有限公司','youchengwoyong423@163.com',NULL,NULL,NULL,'2023-01-12 15:57:39','2022-12-27 19:08:49',0.00,0,0,'https://qr.alipay.com/a7x17353t3vtbjymc7ovm8b',1,'017you',1,'2023-01-09 15:31:53',4,1,'',''),(592,131,2,9,10,1,0,1,'上海礼午商贸有限公司','tuzhonglun4774088@163.com',NULL,NULL,NULL,'2023-01-12 16:34:38','2022-12-27 19:09:42',0.00,0,0,'https://qr.alipay.com/a7x19513a80thtiz9riqtdc',1,'017tuz',1,'2023-01-09 15:30:56',4,0,'',''),(593,131,2,9,10,1,0,1,'上海礼午商贸有限公司','zangweikan8590318@163.com',NULL,NULL,NULL,'2023-01-12 16:34:38','2022-12-27 19:10:57',0.00,0,0,'https://qr.alipay.com/a7x159954qpdf5qlbivrvaa',1,'017zan',1,'2023-01-09 15:30:13',4,0,'',''),(594,131,2,5,8,0,0,1,'上海礼午商贸有限公司','tejiongjiaoxie126@163.com',NULL,NULL,NULL,'2023-01-12 16:34:38','2022-12-27 19:12:09',0.00,0,0,'https://qr.alipay.com/a7x17482jhriyyj3bbdbne0',1,'017tej（限制）',1,'2023-01-11 15:16:38',4,-1,'',''),(595,131,2,8,8,0,0,1,'上海礼午商贸有限公司','gongyan4150261009@163.com',NULL,NULL,NULL,'2023-01-12 16:30:10','2022-12-27 19:12:54',0.00,0,0,'https://qr.alipay.com/a7x13471pecoh3g7kepri4e',1,'017gon（变更）',1,'2023-01-12 16:38:06',4,1,'',''),(596,131,2,10,10,0,NULL,1,'长沙市侃霖日用百货门市部','bojia7340@163.com',NULL,NULL,NULL,'2023-01-11 19:16:15','2022-12-27 19:24:08',0.00,0,0,'https://qr.alipay.com/fkx16912vfm5t7wqnm1jlde?t=1672140208612',1,'006boj',1,'2022-12-27 19:32:08',4,1,NULL,NULL),(605,134,3,999,999,0,NULL,1,'长沙市俊他百货经营部','xinmi997999157@163.com',NULL,NULL,NULL,'2023-01-05 23:13:22','2022-12-29 18:58:50',0.00,0,0,'https://qr.alipay.com/17o10363vyhdnera4ylvja5',1,'黑05xin',99,'2022-12-29 19:06:50',4,99,NULL,NULL),(606,122,2,9,10,0,0,1,'宿迁内马飞电子商务有限公司','wn1tjgutj@163.com',NULL,NULL,NULL,'2023-01-08 16:11:24','2023-01-01 12:54:54',0.00,0,0,'https://qr.alipay.com/17o11891gtsudhouze1succ',1,'内马飞',1,'2023-01-01 14:02:26',4,1,'',''),(607,122,2,10,10,0,0,1,'宿迁内马飞电子商务有限公司',' wn2itrjuty@163.com',NULL,NULL,NULL,'2023-01-08 16:11:24','2023-01-01 12:56:25',0.00,0,0,'https://qr.alipay.com/17o10655iscgzqoe3rgsw7b',1,'内马飞',1,'2023-01-03 13:22:29',4,1,'',''),(608,122,2,9,9,0,0,1,'宿迁内马飞电子商务有限公司','wn3ffhsd@163.com',NULL,NULL,NULL,'2023-01-08 16:11:24','2023-01-01 12:57:53',0.00,0,0,'https://qr.alipay.com/17o18705da6adjgafdeqa4b',1,'内马飞',1,'2023-01-03 13:23:55',4,1,'',''),(609,122,2,9,10,0,0,1,'宿迁内马飞电子商务有限公司','wn4xnka@163.com',NULL,NULL,NULL,'2023-01-08 16:11:24','2023-01-01 12:59:21',0.00,0,0,'https://qr.alipay.com/17o17615vftwuvuykkbyk2f',1,'内马飞',1,'2023-01-01 14:22:15',4,1,'',''),(610,122,2,9,9,0,0,1,'宿迁内马飞电子商务有限公司','wn5hpqe@163.com',NULL,NULL,NULL,'2023-01-08 16:11:24','2023-01-01 13:00:33',0.00,0,0,'https://qr.alipay.com/17o17634al7nkbguiwwhv61',1,'内马飞',1,'2023-01-03 13:25:29',4,1,'',''),(611,122,3,9,10,1,0,1,'宿迁坤角克电子商务有限公司','luanwaigts72@163.com',NULL,NULL,NULL,'2023-01-06 14:40:11','2023-01-01 13:02:16',0.00,0,0,'https://qr.alipay.com/17o15929gvchjkqxrbxosd1',1,'坤角克',1,'2023-01-01 14:31:35',4,1,'',''),(612,122,3,9,10,1,0,1,'宿迁坤角克电子商务有限公司','tiesuanjfy70324@163.com',NULL,NULL,NULL,'2023-01-06 14:40:09','2023-01-01 13:03:38',0.00,0,0,'https://qr.alipay.com/17o1192071rdin4tejqxxf8',1,'坤角克',1,'2023-01-01 14:33:58',4,1,'',''),(613,122,3,9,10,1,0,1,'宿迁坤角克电子商务有限公司','daogangrf56@163.com',NULL,NULL,NULL,'2023-01-06 14:40:07','2023-01-01 13:04:51',0.00,0,0,'https://qr.alipay.com/17o13771knj36vwt7cwhp60',1,'坤角克',1,'2023-01-01 14:36:11',4,1,'',''),(614,122,3,9,10,1,0,1,'宿迁坤角克电子商务有限公司','kunmozuouf57@163.com',NULL,NULL,NULL,'2023-01-06 14:40:05','2023-01-01 13:05:59',0.00,0,0,'https://qr.alipay.com/17o19430nc8uvnrf3emvgef',1,'坤角克',1,'2023-01-01 14:38:10',4,1,'',''),(615,122,3,9,10,1,0,1,'宿迁坤角克电子商务有限公司','muvao386@163.com',NULL,NULL,NULL,'2023-01-06 14:40:03','2023-01-01 13:07:12',0.00,0,0,'https://qr.alipay.com/17o19472v8abulsd74p8o97',1,'坤角克',1,'2023-01-01 14:40:22',4,1,'',''),(616,122,3,9,10,1,0,1,'宿迁知己谷电子商务有限公司','tengj64784@163.com',NULL,NULL,NULL,'2023-01-06 14:40:01','2023-01-01 13:08:52',0.00,0,0,'https://qr.alipay.com/17o17111owsgfw6wgccde24',1,'知己谷',1,'2023-01-01 15:09:34',4,1,'',''),(617,122,3,9,10,1,0,1,'宿迁知己谷电子商务有限公司','gangwuodg70@163.com',NULL,NULL,NULL,'2023-01-06 14:39:58','2023-01-01 13:10:08',0.00,0,0,'https://qr.alipay.com/17o12606njmbzbwzqux1g64',1,'知己谷',1,'2023-01-01 15:08:17',4,1,'',''),(618,122,3,9,10,1,0,1,'宿迁知己谷电子商务有限公司','panzhenjm3@163.com',NULL,NULL,NULL,'2023-01-06 14:39:56','2023-01-01 13:11:43',0.00,0,0,'https://qr.alipay.com/17o15055gkpqdpcem2dht41',1,'知己谷',1,'2023-01-01 15:06:39',4,1,'',''),(619,122,3,9,10,1,0,1,'宿迁知己谷电子商务有限公司','qiaw99867@163.com',NULL,NULL,NULL,'2023-01-06 14:39:53','2023-01-01 13:12:57',0.00,0,0,'https://qr.alipay.com/17o11556mxaar18bwuerv77',1,'知己谷',1,'2023-01-01 15:05:27',4,1,'',''),(620,122,3,9,10,1,0,1,'宿迁知己谷电子商务有限公司','biaocenggr01@163.com',NULL,NULL,NULL,'2023-01-06 14:39:51','2023-01-01 13:14:11',0.00,0,0,'https://qr.alipay.com/17o17947khjqpobh3looge5',1,'知己谷',1,'2023-01-01 15:04:16',4,1,'',''),(621,122,2,9,9,0,0,1,'宿迁翔中岳电子商务有限公司','xz1tghf@163.com',NULL,NULL,NULL,'2023-01-08 16:11:24','2023-01-01 13:16:00',0.00,0,0,'https://qr.alipay.com/17o16542zvytacx9hylrz37',1,'翔中岳',1,'2023-01-08 13:57:05',4,1,'',''),(622,122,2,9,9,0,0,1,'宿迁翔中岳电子商务有限公司','xz2henfg@163.com',NULL,NULL,NULL,'2023-01-08 16:11:24','2023-01-01 13:17:07',0.00,0,0,'https://qr.alipay.com/17o14152lmbgt35bxqahzbd',1,'翔中岳',1,'2023-01-06 15:23:28',4,1,'',''),(623,122,2,9,9,0,0,1,'宿迁翔中岳电子商务有限公司','xz3tghut@163.com',NULL,NULL,NULL,'2023-01-08 16:11:24','2023-01-01 13:18:27',0.00,0,0,'https://qr.alipay.com/17o17132hbr3kamoirlzvbe',1,'翔中岳',1,'2023-01-06 15:27:05',4,1,'',''),(624,122,2,9,9,0,0,1,'宿迁翔中岳电子商务有限公司','xz4kdjha@163.com',NULL,NULL,NULL,'2023-01-08 16:11:24','2023-01-01 13:19:37',0.00,0,0,'https://qr.alipay.com/17o13759ltv4mg2s2o92u21',1,'翔中岳',1,'2023-01-06 15:29:18',4,1,'',''),(625,122,2,9,9,0,0,1,'宿迁翔中岳电子商务有限公司','hezhanwei81120506@163.com',NULL,NULL,NULL,'2023-01-08 16:11:24','2023-01-01 13:20:42',0.00,0,0,'https://qr.alipay.com/17o16060lrb6rhpca50tm2f',1,'翔中岳',1,'2023-01-06 15:31:44',4,1,'',''),(626,122,2,10,10,0,0,1,'宿迁莱纳卡电子商务有限公司','shanmz3588@163.com',NULL,NULL,NULL,'2023-01-08 16:11:24','2023-01-01 13:22:22',0.00,0,0,'https://qr.alipay.com/17o17730yssx2jsafux6m83',1,'莱纳卡',1,'2023-01-01 15:48:47',4,1,'',''),(627,122,2,10,10,0,0,1,'宿迁莱纳卡电子商务有限公司','powenshv44@163.com',NULL,NULL,NULL,'2023-01-08 16:11:24','2023-01-01 13:23:32',0.00,0,0,'https://qr.alipay.com/17o16831pn2n0vynnvvx1bb',1,'莱纳卡',1,'2023-01-01 15:47:42',4,1,'',''),(628,122,2,10,10,0,0,1,'宿迁莱纳卡电子商务有限公司','renw8073@163.com',NULL,NULL,NULL,'2023-01-08 16:11:24','2023-01-01 13:24:37',0.00,0,0,'https://qr.alipay.com/17o17982jw6r199rnsghde4',1,'莱纳卡',1,'2023-01-01 15:46:43',4,1,'',''),(629,122,2,10,10,0,0,1,'宿迁莱纳卡电子商务有限公司','wansxg0394@163.com',NULL,NULL,NULL,'2023-01-08 16:11:24','2023-01-01 13:25:45',0.00,0,0,'https://qr.alipay.com/17o1225081fggiyhj6gjf59',1,'莱纳卡',1,'2023-01-01 15:45:35',4,1,'',''),(630,122,2,10,10,0,0,1,'宿迁莱纳卡电子商务有限公司','wobl54702@163.com',NULL,NULL,NULL,'2023-01-08 16:11:24','2023-01-01 13:26:53',0.00,0,0,'https://qr.alipay.com/17o15775ylht8bluzjffeec',1,'莱纳卡',1,'2023-01-01 15:44:22',4,1,'',''),(631,122,2,9,10,0,0,1,'宿迁斯顺莱电子商务有限公司','miexg55488@163.com',NULL,NULL,NULL,'2023-01-08 16:11:24','2023-01-01 13:28:18',0.00,0,0,'https://qr.alipay.com/17o17694wviaosrino4xyce',1,'斯顺莱',1,'2023-01-01 14:45:30',4,1,'',''),(632,122,2,9,10,0,0,1,'宿迁斯顺莱电子商务有限公司','nanpogt03@163.com',NULL,NULL,NULL,'2023-01-08 16:11:24','2023-01-01 13:29:25',0.00,0,0,'https://qr.alipay.com/17o12353yowwenblbjaoud6',1,'斯顺莱',1,'2023-01-01 14:47:48',4,1,'',''),(633,122,2,9,10,0,0,1,'宿迁斯顺莱电子商务有限公司','tebuzuol3511@163.com',NULL,NULL,NULL,'2023-01-08 16:11:24','2023-01-01 13:30:39',0.00,0,0,'https://qr.alipay.com/17o16813x3f5qtcikuh6d96',1,'斯顺莱',1,'2023-01-01 14:50:14',4,1,'',''),(634,122,2,9,10,0,0,1,'宿迁斯顺莱电子商务有限公司','diaolz573@163.com',NULL,NULL,NULL,'2023-01-08 16:11:24','2023-01-01 13:31:51',0.00,0,0,'https://qr.alipay.com/17o17977rh6dgbqa2pyoe5f',1,'斯顺莱',1,'2023-01-01 14:52:23',4,1,'',''),(635,122,2,9,10,0,0,1,'宿迁斯顺莱电子商务有限公司','pofengbyj9429@163.com',NULL,NULL,NULL,'2023-01-08 16:11:24','2023-01-01 13:33:45',0.00,0,0,'https://qr.alipay.com/17o186356kknsy4pcske19f',1,'斯顺莱',1,'2023-01-01 14:54:26',4,1,'',''),(636,134,3,1,2,1,NULL,1,'123','小荷包',NULL,NULL,NULL,'2023-01-07 22:05:33','2023-01-05 23:14:26',0.00,0,0,'https://qr.alipay.com/1hr17747ximdyzc7wfn6u9e',1,'123',1,'2023-01-05 23:22:26',4,1,NULL,NULL),(637,142,2,10,10,0,NULL,1,'1','1',NULL,NULL,NULL,'2023-01-07 21:29:34','2023-01-07 21:22:54',0.00,0,0,'https://s.ysepay.com/6C2B774A75426C6B54463256753532584A67726F552F4C485A4A736F52505251744C4F504379744E4F74413D.do',1,NULL,5,'2023-01-07 21:30:54',4,5,NULL,NULL),(638,134,3,10,10,0,NULL,1,'123','123',NULL,NULL,NULL,'2023-01-07 22:17:29','2023-01-07 22:16:35',0.00,0,0,'https://qr.alipay.com/12018119iqubhr7oll4en93',1,'1',1,'2023-01-07 22:24:35',4,1,NULL,NULL),(639,134,3,10,10,0,NULL,1,'12','12',NULL,NULL,NULL,'2023-01-07 22:17:31','2023-01-07 22:16:46',0.00,0,0,'https://qr.alipay.com/17o14131vnklzmxiulipad9',1,'12',1,'2023-01-07 22:24:46',4,1,NULL,NULL),(641,134,3,3,4,0,0,1,'002刘永祯','16525656314',NULL,NULL,NULL,'2023-01-11 12:40:39','2023-01-07 22:26:30',0.00,0,0,'https://qr.alipay.com/1hr14111ozvtac4fqfrsc5f',1,'002刘永祯',1,'2023-01-09 01:30:06',4,1,'',''),(642,134,3,3,4,0,0,1,'003刘云斗','16583433316',NULL,NULL,NULL,'2023-01-11 12:40:39','2023-01-07 22:27:16',0.00,0,0,'https://qr.alipay.com/1hr18782pen5c8xesdvak44',1,'003刘云斗',1,'2023-01-09 01:30:04',4,1,'',''),(645,134,3,3,4,0,0,1,'006王治宇','16525656294',NULL,NULL,NULL,'2023-01-11 12:40:39','2023-01-07 22:30:36',0.00,0,0,'https://qr.alipay.com/1hr10083zb4ai96f9sx59f7',1,'006王治宇',1,'2023-01-09 01:29:53',4,1,'',''),(648,134,3,3,3,2,0,1,'009孟卓','16525656334',NULL,NULL,NULL,'2023-01-11 12:40:39','2023-01-07 22:32:55',0.00,0,0,'https://qr.alipay.com/17o17509dskhvaszap5yw0d',1,'009孟卓',1,'2023-01-11 01:58:28',4,1,'',''),(650,134,3,3,4,0,0,1,'011张文琪','16525656347',NULL,NULL,NULL,'2023-01-11 12:40:39','2023-01-07 22:34:48',0.00,0,0,'https://qr.alipay.com/1hr19723vab1mi0qxipp3de',1,'011张文琪',1,'2023-01-09 01:29:40',4,1,'',''),(651,134,3,3,4,0,0,1,'012张文琪','16525656348',NULL,NULL,NULL,'2023-01-11 12:40:39','2023-01-07 22:35:36',0.00,0,0,'https://qr.alipay.com/1hr16717oaq8lu0il11sk66',1,'012张文琪',1,'2023-01-09 01:29:38',4,1,'',''),(652,134,3,3,4,0,0,1,'013于洋成','16525656364',NULL,NULL,NULL,'2023-01-11 12:40:39','2023-01-07 22:36:26',0.00,0,0,'https://qr.alipay.com/1hr14926vzws1yc8od3kvdd',1,'013于洋成',1,'2023-01-09 01:29:32',4,1,'',''),(654,134,3,3,4,0,0,1,'015宋艳欣','16583433736',NULL,NULL,NULL,'2023-01-11 12:40:39','2023-01-07 22:37:56',0.00,0,0,'https://qr.alipay.com/1hr15030l14flvdelt7uyca',1,'015宋艳欣',1,'2023-01-09 01:29:25',4,1,'',''),(655,134,3,3,4,0,0,1,'016宋艳欣','16583433734',NULL,NULL,NULL,'2023-01-11 12:40:39','2023-01-07 22:38:54',0.00,0,0,'https://qr.alipay.com/1hr13453pk2sge39mevokae',1,'016宋艳欣',1,'2023-01-09 01:29:21',4,1,'',''),(657,134,3,3,4,0,0,1,'018王秋阳','16525869934',NULL,NULL,NULL,'2023-01-11 12:40:39','2023-01-07 22:40:45',0.00,0,0,'https://qr.alipay.com/1hr11104mvrjbmhxk46vte5',1,'018王秋阳',1,'2023-01-09 01:29:16',4,1,'',''),(658,134,3,3,4,0,0,1,'019薛玲','16525868433',NULL,NULL,NULL,'2023-01-11 12:40:39','2023-01-07 22:41:34',0.00,0,0,'https://qr.alipay.com/1hr19740sljtti76pxzuj03',1,'019薛玲',1,'2023-01-09 01:29:11',4,1,'',''),(660,134,3,3,4,0,0,1,'021孙书寒','16525869428',NULL,NULL,NULL,'2023-01-11 12:40:39','2023-01-07 22:43:09',0.00,0,0,'https://qr.alipay.com/1hr11231ifh885otcgqvl4e',1,'021孙书寒',1,'2023-01-09 01:29:06',4,1,'',''),(662,134,3,3,4,0,0,1,'023薛宇','16525868438',NULL,NULL,NULL,'2023-01-11 12:40:39','2023-01-07 22:46:05',0.00,0,0,'https://qr.alipay.com/1hr14249nx4rxpgmkfm9gc9',1,'023薛宇',1,'2023-01-09 01:28:57',4,1,'',''),(663,134,3,3,4,0,0,1,'024薛宇','16525868455',NULL,NULL,NULL,'2023-01-11 12:40:39','2023-01-07 22:46:52',0.00,0,0,'https://qr.alipay.com/1hr17573dzvec3o8plbuac5',1,'024薛宇',1,'2023-01-09 01:28:55',4,1,'',''),(664,134,3,3,4,0,0,1,'025宋艳翡','16525867422',NULL,NULL,NULL,'2023-01-11 12:40:39','2023-01-07 22:47:33',0.00,0,0,'https://qr.alipay.com/1hr13367dwxzayf6qcnv954',1,'025宋艳翡',1,'2023-01-09 01:28:52',4,1,'',''),(667,134,3,3,4,0,0,1,'028水宏亮','16525865448',NULL,NULL,NULL,'2023-01-11 12:40:39','2023-01-07 22:50:19',0.00,0,0,'https://qr.alipay.com/1hr11820ifw2ljgxvopsd1e',1,'028水宏亮',1,'2023-01-09 01:28:41',4,1,'',''),(668,134,3,3,4,0,0,1,'029温瑶','16583433273',NULL,NULL,NULL,'2023-01-11 12:40:39','2023-01-07 22:51:14',0.00,0,0,'https://qr.alipay.com/1hr121683hmstz6wbv7p876',1,'029温瑶',1,'2023-01-09 01:28:38',4,1,'',''),(669,134,3,3,4,0,0,1,'030温瑶','16583433274',NULL,NULL,NULL,'2023-01-11 12:40:39','2023-01-07 22:51:58',0.00,0,0,'https://qr.alipay.com/1hr16392j08ismicq1ioqe8',1,'030温瑶',1,'2023-01-09 01:28:36',4,1,'',''),(672,134,3,3,4,0,0,1,'033马阳春','16583433262',NULL,NULL,NULL,'2023-01-11 12:40:39','2023-01-07 22:58:21',0.00,0,0,'https://qr.alipay.com/17o11787rybboikldgtdk92',1,'033马阳春',1,'2023-01-09 01:28:26',4,1,'',''),(674,134,3,3,4,0,0,1,'035荣智慧','16506919986',NULL,NULL,NULL,'2023-01-11 12:40:39','2023-01-07 23:03:11',0.00,0,0,'https://qr.alipay.com/1hr14496qszrena5fadjab6',1,'035荣智慧',1,'2023-01-09 01:28:21',4,1,'',''),(675,134,3,3,4,0,0,1,'036荣智慧','16506919985',NULL,NULL,NULL,'2023-01-11 12:40:39','2023-01-07 23:03:59',0.00,0,0,'https://qr.alipay.com/1hr19623n6pi2axibrzpzf6',1,'036荣智慧',1,'2023-01-09 01:28:11',4,1,'',''),(677,134,3,3,4,0,0,1,'038靳春雨','16525869148',NULL,NULL,NULL,'2023-01-11 12:40:39','2023-01-07 23:05:59',0.00,0,0,'https://qr.alipay.com/1hr17781xcjsqdie4u16gcb',1,'038靳春雨',1,'2023-01-09 01:28:04',4,1,'',''),(678,134,3,3,4,0,0,1,'039王中秋','16583433647',NULL,NULL,NULL,'2023-01-11 12:40:39','2023-01-07 23:06:41',0.00,0,0,'https://qr.alipay.com/1hr189047harlvpqzrtse5d',1,'039王中秋',1,'2023-01-09 01:28:01',4,1,'',''),(679,134,3,3,4,0,0,1,'040王中秋','16583433646',NULL,NULL,NULL,'2023-01-11 12:40:39','2023-01-07 23:07:26',0.00,0,0,'https://qr.alipay.com/1hr19965keewgvysgruub25',1,'040王中秋',1,'2023-01-09 01:27:59',4,1,'',''),(680,134,3,3,4,0,0,1,'041杨贺','16583433280',NULL,NULL,NULL,'2023-01-11 12:40:59','2023-01-07 23:09:41',0.00,0,0,'https://qr.alipay.com/1hr19232j1469axwekijo25',1,'041杨贺',1,'2023-01-09 01:27:56',4,1,'',''),(683,134,3,3,4,0,0,1,'044谷孝龙','16583433293',NULL,NULL,NULL,'2023-01-11 12:40:59','2023-01-07 23:13:39',0.00,0,0,'https://qr.alipay.com/1hr16847ahmwiuandvkyc9c',1,'044谷孝龙',1,'2023-01-09 01:27:47',4,1,'',''),(684,134,3,3,4,0,0,1,'045司盛鑫','16506919978',NULL,NULL,NULL,'2023-01-11 12:40:59','2023-01-07 23:14:27',0.00,0,0,'https://qr.alipay.com/1hr16687emteicwdf9ewq08',1,'045司盛鑫',1,'2023-01-09 01:27:45',4,1,'',''),(686,134,3,3,4,0,0,1,'047李雪莹','16506919984',NULL,NULL,NULL,'2023-01-11 12:40:59','2023-01-07 23:20:18',0.00,0,0,'https://qr.alipay.com/1hr15984jdovdzefs775jc7',1,'047李雪莹',1,'2023-01-09 01:27:36',4,1,'',''),(687,134,3,3,4,0,0,1,'048李雪莹','16506919983',NULL,NULL,NULL,'2023-01-11 12:40:59','2023-01-07 23:21:17',0.00,0,0,'https://qr.alipay.com/1hr11354cwf5oxejuscgy23',1,'048李雪莹',1,'2023-01-09 01:27:34',4,1,'',''),(689,134,3,3,4,0,0,1,'050骆嘉悦','16525868489',NULL,NULL,NULL,'2023-01-11 12:40:59','2023-01-07 23:22:46',0.00,0,0,'https://qr.alipay.com/1hr19650cj0zec2esfg3j2c',1,'050骆嘉悦',1,'2023-01-09 01:27:28',4,1,'',''),(690,122,2,10,10,0,NULL,1,'宿迁卡哈斯电子商务有限公司','haoylc4948@163.com',NULL,NULL,NULL,'2023-01-08 16:11:24','2023-01-08 14:24:23',0.00,0,0,'https://qr.alipay.com/17o1106611ewz1no9xymp3f',1,'卡哈斯',1,'2023-01-08 14:32:23',4,1,NULL,NULL),(691,122,2,10,10,0,NULL,1,'宿迁卡哈斯电子商务有限公司','luanyimji5@163.com',NULL,NULL,NULL,'2023-01-08 16:11:24','2023-01-08 14:44:47',0.00,0,0,'https://qr.alipay.com/17o15799ieogcd0znunpgbb',1,'卡哈斯',1,'2023-01-08 14:52:47',4,1,NULL,NULL),(692,122,2,10,10,0,NULL,1,'宿迁卡哈斯电子商务有限公司','zunl681@163.com',NULL,NULL,NULL,'2023-01-08 16:11:24','2023-01-08 15:14:55',0.00,0,0,'https://qr.alipay.com/17o162926cmyl7zrflip73d',1,'卡哈斯',1,'2023-01-08 15:22:55',4,1,NULL,NULL),(693,122,2,10,10,0,NULL,1,'宿迁卡哈斯电子商务有限公司','cicishezj10@163.com',NULL,NULL,NULL,'2023-01-08 16:11:24','2023-01-08 15:36:46',0.00,0,0,'https://qr.alipay.com/17o168228ptb13z9xtwdqc5',1,'卡哈斯',1,'2023-01-08 15:44:46',4,1,NULL,NULL),(694,122,2,10,10,0,NULL,1,'宿迁卡哈斯电子商务有限公司','kendaosaw0826@163.com',NULL,NULL,NULL,'2023-01-08 16:11:24','2023-01-08 16:11:18',0.00,0,0,'https://qr.alipay.com/17o11524c7jrvtitxogur0d',1,'卡哈斯',1,'2023-01-08 16:19:18',4,1,NULL,NULL),(695,134,2,3,3,0,0,1,'上海迈徽城贸易工作室','keobs0100@163.com',NULL,NULL,NULL,'2023-01-12 16:27:52','2023-01-09 00:34:33',0.00,0,0,'https://qr.alipay.com/120197726cdlfynem7ip08b',1,'黑01keo  售后对公',1,'2023-01-12 16:35:52',4,1,'',''),(696,134,2,0,1,3,0,1,'上海迈徽城贸易工作室','rankenn3463@163.com',NULL,NULL,NULL,'2023-01-12 16:41:12','2023-01-09 00:34:45',0.00,0,0,'https://qr.alipay.com/12019643p7qqiha0zwfsiae',1,'黑01ran  限制收款14天12日',1,'2023-01-12 12:49:51',4,1,'',''),(697,134,2,1,1,2,0,1,'上海迈徽城贸易工作室','yangluanchou6@163.com',NULL,NULL,NULL,'2023-01-12 15:10:11','2023-01-09 00:34:57',0.00,0,0,'https://qr.alipay.com/12017889knl2g0pxki2xw4e',1,'黑01yan  限制14天12日',1,'2023-01-12 15:18:11',4,1,'',''),(698,134,1,3,4,1,0,1,'上海迈徽城贸易工作室','chuanyao1281@163.com',NULL,NULL,NULL,'2023-01-12 16:33:09','2023-01-09 00:35:09',0.00,0,0,'https://qr.alipay.com/12011561pfpebmcarbk5t60',1,'黑01chu',1,'2023-01-09 01:26:03',4,1,'',''),(699,134,2,1,2,0,0,1,'上海迈徽城贸易工作室','jegokpxvmu639@163.com',NULL,NULL,NULL,'2023-01-12 14:29:45','2023-01-09 00:35:21',0.00,0,0,'https://qr.alipay.com/12014175o0liohpxqvhjtdf',1,'黑01jeg  限制14天12日',1,'2023-01-12 14:33:11',4,1,'',''),(700,134,1,3,4,1,0,1,'上海茂安嘉日用百货商行','ecakozhua314@163.com',NULL,NULL,NULL,'2023-01-12 16:33:49','2023-01-09 00:35:37',0.00,0,0,'https://qr.alipay.com/12013522sm6a4t6hk2yek1e',1,'黑02eca',1,'2023-01-09 01:24:02',4,1,'',''),(701,134,1,3,4,1,0,1,'上海茂安嘉日用百货商行','nienhc7525@163.com',NULL,NULL,NULL,'2023-01-12 16:35:03','2023-01-09 00:35:48',0.00,0,0,'https://qr.alipay.com/12012712p5f0ccanjrwjyde',1,'黑02nie',1,'2023-01-09 01:21:27',4,1,'',''),(702,134,2,3,3,2,0,1,'上海茂安嘉日用百货商行','zaishenas7534@163.com',NULL,NULL,NULL,'2023-01-12 16:34:38','2023-01-09 00:35:59',0.00,0,0,'https://qr.alipay.com/12018337ndq43hpawdwsibf',1,'黑02zai限制支付7天12号',0,'2023-01-12 02:10:43',4,0,'',''),(703,134,2,2,2,0,0,1,'上海茂安嘉日用百货商行','shanghgm588@163.com',NULL,NULL,NULL,'2023-01-12 14:26:54','2023-01-09 00:36:09',0.00,0,0,'https://qr.alipay.com/12018456uifhm8qeyfsh17f',1,'黑02sha  限制7天12日',1,'2023-01-12 14:34:49',4,1,'',''),(704,134,2,2,2,2,0,1,'上海茂安嘉日用百货商行','shekuiganp89@163.com',NULL,NULL,NULL,'2023-01-12 13:20:54','2023-01-09 00:36:22',0.00,0,0,'https://qr.alipay.com/1201708394wf2whdwjzvucb',1,'黑02she  限制7天12日',1,'2023-01-12 13:28:54',4,1,'',''),(705,134,2,0,0,0,0,1,'上海银诺圆贸易工作室','gfqlxkwr26@163.com',NULL,NULL,NULL,'2023-01-12 16:41:12','2023-01-09 00:36:40',0.00,0,0,'https://qr.alipay.com/12017472pzyx58bsvkyvr95',1,'黑03gfq  限制14天12日',1,'2023-01-12 14:51:22',4,1,'',''),(706,134,1,3,4,1,0,1,'上海银诺圆贸易工作室','gouloubao9@163.com',NULL,NULL,NULL,'2023-01-12 16:39:06','2023-01-09 00:36:50',0.00,0,0,'https://qr.alipay.com/12014212wifvd5ojvyvx6c1',1,'黑03gou',1,'2023-01-09 01:20:46',4,1,'',''),(707,134,1,3,4,1,0,1,'上海银诺圆贸易工作室','woxti452@163.com',NULL,NULL,NULL,'2023-01-12 16:39:06','2023-01-09 00:37:00',0.00,0,0,'https://qr.alipay.com/12019702mibiun10jj3a601',1,'黑03wox',1,'2023-01-09 01:20:08',4,1,'',''),(708,134,2,3,4,1,0,1,'上海银诺圆贸易工作室','owfspjyxs5647@163.com',NULL,NULL,NULL,'2023-01-12 16:34:38','2023-01-09 00:37:09',0.00,0,0,'https://qr.alipay.com/120131880civtsvbaa5abf1',1,'黑03owf',1,'2023-01-09 01:19:32',4,0,'',''),(709,134,2,3,4,1,0,1,'上海银诺圆贸易工作室','txxioedkh9@163.com',NULL,NULL,NULL,'2023-01-12 16:34:38','2023-01-09 00:37:21',0.00,0,0,'https://qr.alipay.com/12014682ypxbrzcg6d5wua4',1,'黑03txx',1,'2023-01-09 01:18:56',4,0,'',''),(710,134,1,3,4,1,0,1,'上海羽诺创贸易工作室','porj857194@163.com',NULL,NULL,NULL,'2023-01-12 16:39:29','2023-01-09 00:37:32',0.00,0,0,'https://qr.alipay.com/12015345ro2moiieavnqt93',1,'黑04por',1,'2023-01-09 01:14:52',4,1,'',''),(711,134,1,3,4,1,0,1,'上海羽诺创贸易工作室','vpo67498@163.com',NULL,NULL,NULL,'2023-01-13 16:17:07','2023-01-09 00:37:41',0.00,0,0,'https://qr.alipay.com/120149794px7lg40sbmducc',1,'黑04vpo',1,'2023-01-09 01:17:40',4,1,'',''),(712,134,1,3,4,1,0,1,'上海羽诺创贸易工作室','zhengbsq66729@163.com',NULL,NULL,NULL,'2023-01-13 16:17:06','2023-01-09 00:37:50',0.00,0,0,'https://qr.alipay.com/12014713pdtppqv8erfr585',1,'黑04zhe',1,'2023-01-09 01:16:13',4,1,'',''),(713,134,1,4,4,0,0,1,'上海羽诺创贸易工作室','jiangeb16@163.com',NULL,NULL,NULL,'2023-01-12 16:23:26','2023-01-09 00:38:00',0.00,0,0,'https://qr.alipay.com/12019827dvh1znfmtkiwf38',1,'黑04jia',1,'2023-01-09 01:15:28',4,1,'',''),(714,134,1,4,4,0,0,1,'上海羽诺创贸易工作室','nchang852736@163.com',NULL,NULL,NULL,'2023-01-12 16:23:26','2023-01-09 00:38:10',0.00,0,0,'https://qr.alipay.com/12019736qdsep7cdwlzqmda',1,'黑04nch',1,'2023-01-09 01:16:57',4,1,'',''),(715,134,1,4,4,0,0,1,'上海慧微禾日用百货商行','pfjdzmsu89623@163.com',NULL,NULL,NULL,'2023-01-12 16:23:38','2023-01-09 00:38:25',0.00,0,0,'https://qr.alipay.com/12016475tpclqr1m8olcp02',1,'黑05pfj',1,'2023-01-09 01:10:41',4,1,'',''),(717,134,1,4,4,0,0,1,'上海慧微禾日用百货商行','pingdaoi815@163.com',NULL,NULL,NULL,'2023-01-12 16:23:38','2023-01-09 00:38:45',0.00,0,0,'https://qr.alipay.com/12017489dtg0rnkswu7vh8a',1,'黑05pin',1,'2023-01-09 01:13:29',4,1,'',''),(718,134,1,4,4,0,0,1,'上海慧微禾日用百货商行','pvvzong3@163.com',NULL,NULL,NULL,'2023-01-12 16:23:38','2023-01-09 00:38:56',0.00,0,0,'https://qr.alipay.com/12010176wbmqqxtzcyb9dc7',1,'黑05pvv',1,'2023-01-09 01:12:48',4,1,'',''),(719,134,1,4,4,0,0,1,'上海慧微禾日用百货商行','shetengpx2@163.com',NULL,NULL,NULL,'2023-01-12 16:23:38','2023-01-09 00:39:06',0.00,0,0,'https://qr.alipay.com/12013249ns6fcmavhrytre6',1,'黑05she',1,'2023-01-09 01:11:20',4,1,'',''),(720,134,2,3,4,1,0,1,'上海讯精创贸易工作室','hrihyttbd36416@163.com',NULL,NULL,NULL,'2023-01-12 16:34:38','2023-01-09 00:39:21',0.00,0,0,'https://qr.alipay.com/a7x16190n1nqap7z0oarga5',1,'黑06hri',1,'2023-01-09 01:08:14',4,0,'',''),(721,134,2,3,4,1,0,1,'上海讯精创贸易工作室','baiqfj74@163.com',NULL,NULL,NULL,'2023-01-12 16:34:38','2023-01-09 00:39:30',0.00,0,0,'https://qr.alipay.com/a7x12462fmkqycba6lca828',1,'黑06bai',1,'2023-01-09 01:10:03',4,0,'',''),(722,134,2,2,4,2,0,1,'上海讯精创贸易工作室','jgzzuwq1636@163.com',NULL,NULL,NULL,'2023-01-12 16:34:38','2023-01-09 00:39:39',0.00,0,0,'https://qr.alipay.com/a7x131038txn74wdd7i7z23',1,'黑06jgz',1,'2023-01-09 01:09:37',4,0,'',''),(723,134,2,0,4,4,0,1,'上海讯精创贸易工作室','ylxtbe475687@163.com',NULL,NULL,NULL,'2023-01-12 16:41:12','2023-01-09 00:39:48',0.00,0,0,'https://qr.alipay.com/a7x12428flw6q3v8wenij45',1,'黑06ylx',1,'2023-01-09 01:09:12',4,0,'',''),(724,134,2,3,4,1,0,1,'上海讯精创贸易工作室','czu64725@163.com',NULL,NULL,NULL,'2023-01-12 16:34:38','2023-01-09 00:39:59',0.00,0,0,'https://qr.alipay.com/a7x15718zwl563w6d5vpucc',1,'黑06czu',1,'2023-01-09 01:08:45',4,0,'',''),(725,134,2,3,4,1,0,1,'上海耀新胜贸易工作室','fuyinhouxn116@163.com',NULL,NULL,NULL,'2023-01-12 16:34:38','2023-01-09 00:40:18',0.00,0,0,'https://qr.alipay.com/a7x11750p8h6j04n2ydfc24',1,'黑09fuy',1,'2023-01-09 01:05:19',4,0,'',''),(726,134,2,2,4,2,0,1,'上海耀新胜贸易工作室','kunhv9036@163.com',NULL,NULL,NULL,'2023-01-12 16:34:38','2023-01-09 00:40:26',0.00,0,0,'https://qr.alipay.com/a7x11243tw6l7xvbmjhws3a',1,'黑09kun',1,'2023-01-09 01:07:23',4,0,'',''),(727,134,2,3,4,1,0,1,'上海耀新胜贸易工作室','yuomw7663@163.com',NULL,NULL,NULL,'2023-01-12 16:34:38','2023-01-09 00:40:38',0.00,0,0,'https://qr.alipay.com/a7x18923yfzg5golgonxw50',1,'黑09yuo',1,'2023-01-09 01:06:49',4,0,'',''),(728,134,2,3,4,1,0,1,'上海耀新胜贸易工作室','biants2@163.com',NULL,NULL,NULL,'2023-01-12 16:34:38','2023-01-09 00:40:48',0.00,0,0,'https://qr.alipay.com/a7x15827qofzxj4hslm5055',1,'黑09bia',1,'2023-01-09 01:06:22',4,0,'',''),(729,134,2,3,4,1,0,1,'上海耀新胜贸易工作室','kepuub61@163.com',NULL,NULL,NULL,'2023-01-12 16:34:38','2023-01-09 00:40:56',0.00,0,0,'https://qr.alipay.com/a7x14658ngrktyr6dcl7fd8',1,'黑09kep',1,'2023-01-09 01:06:01',4,0,'',''),(730,134,2,3,4,1,0,1,'上海东智安贸易工作室','nengsunpr8@163.com',NULL,NULL,NULL,'2023-01-12 16:34:38','2023-01-09 00:41:08',0.00,0,0,'https://qr.alipay.com/a7x193990u6sbd4yxby2qff',1,'黑10nen',1,'2023-01-09 01:02:52',4,0,'',''),(731,134,2,2,4,2,0,1,'上海东智安贸易工作室','pianyanbe615@163.com',NULL,NULL,NULL,'2023-01-12 16:34:38','2023-01-09 00:41:18',0.00,0,0,'https://qr.alipay.com/a7x10835qouizqcoptfwlfa',1,'黑10pia',1,'2023-01-09 01:04:44',4,0,'',''),(732,134,2,1,4,3,0,1,'上海东智安贸易工作室','shanzaiayv5@163.com',NULL,NULL,NULL,'2023-01-12 16:34:38','2023-01-09 00:41:27',0.00,0,0,'https://qr.alipay.com/a7x17228xxse5mb6dcsaf76',1,'黑10sha',1,'2023-01-09 01:04:19',4,0,'',''),(733,134,2,0,4,4,0,1,'上海东智安贸易工作室','jiumanghsf83@163.com',NULL,NULL,NULL,'2023-01-12 16:41:12','2023-01-09 00:41:36',0.00,0,0,'https://qr.alipay.com/a7x19127hrelkdkzfngsj49',1,'黑10jiu',1,'2023-01-09 01:03:46',4,1,'',''),(734,134,2,1,4,3,0,1,'上海东智安贸易工作室','miantid84@163.com',NULL,NULL,NULL,'2023-01-12 16:34:38','2023-01-09 00:41:44',0.00,0,0,'https://qr.alipay.com/a7x11646z40aq7hedagdw7b',1,'黑10mia',1,'2023-01-09 01:03:20',4,0,'',''),(735,134,2,3,4,1,0,1,'上海噢创德日用百货商行','pinghlu1@163.com',NULL,NULL,NULL,'2023-01-12 16:34:38','2023-01-09 00:42:01',0.00,0,0,'https://qr.alipay.com/a7x18374cn2bfadwoa0dqaf',1,'黑13pin',1,'2023-01-09 01:00:16',4,0,'',''),(736,134,2,1,4,3,0,1,'上海噢创德日用百货商行','bayongmte8500@163.com',NULL,NULL,NULL,'2023-01-12 16:34:38','2023-01-09 00:42:09',0.00,0,0,'https://qr.alipay.com/a7x16369zubifuxsnelwnf7',1,'黑13bay',1,'2023-01-09 01:02:19',4,0,'',''),(737,134,2,3,4,1,0,1,'上海噢创德日用百货商行','chuiif935@163.com',NULL,NULL,NULL,'2023-01-12 16:34:38','2023-01-09 00:42:19',0.00,0,0,'https://qr.alipay.com/a7x166639715ivyg214gd4f',1,'黑13chu',1,'2023-01-09 01:01:49',4,0,'',''),(738,134,2,3,4,1,0,1,'上海噢创德日用百货商行','liangjf23@163.com',NULL,NULL,NULL,'2023-01-12 16:34:38','2023-01-09 00:42:31',0.00,0,0,'https://qr.alipay.com/a7x183848vc5kjppdtlj9f3',1,'黑13lia',1,'2023-01-09 01:01:15',4,0,'',''),(739,134,2,0,0,0,0,1,'上海噢创德日用百货商行','longaf53901@163.com',NULL,NULL,NULL,'2023-01-12 16:41:12','2023-01-09 00:42:39',0.00,0,0,'https://qr.alipay.com/a7x17838sp3whljbgzncybf',1,'黑13lon 限制14天11日',1,'2023-01-11 22:53:17',4,1,'',''),(740,134,2,3,4,1,0,1,'上海耀欧茂日用百货商行','bohaoapz4@163.com',NULL,NULL,NULL,'2023-01-12 16:34:38','2023-01-09 00:42:52',0.00,0,0,'https://qr.alipay.com/a7x136396pmc2ho3ohajdcf',1,'黑14boh',1,'2023-01-09 00:57:18',4,0,'',''),(741,134,2,2,4,2,0,1,'上海耀欧茂日用百货商行','huidinghbf55@163.com',NULL,NULL,NULL,'2023-01-12 16:34:38','2023-01-09 00:43:00',0.00,0,0,'https://qr.alipay.com/a7x18399cxba9dcs6k2mub9',1,'黑14hui',1,'2023-01-09 00:59:34',4,0,'',''),(742,134,2,2,4,2,0,1,'上海耀欧茂日用百货商行','tusekw5@163.com',NULL,NULL,NULL,'2023-01-12 16:34:38','2023-01-09 00:43:09',0.00,0,0,'https://qr.alipay.com/a7x12107nkhpjtvfvuzex41',1,'黑14tus',1,'2023-01-09 00:59:06',4,0,'',''),(743,134,2,4,4,3,0,1,'上海耀欧茂日用百货商行','zhuangic97@163.com',NULL,NULL,NULL,'2023-01-11 17:41:58','2023-01-09 00:43:17',0.00,0,0,'https://qr.alipay.com/a7x15313a1wjdoregs02e5a',1,'黑14zhu  限制收款\n',1,'2023-01-11 17:49:58',4,1,'',''),(744,134,2,2,4,2,0,1,'上海耀欧茂日用百货商行','caisatim8@163.com',NULL,NULL,NULL,'2023-01-12 16:34:38','2023-01-09 00:43:26',0.00,0,0,'https://qr.alipay.com/a7x10617qrafanbnrsa5pa7',1,'黑14cai',1,'2023-01-09 00:58:01',4,0,'',''),(745,134,2,2,4,2,0,1,'上海润恒双贸易服务商店','shouteluos944@163.com',NULL,NULL,NULL,'2023-01-12 16:34:38','2023-01-09 00:43:40',0.00,0,0,'https://qr.alipay.com/a7x17756cqkcjnqeynowi0a',1,'黑15sho',1,'2023-01-09 00:54:22',4,0,'',''),(746,134,2,2,4,2,0,1,'上海润恒双贸易服务商店','zongwmn18184@163.com',NULL,NULL,NULL,'2023-01-12 16:34:38','2023-01-09 00:43:50',0.00,0,0,'https://qr.alipay.com/a7x16671timvmuehftvya82 ',1,'黑15zon',1,'2023-01-09 00:54:55',4,0,'',''),(747,134,2,3,4,1,0,1,'上海润恒双贸易服务商店','rangxul79681@163.com',NULL,NULL,NULL,'2023-01-12 16:34:38','2023-01-09 00:43:59',0.00,0,0,'https://qr.alipay.com/a7x18807qe5xczixowum483',1,'黑15ran',1,'2023-01-09 00:55:32',4,0,'',''),(748,134,2,2,4,2,0,1,'上海润恒双贸易服务商店','tezennas285@163.com',NULL,NULL,NULL,'2023-01-12 16:34:38','2023-01-09 00:44:06',0.00,0,0,'https://qr.alipay.com/a7x13133jo0d6pu1ekc6ka9',1,'黑15tez',1,'2023-01-09 00:56:06',4,0,'',''),(749,134,2,0,4,4,0,1,'上海润恒双贸易服务商店','yaoqit40168@163.com',NULL,NULL,NULL,'2023-01-12 16:41:12','2023-01-09 00:44:15',0.00,0,0,'https://qr.alipay.com/a7x119090tmwwumd3wh2kb4',1,'黑15yao',1,'2023-01-09 02:29:47',4,0,'',''),(750,131,2,7,7,0,0,1,'长沙市微旻日用百货门市部','toukjc418@163.com',NULL,NULL,NULL,'2023-01-12 15:56:48','2023-01-09 14:19:39',0.00,0,0,'https://qr.alipay.com/a7x12986ztyihwxotg6av2c',1,'008tou限制（1月17号解除）',1,'2023-01-12 16:04:44',4,1,'',''),(751,131,2,9,10,1,NULL,1,'长沙市微旻日用百货门市部','zunwangyam9667@163.com',NULL,NULL,NULL,'2023-01-12 16:34:38','2023-01-09 14:24:42',0.00,0,0,'https://qr.alipay.com/a7x15138nngddtvles09z12',1,'008zun',1,'2023-01-09 14:32:42',4,0,NULL,NULL),(752,131,2,9,10,1,NULL,1,'长沙市微旻日用百货门市部','bozichuanbq8@163.com',NULL,NULL,NULL,'2023-01-12 16:34:38','2023-01-09 14:26:15',0.00,0,0,'https://qr.alipay.com/a7x16953exkbvrwsuisqf2e',1,'008bozi',1,'2023-01-09 14:34:15',4,0,NULL,NULL),(753,131,2,9,10,1,NULL,1,'长沙市微旻日用百货门市部','canmiansuam80@163.com',NULL,NULL,NULL,'2023-01-12 16:34:38','2023-01-09 14:28:00',0.00,0,0,'https://qr.alipay.com/a7x17984rayioasnye3at80',1,'008can',1,'2023-01-09 14:36:00',4,0,NULL,NULL),(754,131,1,9,10,1,NULL,1,'长沙市微旻日用百货门市部','mangtipd4@163.com',NULL,NULL,NULL,'2023-01-12 16:19:16','2023-01-09 14:29:11',0.00,0,0,'https://qr.alipay.com/a7x18498a2vr0wmqklscx90',1,'008man',1,'2023-01-09 14:37:11',4,1,NULL,NULL),(755,131,1,9,10,1,NULL,1,'长沙市巩赶百货经营部','lingbingpg25613@163.com',NULL,NULL,NULL,'2023-01-12 16:19:30','2023-01-09 15:26:22',0.00,0,0,'https://qr.alipay.com/a7x17857dvlkazbynuu8iee',1,'018lin',1,'2023-01-09 15:34:22',4,1,NULL,NULL),(756,131,1,9,10,1,NULL,1,'长沙市巩赶百货经营部','jigaidui117730345@163.com',NULL,NULL,NULL,'2023-01-12 16:20:13','2023-01-09 15:27:41',0.00,0,0,'https://qr.alipay.com/a7x14499wzhpbos6slym800',1,'018jig',1,'2023-01-09 15:35:41',4,1,NULL,NULL),(757,131,2,9,10,1,NULL,1,'长沙市巩赶百货经营部','fangoulun09968339@163.com',NULL,NULL,NULL,'2023-01-12 16:34:38','2023-01-09 15:29:04',0.00,0,0,'https://qr.alipay.com/a7x19698hi3w5nm35lznced',1,'018fan',1,'2023-01-09 15:37:04',4,0,NULL,NULL),(758,131,2,9,10,1,NULL,1,'长沙市巩赶百货经营部','guanyan4816170652@163.com',NULL,NULL,NULL,'2023-01-12 16:34:38','2023-01-09 15:30:19',0.00,0,0,'https://qr.alipay.com/a7x10680emciqjckmsao007',1,'018gua',1,'2023-01-09 15:38:19',4,0,NULL,NULL),(759,131,2,9,9,0,0,1,'长沙市巩赶百货经营部','xingzhishan238206@163.com',NULL,NULL,NULL,'2023-01-11 16:29:54','2023-01-09 15:31:34',0.00,0,0,'https://qr.alipay.com/a7x15281pgp83k7wwgqdp4c',1,'018xin（限制收款）',1,'2023-01-10 19:01:27',4,1,'',''),(760,131,1,9,10,1,NULL,1,'上海礼岚午商贸有限公司','shenmeizhi0223771@163.com',NULL,NULL,NULL,'2023-01-12 16:24:04','2023-01-09 15:34:56',0.00,0,0,'https://qr.alipay.com/a7x18276deqdmzwkjdjyy33',1,'019she',1,'2023-01-09 15:42:56',4,1,NULL,NULL),(761,131,1,9,10,1,NULL,1,'上海礼岚午商贸有限公司','liufeiya139116093@163.com',NULL,NULL,NULL,'2023-01-12 16:27:31','2023-01-09 15:36:30',0.00,0,0,'https://qr.alipay.com/a7x13898tgwpy3qvnmdlz4c',1,'019liu',1,'2023-01-09 15:44:30',4,1,NULL,NULL),(762,131,1,9,10,1,NULL,1,'上海礼岚午商贸有限公司','jiangchuo10992559@163.com',NULL,NULL,NULL,'2023-01-12 16:28:20','2023-01-09 15:37:58',0.00,0,0,'https://qr.alipay.com/a7x10413urofn2ethn1pi07',1,'019jia',1,'2023-01-09 15:45:58',4,1,NULL,NULL),(763,131,2,9,10,1,NULL,1,'上海礼岚午商贸有限公司','jiazhunhe14053846@163.com',NULL,NULL,NULL,'2023-01-12 16:34:38','2023-01-09 15:42:04',0.00,0,0,'https://qr.alipay.com/a7x14523mjbehzo8lczanc9',1,'019jia',1,'2023-01-09 15:50:04',4,0,NULL,NULL),(764,131,2,9,10,1,NULL,1,'上海礼岚午商贸有限公司','pengzhuoju5838529@163.com',NULL,NULL,NULL,'2023-01-12 16:34:38','2023-01-09 15:43:27',0.00,0,0,'https://qr.alipay.com/a7x15485veh1eguvb9mfbdf',1,'019pen',1,'2023-01-09 15:51:27',4,0,NULL,NULL),(765,131,2,10,10,0,NULL,1,'上海无黎商贸有限公司','yumeize0192170366@163.com',NULL,NULL,NULL,'2023-01-12 16:06:02','2023-01-09 15:45:01',0.00,0,0,'https://qr.alipay.com/a7x16771btr4987oqqrfa7e',1,'020yum',1,'2023-01-09 15:53:01',4,1,NULL,NULL),(766,131,1,9,10,1,NULL,1,'020she','shenjiaomeng12168@163.com',NULL,NULL,NULL,'2023-01-12 16:34:38','2023-01-09 15:46:16',0.00,0,0,' https://qr.alipay.com/a7x18549sbzarrurde4qc67',1,'020she',1,'2023-01-09 15:54:16',4,1,NULL,NULL),(767,131,1,8,10,2,NULL,1,'上海无黎商贸有限公司','pangxianlie663547@163.com',NULL,NULL,NULL,'2023-01-13 16:17:07','2023-01-09 15:48:04',0.00,0,0,' https://qr.alipay.com/a7x10703pxi9qjnmphhka39',1,'020pan',1,'2023-01-09 15:56:04',4,1,NULL,NULL),(768,131,2,9,10,1,NULL,1,'上海无黎商贸有限公司','duanjingza9864669@163.com',NULL,NULL,NULL,'2023-01-12 16:34:38','2023-01-09 15:49:16',0.00,0,0,'https://qr.alipay.com/a7x18030t1p8q3ovlcayk5a',1,'020dua',1,'2023-01-09 15:57:16',4,0,NULL,NULL),(769,131,2,9,10,1,NULL,1,'上海无黎商贸有限公司','muzaishan64898479@163.com',NULL,NULL,NULL,'2023-01-12 16:34:38','2023-01-09 15:50:20',0.00,0,0,'https://qr.alipay.com/a7x16404jh5ml4fot1pwo35',1,'020muz',1,'2023-01-09 15:58:20',4,0,NULL,NULL),(770,134,2,1,3,2,NULL,1,'上海东旺达日用百货商行','sangv72516@163.com',NULL,NULL,NULL,'2023-01-12 16:34:38','2023-01-10 14:42:45',0.00,0,0,'https://qr.alipay.com/a7x17067b63dwipuozrit89',1,'黑07san',1,'2023-01-10 14:50:45',4,0,NULL,NULL),(771,134,2,0,3,3,NULL,1,'上海东旺达日用百货商行','tuchucheng35@163.com',NULL,NULL,NULL,'2023-01-12 16:41:12','2023-01-10 14:43:57',0.00,0,0,'https://qr.alipay.com/a7x197794dpanbs7zuie1c7',1,'黑07tuc',1,'2023-01-10 14:51:57',4,0,NULL,NULL),(772,134,2,1,3,2,NULL,1,'上海东旺达日用百货商行','zhongodr4@163.com',NULL,NULL,NULL,'2023-01-12 16:34:38','2023-01-10 14:45:07',0.00,0,0,'https://qr.alipay.com/a7x12632qqqpynsca1qff8e',1,'黑07zho',1,'2023-01-10 14:53:07',4,0,NULL,NULL),(773,134,2,2,3,1,NULL,1,'上海东旺达日用百货商行','chidiaokmc183@163.com',NULL,NULL,NULL,'2023-01-12 16:34:38','2023-01-10 14:46:08',0.00,0,0,'https://qr.alipay.com/a7x13341hm5m0zwxyoe3n53',1,'黑07chi',1,'2023-01-10 14:54:08',4,0,NULL,NULL),(774,134,2,2,3,1,NULL,1,'上海东旺达日用百货商行','nengjct4@163.com',NULL,NULL,NULL,'2023-01-12 16:34:38','2023-01-10 14:47:30',0.00,0,0,'https://qr.alipay.com/a7x133626wkbdpsfwnbgx91',1,'黑07nen',1,'2023-01-10 14:55:30',4,0,NULL,NULL),(775,134,2,1,3,2,NULL,1,'上海百泰聚日用百货商行','heyuanirp5623@163.com',NULL,NULL,NULL,'2023-01-12 16:34:38','2023-01-10 14:48:45',0.00,0,0,'https://qr.alipay.com/a7x19006haxqup9fxyqu02a',1,'黑08hey',1,'2023-01-10 14:56:45',4,0,NULL,NULL),(776,134,2,0,3,3,NULL,1,'上海百泰聚日用百货商行','liwenh55510@163.com',NULL,NULL,NULL,'2023-01-12 16:41:12','2023-01-10 14:49:49',0.00,0,0,'https://qr.alipay.com/a7x14944nsncxwnqqjma806',1,'黑08liw',1,'2023-01-10 14:57:49',4,1,NULL,NULL),(777,134,2,2,3,1,NULL,1,'上海百泰聚日用百货商行','miaorc23@163.com',NULL,NULL,NULL,'2023-01-12 16:34:38','2023-01-10 14:50:49',0.00,0,0,'https://qr.alipay.com/a7x13335xbsailu8ttwks04',1,'黑08mia',1,'2023-01-10 14:58:49',4,0,NULL,NULL),(778,134,2,0,3,3,NULL,1,'上海百泰聚日用百货商行','suiguangt0736@163.com',NULL,NULL,NULL,'2023-01-12 16:41:12','2023-01-10 14:51:51',0.00,0,0,'https://qr.alipay.com/a7x19821tniahvkrnkgf3ce',1,'黑08sui',1,'2023-01-10 14:59:51',4,0,NULL,NULL),(779,134,2,2,3,1,NULL,1,'上海百泰聚日用百货商行','judanafb1@163.com',NULL,NULL,NULL,'2023-01-12 16:34:38','2023-01-10 14:52:54',0.00,0,0,'https://qr.alipay.com/a7x15804rqefbw6i7s57l9e',1,'黑08jud',1,'2023-01-10 15:00:54',4,0,NULL,NULL),(780,134,2,0,3,3,0,1,'上海泰世辉贸易服务商店','gaijinbt02932@163.com',NULL,NULL,NULL,'2023-01-12 16:41:12','2023-01-10 14:54:23',0.00,0,0,'https://qr.alipay.com/a7x11329aju8ziezsoezfe4',1,'黑11gai',1,'2023-01-10 15:04:27',4,0,'',''),(781,134,2,2,3,1,NULL,1,'上海泰世辉贸易服务商店','minhunshk2@163.com',NULL,NULL,NULL,'2023-01-12 16:34:38','2023-01-10 14:55:51',0.00,0,0,'https://qr.alipay.com/a7x18582slry5fnhzbmv6a7',1,'黑11min',1,'2023-01-10 15:03:51',4,0,NULL,NULL),(782,134,2,0,3,3,NULL,1,'上海泰世辉贸易服务商店','qiaoyaypx4141@163.com',NULL,NULL,NULL,'2023-01-12 16:41:12','2023-01-10 14:57:22',0.00,0,0,'https://qr.alipay.com/a7x16875olcijqmouz8xh1c',1,'黑11qia',1,'2023-01-10 15:05:22',4,0,NULL,NULL),(783,134,2,2,3,1,NULL,1,'上海泰世辉贸易服务商店','kaicuoo7519@163.com',NULL,NULL,NULL,'2023-01-12 16:34:38','2023-01-10 14:58:26',0.00,0,0,'https://qr.alipay.com/a7x176843mzvxvr8hyiba1d',1,'黑11kai',1,'2023-01-10 15:06:26',4,0,NULL,NULL),(784,134,2,2,3,1,NULL,1,'上海泰世辉贸易服务商店','kusuities30@163.com',NULL,NULL,NULL,'2023-01-12 16:34:38','2023-01-10 14:59:19',0.00,0,0,'https://qr.alipay.com/a7x15110q677yrhusvs6u57',1,'黑11kus',1,'2023-01-10 15:07:19',4,0,NULL,NULL),(785,134,2,0,3,3,NULL,1,'上海福开聚日用百货商行','shuangpc54168@163.com',NULL,NULL,NULL,'2023-01-12 16:41:12','2023-01-10 15:00:43',0.00,0,0,'https://qr.alipay.com/a7x13958yxhswd9299eerfb',1,'黑12shu',1,'2023-01-10 15:08:43',4,0,NULL,NULL),(786,134,2,1,3,2,NULL,1,'上海福开聚日用百货商行','zhongzhuiky4@163.com',NULL,NULL,NULL,'2023-01-12 16:34:38','2023-01-10 15:01:37',0.00,0,0,'https://qr.alipay.com/a7x17050bpx6hnvzx3thy92',1,'黑12zho',1,'2023-01-10 15:09:37',4,0,NULL,NULL),(787,134,2,2,2,0,0,1,'上海福开聚日用百货商行','dinghunsx5184@163.com',NULL,NULL,NULL,'2023-01-12 16:34:38','2023-01-10 15:02:25',0.00,0,0,'https://qr.alipay.com/a7x18859njfsxc4qcp1zr0b',1,'黑12din  ',0,'2023-01-11 14:11:39',4,0,'',''),(788,134,2,2,3,1,0,1,'上海福开聚日用百货商行','peigwm499@163.com',NULL,NULL,NULL,'2023-01-12 16:34:38','2023-01-10 15:03:17',0.00,0,0,'https://qr.alipay.com/a7x14395vvpdrodskkhrz78',1,'黑12pei',1,'2023-01-10 15:12:19',4,0,'',''),(789,134,2,1,2,1,0,1,'上海福开聚日用百货商行','qiaheizio947@163.com',NULL,NULL,NULL,'2023-01-12 16:34:38','2023-01-10 15:04:12',0.00,0,0,'https://qr.alipay.com/a7x16728ybsjnfkyjd9uv8a',1,'黑12qia',1,'2023-01-11 14:13:40',4,0,'',''),(790,134,2,1,1,0,0,1,'合肥扬梅子商贸有限公司','tengw5727@163.com',NULL,NULL,NULL,'2023-01-12 16:34:38','2023-01-10 15:06:53',0.00,0,0,'https://qr.alipay.com/120184871luvww8nnggal06',1,'和21ten',0,'2023-01-11 15:35:36',4,0,'',''),(791,134,2,0,0,0,0,1,'合肥扬梅子商贸有限公司','xiupqo226566@163.com',NULL,NULL,NULL,'2023-01-12 16:41:12','2023-01-10 15:07:52',0.00,0,0,'https://qr.alipay.com/12014676hrdbhk5ckdva144',1,'和21xiu',1,'2023-01-11 15:35:30',4,1,'',''),(792,134,2,0,0,0,0,1,'合肥扬梅子商贸有限公司','mpdiao9925@163.com',NULL,NULL,NULL,'2023-01-12 16:41:12','2023-01-10 15:08:58',0.00,0,0,'https://qr.alipay.com/120164351j1x6x0pqfulk70',1,'和21mpd',1,'2023-01-11 15:35:27',4,1,'',''),(793,134,2,2,2,0,0,1,'合肥扬梅子商贸有限公司','ougwtuan94@163.com',NULL,NULL,NULL,'2023-01-12 16:34:38','2023-01-10 15:09:55',0.00,0,0,'https://qr.alipay.com/12018465ir0fjxmzvanrdbe',1,'和21oug',0,'2023-01-11 15:35:21',4,0,'',''),(794,134,2,2,2,0,0,1,'合肥扬梅子商贸有限公司','vzhe5325@163.com',NULL,NULL,NULL,'2023-01-12 16:34:38','2023-01-10 15:10:59',0.00,0,0,'https://qr.alipay.com/120168456exbixvpun8jsa4',1,'和21vzh',0,'2023-01-11 15:35:16',4,0,'',''),(795,134,2,1,1,0,0,1,'合肥迪郭商贸有限公司','zopu789416@163.com',NULL,NULL,NULL,'2023-01-12 16:34:38','2023-01-10 15:12:39',0.00,0,0,'https://qr.alipay.com/12013223q8v33277zy1of05',1,'和22zop',0,'2023-01-11 15:35:12',4,0,'',''),(796,134,2,0,0,0,0,1,'合肥迪郭商贸有限公司','cgsheng351157@163.com',NULL,NULL,NULL,'2023-01-12 16:41:12','2023-01-10 15:13:40',0.00,0,0,'https://qr.alipay.com/120191815k4377cd3eqs015',1,'和22cgs',1,'2023-01-11 15:35:08',4,1,'',''),(797,134,2,2,2,0,0,1,'合肥迪郭商贸有限公司','gzlang67@163.com',NULL,NULL,NULL,'2023-01-12 16:34:38','2023-01-10 15:14:42',0.00,0,0,'https://qr.alipay.com/12018993pusdxbf3epnke28',1,'和22gzl',0,'2023-01-11 15:35:03',4,0,'',''),(798,134,2,0,0,0,0,1,'合肥迪郭商贸有限公司','ypvwjwp882533@163.com',NULL,NULL,NULL,'2023-01-12 16:41:12','2023-01-10 15:15:43',0.00,0,0,'https://qr.alipay.com/12017910rjb6hf3tnupu5d8',1,'和22ypv',1,'2023-01-11 15:34:59',4,1,'',''),(799,134,2,2,2,0,0,1,'合肥迪郭商贸有限公司','diaor425@163.com',NULL,NULL,NULL,'2023-01-12 16:34:38','2023-01-10 15:16:40',0.00,0,0,'https://qr.alipay.com/12012208q3celgopxfrgy0e',1,'和22dia',0,'2023-01-11 15:34:54',4,0,'',''),(800,134,2,1,1,0,0,1,'合肥电娥商贸有限公司','cangzenffz45@163.com',NULL,NULL,NULL,'2023-01-12 16:34:38','2023-01-10 15:17:46',0.00,0,0,'https://qr.alipay.com/12014505xmqxpwukuce1o4e',1,'和23can',0,'2023-01-11 15:34:50',4,0,'',''),(801,134,2,1,1,0,0,1,'合肥电娥商贸有限公司','diaofwe309@163.com',NULL,NULL,NULL,'2023-01-12 16:34:38','2023-01-10 15:19:13',0.00,0,0,'https://qr.alipay.com/12012468evzay7vofy8mced',1,'和23dia',0,'2023-01-11 15:34:46',4,0,'',''),(802,134,2,2,2,0,0,1,'合肥电娥商贸有限公司','miaog569@163.com',NULL,NULL,NULL,'2023-01-12 16:34:38','2023-01-10 15:20:05',0.00,0,0,'https://qr.alipay.com/12019038lsxjbeik4td6u7f',1,'和23mia',0,'2023-01-11 15:34:42',4,0,'',''),(803,134,2,1,1,0,0,1,'合肥电娥商贸有限公司','shangko037@163.com',NULL,NULL,NULL,'2023-01-12 16:34:38','2023-01-10 15:20:59',0.00,0,0,'https://qr.alipay.com/12014402cx33rg5yl3mw452',1,'和23sha',0,'2023-01-11 15:34:37',4,0,'',''),(804,134,3,1,1,0,0,1,'合肥电娥商贸有限公司','yatabei867235@163.com',NULL,NULL,NULL,'2023-01-12 17:15:26','2023-01-10 15:21:54',0.00,0,0,'https://qr.alipay.com/12010684txdertfk3k1u74d',1,'和23yat',-1,'2023-01-11 15:33:44',4,-1,'',''),(806,134,3,2,3,0,NULL,1,'002刘永祯','16525656314',NULL,NULL,NULL,'2023-01-11 18:06:17','2023-01-10 15:59:21',0.00,0,0,'https://qr.alipay.com/1201088136qm9q8achgne04',1,'002',1,'2023-01-10 16:07:21',4,1,NULL,NULL),(808,134,3,2,3,0,NULL,1,'004刘云斗','16583433320',NULL,NULL,NULL,'2023-01-11 18:06:17','2023-01-10 16:00:47',0.00,0,0,'https://qr.alipay.com/120106105kiublj8uxq1ke4',1,'004',1,'2023-01-10 16:08:47',4,1,NULL,NULL),(809,134,3,2,3,0,NULL,1,'005王治宇','16525656284',NULL,NULL,NULL,'2023-01-11 18:06:17','2023-01-10 16:01:23',0.00,0,0,'https://qr.alipay.com/12015423vuefw0o9ml2ss1d',1,'005',1,'2023-01-10 16:09:23',4,1,NULL,NULL),(810,134,3,2,3,0,NULL,1,'006王治宇','16525656294',NULL,NULL,NULL,'2023-01-11 18:06:17','2023-01-10 16:01:53',0.00,0,0,'https://qr.alipay.com/12011725r3dfijqz6swgk98',1,'006',1,'2023-01-10 16:09:53',4,1,NULL,NULL),(814,134,3,2,3,0,NULL,1,'010孟卓','16525656324',NULL,NULL,NULL,'2023-01-11 18:06:17','2023-01-10 16:04:15',0.00,0,0,'https://qr.alipay.com/12018667ds3jw5g3fu5jh80',1,'010',1,'2023-01-10 16:12:15',4,1,NULL,NULL),(818,134,3,2,3,0,NULL,1,'014于洋成','16525656354',NULL,NULL,NULL,'2023-01-11 18:06:17','2023-01-10 16:06:44',0.00,0,0,'https://qr.alipay.com/12018596kv5ylqltgwvei25',1,'014',1,'2023-01-10 16:14:44',4,1,NULL,NULL),(819,134,3,2,3,0,NULL,1,'015宋艳欣','16583433736',NULL,NULL,NULL,'2023-01-11 18:06:17','2023-01-10 16:07:10',0.00,0,0,'https://qr.alipay.com/12011440vepxnmhtaf8vya1',1,'015',1,'2023-01-10 16:15:10',4,1,NULL,NULL),(825,134,3,2,3,0,NULL,1,'021孙书寒','16525869428',NULL,NULL,NULL,'2023-01-11 18:06:17','2023-01-10 16:10:33',0.00,0,0,'https://qr.alipay.com/12019061z1uuaiip0rb3kc4',1,'021',1,'2023-01-10 16:18:33',4,1,NULL,NULL),(826,134,3,2,3,0,NULL,1,'022孙书寒','16525869433',NULL,NULL,NULL,'2023-01-11 18:06:17','2023-01-10 16:11:04',0.00,0,0,'https://qr.alipay.com/12012631depyq2iluxjfcd8',1,'022',1,'2023-01-10 16:19:04',4,1,NULL,NULL),(827,134,3,2,3,0,NULL,1,'023薛宇','16525868438',NULL,NULL,NULL,'2023-01-11 18:06:17','2023-01-10 16:11:37',0.00,0,0,'https://qr.alipay.com/12010481y8s9ngmwpbyexeb',1,'023',1,'2023-01-10 16:19:37',4,1,NULL,NULL),(830,134,3,2,3,0,NULL,1,'026宋艳翡','16525867411',NULL,NULL,NULL,'2023-01-11 18:06:17','2023-01-10 16:13:44',0.00,0,0,'https://qr.alipay.com/12015310otz0f5sayi6cja4',1,'026',1,'2023-01-10 16:21:44',4,1,NULL,NULL),(831,134,3,2,3,0,NULL,1,'027水宏亮','16525865934',NULL,NULL,NULL,'2023-01-11 18:06:17','2023-01-10 16:14:14',0.00,0,0,'https://qr.alipay.com/120131579ydf9waodeiau18',1,'027',1,'2023-01-10 16:22:13',4,1,NULL,NULL),(832,134,3,2,3,0,NULL,1,'028水宏亮','16525865448',NULL,NULL,NULL,'2023-01-11 18:06:17','2023-01-10 16:14:42',0.00,0,0,'https://qr.alipay.com/12014101jxcpg82srbkc2ed',1,'028',1,'2023-01-10 16:22:42',4,1,NULL,NULL),(833,134,3,2,3,0,NULL,1,'029温瑶','16583433273',NULL,NULL,NULL,'2023-01-11 18:06:17','2023-01-10 16:15:06',0.00,0,0,'https://qr.alipay.com/120188969xev5ratsbz63e5',1,'029',1,'2023-01-10 16:23:06',4,1,NULL,NULL),(834,134,3,3,3,0,NULL,1,'030温瑶','16583433274',NULL,NULL,NULL,'2023-01-11 18:06:17','2023-01-10 16:15:35',0.00,0,0,'https://qr.alipay.com/12012628xaz56aeqw26tvd5',1,'030',1,'2023-01-10 16:23:35',4,1,NULL,NULL),(835,134,3,3,3,0,NULL,1,'031黄丹','16583433312',NULL,NULL,NULL,'2023-01-11 18:06:17','2023-01-10 16:16:03',0.00,0,0,'https://qr.alipay.com/12017808nkjjk8yrbqcyea7',1,'031',1,'2023-01-10 16:24:03',4,1,NULL,NULL),(836,134,3,3,3,0,NULL,1,'032闫豪','16583433324',NULL,NULL,NULL,'2023-01-11 18:06:17','2023-01-10 16:16:29',0.00,0,0,'https://qr.alipay.com/12010338d2rfqovajdzgc6a',1,'032',1,'2023-01-10 16:24:29',4,1,NULL,NULL),(837,134,3,3,3,0,NULL,1,'033马阳春','16583433262',NULL,NULL,NULL,'2023-01-11 18:06:17','2023-01-10 16:16:53',0.00,0,0,'https://qr.alipay.com/12012637ax3lkgyrtaohxcb',1,'033',1,'2023-01-10 16:24:53',4,1,NULL,NULL),(838,134,3,3,3,0,NULL,1,'034焦兵兵','16583433276',NULL,NULL,NULL,'2023-01-11 18:06:17','2023-01-10 16:17:20',0.00,0,0,'https://qr.alipay.com/12014394qag5cfghcqsfj8b',1,'034',1,'2023-01-10 16:25:20',4,1,NULL,NULL),(839,134,3,3,3,0,NULL,1,'035荣智慧','16506919986',NULL,NULL,NULL,'2023-01-11 18:06:17','2023-01-10 16:17:48',0.00,0,0,'https://qr.alipay.com/12017263gkpxzy8dta9um7e',1,'035',1,'2023-01-10 16:25:48',4,1,NULL,NULL),(840,134,3,3,3,0,NULL,1,'036荣智慧','16506919985',NULL,NULL,NULL,'2023-01-11 18:06:17','2023-01-10 16:18:15',0.00,0,0,'https://qr.alipay.com/12016383suloowlghtpj305',1,'036',1,'2023-01-10 16:26:15',4,1,NULL,NULL),(841,134,3,3,3,0,NULL,1,'037靳春雨','16506919907',NULL,NULL,NULL,'2023-01-11 18:06:17','2023-01-10 16:18:41',0.00,0,0,'https://qr.alipay.com/12017870so6veaojsxhqib8',1,'037',1,'2023-01-10 16:26:41',4,1,NULL,NULL),(842,134,3,3,3,0,NULL,1,'038靳春雨','16525869148',NULL,NULL,NULL,'2023-01-11 18:06:17','2023-01-10 16:19:12',0.00,0,0,'https://qr.alipay.com/12018364gkqwj7pbyccmq5b',1,'038',1,'2023-01-10 16:27:12',4,1,NULL,NULL),(843,134,3,3,3,0,NULL,1,'039王中秋','16583433647',NULL,NULL,NULL,'2023-01-11 18:06:17','2023-01-10 16:19:37',0.00,0,0,'https://qr.alipay.com/12019626dylp02fdiw2dae6',1,'039',1,'2023-01-10 16:27:37',4,1,NULL,NULL),(844,134,3,3,3,0,NULL,1,'040王中秋','16583433646',NULL,NULL,NULL,'2023-01-11 18:06:17','2023-01-10 16:20:03',0.00,0,0,'https://qr.alipay.com/1201852641ihprymuxhin66',1,'040',1,'2023-01-10 16:28:03',4,1,NULL,NULL),(845,134,3,3,3,0,NULL,1,'041杨贺','16583433280',NULL,NULL,NULL,'2023-01-11 18:06:17','2023-01-10 16:20:30',0.00,0,0,'https://qr.alipay.com/12019400cgahktnvp67ly5f',1,'041',1,'2023-01-10 16:28:30',4,1,NULL,NULL),(846,134,3,3,3,0,NULL,1,'042杨贺','16583433279',NULL,NULL,NULL,'2023-01-11 18:06:17','2023-01-10 16:20:58',0.00,0,0,'https://qr.alipay.com/12019052ksaydzq5wmsgjb8',1,'042',1,'2023-01-10 16:28:58',4,1,NULL,NULL),(847,134,3,3,3,0,NULL,1,'043谷孝龙','16583433292',NULL,NULL,NULL,'2023-01-11 18:06:17','2023-01-10 16:21:40',0.00,0,0,'https://qr.alipay.com/12011073vszv2potidqdld0',1,'043',1,'2023-01-10 16:29:40',4,1,NULL,NULL),(848,134,3,3,3,0,NULL,1,'044谷孝龙','16583433293',NULL,NULL,NULL,'2023-01-11 18:06:17','2023-01-10 16:22:08',0.00,0,0,'https://qr.alipay.com/120185099vh7f1wrj3fmkb8',1,'044',1,'2023-01-10 16:30:08',4,1,NULL,NULL),(849,134,3,3,3,0,0,1,'045司盛鑫','16506919978',NULL,NULL,NULL,'2023-01-11 18:06:17','2023-01-10 16:22:34',0.00,0,0,'https://qr.alipay.com/12012340mhgytuvztzpk2d2',1,'045',1,'2023-01-10 16:31:12',4,1,'',''),(850,134,3,3,3,0,NULL,1,'046司盛鑫','16506919910',NULL,NULL,NULL,'2023-01-11 18:06:17','2023-01-10 16:23:05',0.00,0,0,'https://qr.alipay.com/12016189zvaxrgvnzqnpp58',1,'046',1,'2023-01-10 16:31:05',4,1,NULL,NULL),(851,134,3,3,3,0,NULL,1,'047李雪莹','16506919984',NULL,NULL,NULL,'2023-01-11 18:06:17','2023-01-10 16:23:42',0.00,0,0,'https://qr.alipay.com/12012766iceo16jhs1puz7e',1,'047',1,'2023-01-10 16:31:42',4,1,NULL,NULL),(852,134,3,2,3,0,NULL,1,'048李雪莹','16506919983',NULL,NULL,NULL,'2023-01-11 18:06:17','2023-01-10 16:24:07',0.00,0,0,'https://qr.alipay.com/120194125wcbob0yee5xo16',1,'048',1,'2023-01-10 16:32:07',4,1,NULL,NULL),(855,131,2,10,10,0,0,1,'上海协黎武商贸有限公司','pujiao04743@163.com',NULL,NULL,NULL,'2023-01-12 14:53:47','2023-01-11 00:31:58',0.00,0,0,'https://qr.alipay.com/12018176s4zsxxhvdkmxkc4',1,'003puj限制收款（1月26解除）',1,'2023-01-12 15:01:44',4,1,'',''),(856,131,2,9,9,0,0,1,'上海协黎武商贸有限公司','xigu4042863@163.com',NULL,NULL,NULL,'2023-01-12 16:33:40','2023-01-11 00:33:50',0.00,0,0,'https://qr.alipay.com/12017983pyaynt1twgr7n03',1,'003xig限制收款',1,'2023-01-12 15:12:23',4,1,'',''),(857,131,2,9,10,1,NULL,1,'上海协黎武商贸有限公司','mingdu43495@163.com',NULL,NULL,NULL,'2023-01-12 16:34:38','2023-01-11 00:35:15',0.00,0,0,'https://qr.alipay.com/12019272uv9ck7xoz6nha9d',1,'003min',1,'2023-01-11 00:43:15',4,0,NULL,NULL),(858,131,1,10,10,0,NULL,1,'上海协黎武商贸有限公司','huiyong2128@163.com',NULL,NULL,NULL,'2023-01-13 16:53:15','2023-01-11 00:36:45',0.00,0,0,'https://qr.alipay.com/12011695peuhfe4v19con22',1,'003hui',1,'2023-01-11 00:44:45',4,1,NULL,NULL),(859,143,2,3,3,0,NULL,1,'001刘永祯','16525656304',NULL,NULL,NULL,'2023-01-11 17:49:44','2023-01-11 12:14:53',0.00,0,0,'https://qr.alipay.com/1hr18141w9g2mexnwflaa58',1,'001刘永祯',1,'2023-01-11 12:22:53',4,1,NULL,NULL),(860,143,2,3,3,0,NULL,1,'002刘永祯','16525656314',NULL,NULL,NULL,'2023-01-11 17:49:44','2023-01-11 12:15:26',0.00,0,0,'https://qr.alipay.com/1hr14111ozvtac4fqfrsc5f',1,'002刘永祯',1,'2023-01-11 12:23:26',4,1,NULL,NULL),(861,143,2,3,3,0,NULL,1,'003刘云斗','16583433316',NULL,NULL,NULL,'2023-01-11 17:49:44','2023-01-11 12:15:47',0.00,0,0,'https://qr.alipay.com/1hr18782pen5c8xesdvak44',1,'003刘云斗',1,'2023-01-11 12:23:47',4,1,NULL,NULL),(862,143,2,3,3,0,NULL,1,'004刘云斗','16583433320',NULL,NULL,NULL,'2023-01-11 17:49:44','2023-01-11 12:16:05',0.00,0,0,'https://qr.alipay.com/1hr11137dpkh9jcl1lgfh36',1,'004刘云斗',1,'2023-01-11 12:24:05',4,1,NULL,NULL),(863,143,2,3,3,0,0,1,'005王治宇','16525656284',NULL,NULL,NULL,'2023-01-12 11:21:36','2023-01-11 12:16:20',0.00,0,0,'https://qr.alipay.com/17o12109k5qvih70jxje1e6',1,'005王治宇三限',1,'2023-01-12 11:29:36',4,1,'',''),(864,143,2,3,3,0,NULL,1,'006王治宇','16525656294',NULL,NULL,NULL,'2023-01-11 17:49:44','2023-01-11 12:16:35',0.00,0,0,'https://qr.alipay.com/1hr10083zb4ai96f9sx59f7',1,'006王治宇',1,'2023-01-11 12:24:35',4,1,NULL,NULL),(865,143,3,3,3,0,NULL,1,'007鄂帅康','16525656341',NULL,NULL,NULL,'2023-01-12 11:19:09','2023-01-11 12:16:54',0.00,0,0,'https://qr.alipay.com/1hr12739852hnewcgnuuodd',1,'007鄂帅康',1,'2023-01-11 12:24:54',4,1,NULL,NULL),(866,143,3,3,3,0,0,1,'008鄂帅康','16525656340',NULL,NULL,NULL,'2023-01-12 11:19:09','2023-01-11 12:17:09',0.00,0,0,'https://qr.alipay.com/1hr19183mqvirzsjbtm3a0c',1,'008鄂帅康三限',1,'2023-01-11 15:54:03',4,1,'',''),(867,143,2,3,3,0,NULL,1,'009孟卓','16525656334',NULL,NULL,NULL,'2023-01-11 17:49:44','2023-01-11 12:17:32',0.00,0,0,'https://qr.alipay.com/17o17509dskhvaszap5yw0d',1,'009孟卓',1,'2023-01-11 12:25:32',4,1,NULL,NULL),(868,143,2,3,3,0,0,1,'010孟卓','16525656324',NULL,NULL,NULL,'2023-01-12 11:21:13','2023-01-11 12:17:46',0.00,0,0,'https://qr.alipay.com/17o10224gupzgkodswf0f2e',1,'010孟卓三限',1,'2023-01-12 11:29:13',4,1,'',''),(869,143,2,3,3,0,NULL,1,'011张文琪','16525656347',NULL,NULL,NULL,'2023-01-11 17:49:35','2023-01-11 12:18:02',0.00,0,0,'https://qr.alipay.com/1hr19723vab1mi0qxipp3de',1,'011张文琪',1,'2023-01-11 12:26:02',4,1,NULL,NULL),(870,143,2,3,3,0,0,1,'012张文琪','16525656348',NULL,NULL,NULL,'2023-01-11 17:49:35','2023-01-11 12:18:17',0.00,0,0,'https://qr.alipay.com/1hr16717oaq8lu0il11sk66',1,'012张文琪支付中断',1,'2023-01-11 15:53:47',4,1,'',''),(871,143,2,3,3,0,NULL,1,'013于洋成','16525656364',NULL,NULL,NULL,'2023-01-11 17:49:35','2023-01-11 12:18:32',0.00,0,0,'https://qr.alipay.com/1hr14926vzws1yc8od3kvdd',1,'013于洋成',1,'2023-01-11 12:26:32',4,1,NULL,NULL),(872,143,2,3,3,0,NULL,1,'014于洋成','16525656354',NULL,NULL,NULL,'2023-01-11 17:49:35','2023-01-11 12:18:45',0.00,0,0,'https://qr.alipay.com/1hr11935ssyk7te6ilr5383',1,'014于洋成',1,'2023-01-11 12:26:45',4,1,NULL,NULL),(873,143,2,3,3,0,NULL,1,'015宋艳欣','16583433736',NULL,NULL,NULL,'2023-01-12 12:19:44','2023-01-11 12:19:01',0.00,0,0,'https://qr.alipay.com/1hr15030l14flvdelt7uyca',1,'015宋艳欣',1,'2023-01-11 12:27:01',4,1,NULL,NULL),(874,143,2,3,3,0,0,1,'016宋艳欣','16583433734',NULL,NULL,NULL,'2023-01-12 12:19:44','2023-01-11 12:19:14',0.00,0,0,'https://qr.alipay.com/1hr13453pk2sge39mevokae',1,'016宋艳欣三限',1,'2023-01-11 15:53:28',4,1,'',''),(875,143,2,3,3,0,NULL,1,'017王秋阳','16583433043',NULL,NULL,NULL,'2023-01-12 12:19:44','2023-01-11 12:19:32',0.00,0,0,'https://qr.alipay.com/1hr13932mpy7xmazgjvlq62',1,'017王秋阳',1,'2023-01-11 12:27:32',4,1,NULL,NULL),(876,143,2,3,3,0,NULL,1,'018王秋阳','16525869934',NULL,NULL,NULL,'2023-01-12 12:19:44','2023-01-11 12:19:49',0.00,0,0,'https://qr.alipay.com/1hr11104mvrjbmhxk46vte5',1,'018王秋阳',1,'2023-01-11 12:27:49',4,1,NULL,NULL),(877,143,2,3,3,0,NULL,1,'019薛玲','16525868433',NULL,NULL,NULL,'2023-01-12 12:19:44','2023-01-11 12:20:05',0.00,0,0,'https://qr.alipay.com/1hr19740sljtti76pxzuj03',1,'019薛玲',1,'2023-01-11 12:28:05',4,1,NULL,NULL),(878,143,2,3,3,0,NULL,1,'020薛玲','16525868428',NULL,NULL,NULL,'2023-01-12 12:19:44','2023-01-11 12:20:45',0.00,0,0,'https://qr.alipay.com/1hr17232d4zdvei0ettrlb0',1,'020薛玲',1,'2023-01-11 12:28:45',4,1,NULL,NULL),(879,143,2,3,3,0,NULL,1,'021孙书寒','16525869428',NULL,NULL,NULL,'2023-01-12 12:19:44','2023-01-11 12:22:01',0.00,0,0,'https://qr.alipay.com/1hr11231ifh885otcgqvl4e',1,'021孙书寒',1,'2023-01-11 12:30:01',4,1,NULL,NULL),(880,143,2,3,3,0,NULL,1,'022孙书寒','16525869433',NULL,NULL,NULL,'2023-01-12 12:19:44','2023-01-11 12:22:57',0.00,0,0,'https://qr.alipay.com/1hr13356cyisiha9ftmhjbc',1,'022孙书寒',1,'2023-01-11 12:30:57',4,1,NULL,NULL),(881,143,2,3,3,0,NULL,1,'023薛宇','16525868438',NULL,NULL,NULL,'2023-01-12 12:19:44','2023-01-11 12:23:13',0.00,0,0,'https://qr.alipay.com/1hr14249nx4rxpgmkfm9gc9',1,'023薛宇',1,'2023-01-11 12:31:13',4,1,NULL,NULL),(882,143,2,3,3,0,NULL,1,'024薛宇','16525868455',NULL,NULL,NULL,'2023-01-12 12:19:44','2023-01-11 12:23:38',0.00,0,0,'https://qr.alipay.com/1hr17573dzvec3o8plbuac5',1,'024薛宇',1,'2023-01-11 12:31:38',4,1,NULL,NULL),(883,143,2,3,3,0,NULL,1,'025宋艳翡','16525867422',NULL,NULL,NULL,'2023-01-12 12:19:44','2023-01-11 12:24:25',0.00,0,0,'https://qr.alipay.com/1hr13367dwxzayf6qcnv954',1,'025宋艳翡',1,'2023-01-11 12:32:25',4,1,NULL,NULL),(884,143,2,3,3,0,NULL,1,'026宋艳翡','16525867411',NULL,NULL,NULL,'2023-01-12 12:19:44','2023-01-11 12:24:50',0.00,0,0,'https://qr.alipay.com/1hr19288epb2bvqpuo3wgd1',1,'026宋艳翡',1,'2023-01-11 12:32:50',4,1,NULL,NULL),(885,143,2,3,3,0,NULL,1,'027水宏亮','16525865934',NULL,NULL,NULL,'2023-01-12 12:19:44','2023-01-11 12:34:52',0.00,0,0,'https://qr.alipay.com/1hr137315gyl2ebmotw0we2',1,'027水宏亮',1,'2023-01-11 12:42:52',4,1,NULL,NULL),(886,143,2,3,3,0,NULL,1,'028水宏亮','16525865448',NULL,NULL,NULL,'2023-01-12 12:19:44','2023-01-11 12:35:06',0.00,0,0,'https://qr.alipay.com/1hr11820ifw2ljgxvopsd1e',1,'028水宏亮 ',1,'2023-01-11 12:43:06',4,1,NULL,NULL),(887,143,2,3,3,0,NULL,1,'029温瑶','16583433273',NULL,NULL,NULL,'2023-01-12 12:19:44','2023-01-11 12:35:20',0.00,0,0,'https://qr.alipay.com/1hr121683hmstz6wbv7p876',1,'029温瑶',1,'2023-01-11 12:43:20',4,1,NULL,NULL),(888,143,2,3,3,0,NULL,1,'030温瑶','16583433274',NULL,NULL,NULL,'2023-01-12 12:19:44','2023-01-11 12:35:33',0.00,0,0,'https://qr.alipay.com/1hr16392j08ismicq1ioqe8',1,'030温瑶',1,'2023-01-11 12:43:33',4,1,NULL,NULL),(889,143,2,3,3,0,NULL,1,'031黄丹','16583433312',NULL,NULL,NULL,'2023-01-12 12:19:44','2023-01-11 12:35:47',0.00,0,0,'https://qr.alipay.com/17o17934ivf2yn2yykcbqef',1,'031黄丹',1,'2023-01-11 12:43:47',4,1,NULL,NULL),(890,143,2,3,3,0,NULL,1,'032闫豪','16583433324',NULL,NULL,NULL,'2023-01-12 12:19:44','2023-01-11 12:36:00',0.00,0,0,'https://qr.alipay.com/1hr10282dhp3b7cv2g1lo0b',1,'032闫豪',1,'2023-01-11 12:44:00',4,1,NULL,NULL),(891,143,3,3,3,0,NULL,1,'033马阳春','16583433262',NULL,NULL,NULL,'2023-01-11 17:43:01','2023-01-11 12:36:15',0.00,0,0,'https://qr.alipay.com/17o11787rybboikldgtdk92',1,'033马阳春',1,'2023-01-11 12:44:15',4,1,NULL,NULL),(892,143,2,3,3,0,NULL,1,'034焦兵兵','16583433276',NULL,NULL,NULL,'2023-01-12 12:19:44','2023-01-11 12:36:29',0.00,0,0,'https://qr.alipay.com/1hr17419nmqdxfqytqugz48',1,'034焦兵兵',1,'2023-01-11 12:44:29',4,1,NULL,NULL),(893,143,2,3,3,0,NULL,1,'035荣智慧','16506919986',NULL,NULL,NULL,'2023-01-12 12:19:44','2023-01-11 12:36:41',0.00,0,0,'https://qr.alipay.com/1hr14496qszrena5fadjab6',1,'035荣智慧',1,'2023-01-11 12:44:41',4,1,NULL,NULL),(894,143,2,3,3,0,NULL,1,'036荣智慧','16506919985',NULL,NULL,NULL,'2023-01-12 12:19:44','2023-01-11 12:36:55',0.00,0,0,'https://qr.alipay.com/1hr19623n6pi2axibrzpzf6',1,'036荣智慧',1,'2023-01-11 12:44:55',4,1,NULL,NULL),(895,143,2,3,3,0,NULL,1,'037靳春雨','16506919907',NULL,NULL,NULL,'2023-01-12 12:19:44','2023-01-11 12:37:08',0.00,0,0,'https://qr.alipay.com/1hr17527udqclfuo6bs7tdf',1,'037靳春雨',1,'2023-01-11 12:45:08',4,1,NULL,NULL),(896,143,2,3,3,0,NULL,1,'038靳春雨','16525869148',NULL,NULL,NULL,'2023-01-12 12:19:44','2023-01-11 12:37:21',0.00,0,0,'https://qr.alipay.com/1hr17781xcjsqdie4u16gcb',1,'038靳春雨',1,'2023-01-11 12:45:21',4,1,NULL,NULL),(897,143,2,3,3,0,NULL,1,'039王中秋','16583433647',NULL,NULL,NULL,'2023-01-12 12:19:44','2023-01-11 12:37:34',0.00,0,0,'https://qr.alipay.com/1hr189047harlvpqzrtse5d',1,'039王中秋',1,'2023-01-11 12:45:34',4,1,NULL,NULL),(898,143,2,3,3,0,0,1,'040王中秋','16583433646',NULL,NULL,NULL,'2023-01-12 12:19:44','2023-01-11 12:37:46',0.00,0,0,'https://qr.alipay.com/1hr19965keewgvysgruub25',1,'040王中秋支付中断',1,'2023-01-11 15:52:57',4,1,'',''),(899,143,2,3,3,0,NULL,1,'041杨贺','16583433280',NULL,NULL,NULL,'2023-01-12 12:19:44','2023-01-11 12:38:08',0.00,0,0,'https://qr.alipay.com/1hr19232j1469axwekijo25',1,'041杨贺',1,'2023-01-11 12:46:08',4,1,NULL,NULL),(900,143,2,3,3,0,NULL,1,'042杨贺','16583433279',NULL,NULL,NULL,'2023-01-12 12:19:44','2023-01-11 12:38:20',0.00,0,0,'https://qr.alipay.com/1hr13714k1qhufvpez5gw96',1,'042杨贺',1,'2023-01-11 12:46:20',4,1,NULL,NULL),(901,143,2,3,3,0,NULL,1,'043谷孝龙','16583433292',NULL,NULL,NULL,'2023-01-12 12:19:44','2023-01-11 12:38:32',0.00,0,0,'https://qr.alipay.com/1hr13391p6cwgasuhgr6h12',1,'043谷孝龙',1,'2023-01-11 12:46:32',4,1,NULL,NULL),(902,143,2,3,3,0,NULL,1,'044谷孝龙','16583433293',NULL,NULL,NULL,'2023-01-12 12:19:44','2023-01-11 12:38:47',0.00,0,0,'https://qr.alipay.com/1hr16847ahmwiuandvkyc9c',1,'044谷孝龙',1,'2023-01-11 12:46:47',4,1,NULL,NULL),(903,143,2,3,3,0,NULL,1,'045司盛鑫','16506919978',NULL,NULL,NULL,'2023-01-12 12:19:44','2023-01-11 12:38:59',0.00,0,0,'https://qr.alipay.com/1hr16687emteicwdf9ewq08',1,'045司盛鑫',1,'2023-01-11 12:46:59',4,1,NULL,NULL),(904,143,2,3,3,0,NULL,1,'046司盛鑫','16506919910',NULL,NULL,NULL,'2023-01-12 12:19:44','2023-01-11 12:39:11',0.00,0,0,'https://qr.alipay.com/1hr121300ichr0nvjjwwd6d',1,'046司盛鑫',1,'2023-01-11 12:47:11',4,1,NULL,NULL),(905,143,2,3,3,0,NULL,1,'047李雪莹','16506919984',NULL,NULL,NULL,'2023-01-12 12:19:44','2023-01-11 12:39:23',0.00,0,0,'https://qr.alipay.com/1hr15984jdovdzefs775jc7',1,'047李雪莹',1,'2023-01-11 12:47:23',4,1,NULL,NULL),(906,143,2,3,3,0,NULL,1,'048李雪莹','16506919983',NULL,NULL,NULL,'2023-01-12 12:19:44','2023-01-11 12:39:38',0.00,0,0,'https://qr.alipay.com/1hr11354cwf5oxejuscgy23',1,'048李雪莹',1,'2023-01-11 12:47:38',4,1,NULL,NULL),(907,143,2,3,3,0,NULL,1,'049骆嘉悦','16525866848',NULL,NULL,NULL,'2023-01-12 12:19:44','2023-01-11 12:40:08',0.00,0,0,'https://qr.alipay.com/1hr12479twbwqi12yw5ax8a',1,'049骆嘉悦',1,'2023-01-11 12:48:08',4,1,NULL,NULL),(908,143,2,3,3,0,NULL,1,'050骆嘉悦','16525868489',NULL,NULL,NULL,'2023-01-12 12:19:44','2023-01-11 12:40:23',0.00,0,0,'https://qr.alipay.com/1hr19650cj0zec2esfg3j2c',1,'050骆嘉悦',1,'2023-01-11 12:48:23',4,1,NULL,NULL),(909,143,2,2,3,0,NULL,1,'001刘永祯','16525656304',NULL,NULL,NULL,'2023-01-12 12:19:44','2023-01-11 12:49:28',0.00,0,0,'https://credit.zmxy.com.cn/p/yuyan/180020010001232973/index.html?target=wa&t=Qzc7cDtsBl5o87v',1,'001',1,'2023-01-11 12:57:28',4,1,NULL,NULL),(910,143,2,2,3,0,NULL,1,'003刘云斗','16583433316',NULL,NULL,NULL,'2023-01-12 12:19:44','2023-01-11 13:01:37',0.00,0,0,'https://credit.zmxy.com.cn/p/yuyan/180020010001232973/index.html?target=wa&t=5aC5jqtsBqhq79Y',1,'003',1,'2023-01-11 13:09:37',4,1,NULL,NULL),(911,143,2,2,3,0,0,1,'013于洋成','16525656364',NULL,NULL,NULL,'2023-01-12 16:34:38','2023-01-11 13:18:15',0.00,0,0,'https://credit.zmxy.com.cn/p/yuyan/180020010001232973/index.html?target=wa&t=tP4amPtsBq4Q83X',1,'013',1,'2023-01-11 13:26:46',4,0,'',''),(912,143,2,2,3,0,NULL,1,'020薛玲','16525868428',NULL,NULL,NULL,'2023-01-12 12:19:44','2023-01-11 13:20:49',0.00,0,0,'https://credit.zmxy.com.cn/p/yuyan/180020010001232973/index.html?target=wa&t=KX67uGtsBqhn42W',1,'020',1,'2023-01-11 13:28:49',4,1,NULL,NULL),(913,143,2,2,3,0,NULL,1,'023薛宇','16525868438',NULL,NULL,NULL,'2023-01-12 12:19:44','2023-01-11 13:21:51',0.00,0,0,'https://credit.zmxy.com.cn/p/yuyan/180020010001232973/index.html?target=wa&t=WLhrI8tsBqhp38U',1,'023',1,'2023-01-11 13:29:51',4,1,NULL,NULL),(914,143,2,2,3,0,NULL,1,'025宋艳翡','16525867422',NULL,NULL,NULL,'2023-01-12 12:19:44','2023-01-11 13:22:49',0.00,0,0,'https://credit.zmxy.com.cn/p/yuyan/180020010001232973/index.html?target=wa&t=jteocFtsBqho87u',1,'025',1,'2023-01-11 13:30:49',4,1,NULL,NULL),(915,143,2,2,3,0,NULL,1,'030温瑶','16583433274',NULL,NULL,NULL,'2023-01-12 16:34:38','2023-01-11 13:23:56',0.00,0,0,'https://credit.zmxy.com.cn/p/yuyan/180020010001232973/index.html?target=wa&t=yYpAMPtsBqhu10y',1,'030',1,'2023-01-11 13:31:56',4,0,NULL,NULL),(916,143,2,2,3,0,NULL,1,'036荣智慧','16506919985',NULL,NULL,NULL,'2023-01-12 12:19:44','2023-01-11 13:25:32',0.00,0,0,'https://credit.zmxy.com.cn/p/yuyan/180020010001232973/index.html?target=wa&t=ZqfrnvtsBqho62F',1,'036',1,'2023-01-11 13:33:32',4,1,NULL,NULL),(917,143,2,2,3,0,NULL,1,'046司盛鑫','16506919910',NULL,NULL,NULL,'2023-01-12 12:19:44','2023-01-11 13:28:08',0.00,0,0,'https://credit.zmxy.com.cn/p/yuyan/180020010001232973/index.html?target=wa&t=kHeRzitsBqho00E',1,'046',1,'2023-01-11 13:36:08',4,1,NULL,NULL),(918,143,2,2,3,0,NULL,1,'050骆嘉悦','16525868489',NULL,NULL,NULL,'2023-01-12 12:19:44','2023-01-11 13:28:58',0.00,0,0,'https://credit.zmxy.com.cn/p/yuyan/180020010001232973/index.html?target=wa&t=2YycwAtsBqho58V',1,'050',1,'2023-01-11 13:36:58',4,1,NULL,NULL),(919,134,3,3,4,2,0,1,'合肥伍巴电子科技有限公司 ','jmyeckzg92132@163.com',NULL,NULL,NULL,'2023-01-12 17:15:22','2023-01-11 16:01:53',0.00,0,0,'https://qr.alipay.com/a7x11517n2yvdlzir8eztbc',1,'和04jmy',1,'2023-01-11 16:10:09',4,0,'',''),(920,134,3,10,10,3,NULL,1,'合肥伍巴电子科技有限公司 ','jmyeckzg92132@163.com',NULL,NULL,NULL,'2023-01-11 18:20:46','2023-01-11 18:11:50',0.00,0,0,'https://qr.alipay.com/a7x11517n2yvdlzir8eztbc',1,'和004',1,'2023-01-11 18:19:50',4,1,NULL,NULL),(921,143,1,7,8,1,0,1,'长沙市慧微日用百货门市部','juduanshang404830@163.com',NULL,NULL,NULL,'2023-01-12 16:39:06','2023-01-12 11:28:35',0.00,0,0,'https://qr.alipay.com/a7x16561va78rdnt2khae02',1,'黑07jud',8,'2023-01-12 15:57:15',4,8,'',''),(922,143,1,8,9,1,0,1,'长沙市慧微日用百货门市部','lesoubei188000512@163.com',NULL,NULL,NULL,'2023-01-12 16:35:03','2023-01-12 11:29:37',0.00,0,0,'https://qr.alipay.com/a7x12268xrhril0q1bz4p93',1,'黑07les',9,'2023-01-12 12:44:37',4,9,'',''),(923,143,6,7,8,1,0,1,'长沙市慧微日用百货门市部','zhonggouhe7241404@163.com',NULL,NULL,NULL,'2023-01-12 16:30:32','2023-01-12 11:30:26',0.00,0,0,'https://qr.alipay.com/a7x11229he7be7zj0bdow72',1,'黑07zho',9,'2023-01-12 12:44:33',4,8,'',''),(924,143,1,6,8,2,0,1,'长沙市慧微日用百货门市部','jinyongshi9542698@163.com',NULL,NULL,NULL,'2023-01-12 16:39:06','2023-01-12 11:34:48',0.00,0,0,'https://qr.alipay.com/a7x14479vml2botld8w2174',1,'黑07jin',9,'2023-01-12 12:44:30',4,9,'',''),(925,143,3,8,9,0,0,1,'长沙市慧微日用百货门市部','shangbu7648243206@163.com',NULL,NULL,NULL,'2023-01-12 15:19:15','2023-01-12 11:35:48',0.00,0,0,'https://qr.alipay.com/a7x13761rfwd2icuc37zx18',1,'黑07sha',9,'2023-01-12 12:44:27',4,9,'','');
/*!40000 ALTER TABLE `std_bank_card` ENABLE KEYS */;
UNLOCK TABLES;

--
-- Table structure for table `std_bind`
--

DROP TABLE IF EXISTS `std_bind`;
/*!40101 SET @saved_cs_client     = @@character_set_client */;
/*!50503 SET character_set_client = utf8mb4 */;
CREATE TABLE `std_bind` (
  `id` bigint NOT NULL AUTO_INCREMENT COMMENT '编号',
  `user_id` bigint DEFAULT NULL,
  `biz_id` bigint DEFAULT NULL,
  `name` varchar(255) DEFAULT NULL COMMENT '参数',
  `updated_at` datetime DEFAULT NULL COMMENT '更新时间',
  `created_at` datetime DEFAULT NULL COMMENT '创建时间',
  PRIMARY KEY (`id`)
) ENGINE=InnoDB AUTO_INCREMENT=37 DEFAULT CHARSET=utf8mb4 COLLATE=utf8mb4_0900_ai_ci;
/*!40101 SET character_set_client = @saved_cs_client */;

--
-- Dumping data for table `std_bind`
--

LOCK TABLES `std_bind` WRITE;
/*!40000 ALTER TABLE `std_bind` DISABLE KEYS */;
INSERT INTO `std_bind` VALUES (21,61,60,'1112312','2021-12-12 10:50:54','2021-12-12 10:50:54'),(22,61,14,'ks-test','2021-12-12 10:50:54','2021-12-12 10:50:54');
/*!40000 ALTER TABLE `std_bind` ENABLE KEYS */;
UNLOCK TABLES;

--
-- Table structure for table `std_chain`
--

DROP TABLE IF EXISTS `std_chain`;
/*!40101 SET @saved_cs_client     = @@character_set_client */;
/*!50503 SET character_set_client = utf8mb4 */;
CREATE TABLE `std_chain` (
  `id` bigint NOT NULL AUTO_INCREMENT COMMENT '编号',
  `user_id` bigint DEFAULT '0' COMMENT '用户编号-&gt;std_user.id',
  `channel_id` bigint DEFAULT '0' COMMENT '通道编号-&gt;std_channel.id',
  `max` bigint DEFAULT '0' COMMENT '最大下单金额',
  `min` bigint DEFAULT '0' COMMENT '最小下单金额',
  `fee` decimal(10,5) DEFAULT NULL,
  `rate` decimal(9,3) DEFAULT '0.000' COMMENT '通道费率',
  `update_at` datetime DEFAULT NULL COMMENT '更新时间',
  `create_at` datetime DEFAULT NULL COMMENT '创建时间',
  `ks` varchar(2048) DEFAULT NULL,
  `fixed` bigint DEFAULT '0',
  PRIMARY KEY (`id`)
) ENGINE=InnoDB AUTO_INCREMENT=153 DEFAULT CHARSET=utf8mb4 COLLATE=utf8mb4_0900_ai_ci;
/*!40101 SET character_set_client = @saved_cs_client */;

--
-- Dumping data for table `std_chain`
--

LOCK TABLES `std_chain` WRITE;
/*!40000 ALTER TABLE `std_chain` DISABLE KEYS */;
INSERT INTO `std_chain` VALUES (11,35,1,1,1,1.00000,0.008,'2021-04-10 17:44:28','2021-04-10 17:44:28',NULL,0),(12,36,1,1000,1,1.00000,0.006,'2021-04-12 22:43:39','2021-04-12 22:43:39',NULL,0),(13,36,2,1000,1,1.00000,0.006,'2021-04-12 22:43:39','2021-04-12 22:43:39',NULL,0),(15,38,2,1,1,0.00200,0.002,'2021-08-26 11:21:51','2021-08-26 11:21:51',NULL,0),(22,42,1,10000,1,1.00000,0.010,'2021-10-14 20:42:31','2021-10-14 20:42:31',NULL,0),(23,25,2,50000,1,0.00000,0.050,'2022-10-01 20:48:31','2022-10-01 20:48:31','',0),(24,14,1,10000,1,0.00000,0.000,'2022-03-06 16:59:15','2022-03-06 16:59:15',NULL,0),(25,14,5,10000,1,0.00000,0.000,'2022-03-06 16:59:15','2022-03-06 16:59:15',NULL,0),(27,44,1,50000,1,1.00000,0.001,'2021-10-19 10:51:57','2021-10-19 10:51:57',NULL,0),(28,46,1,1,1,1.00000,1.000,'2021-10-19 10:21:44','2021-10-19 10:21:44',NULL,0),(29,20,5,10000,1,0.00000,0.060,'2023-01-12 13:26:07','2023-01-12 13:26:07','[122]',2),(31,61,1,10000,1,0.00000,0.000,'2021-12-11 11:59:58','2021-12-11 11:59:58',NULL,0),(40,60,1,50000,1,2.00000,0.000,'2022-01-21 15:08:52','2022-01-21 15:08:52',NULL,0),(41,60,2,50000,1,0.00000,0.004,'2022-01-21 15:08:52','2022-01-21 15:08:52',NULL,0),(45,67,5,0,0,0.00000,0.000,'2022-02-18 09:19:54','2022-02-18 09:19:54',NULL,0),(46,71,5,1,1,0.00000,0.050,'2022-02-18 18:25:43','2022-02-18 18:25:43',NULL,0),(47,70,5,1,1,0.00000,0.060,'2022-02-18 19:16:57','2022-02-18 19:16:57',NULL,0),(48,72,5,50000,1,0.00000,0.000,'2022-03-06 15:55:21','2022-03-06 15:55:21',NULL,0),(49,73,5,50000,1,0.00000,0.000,'2022-03-06 21:51:26','2022-03-06 21:51:26',NULL,0),(50,73,1,50000,1,0.00000,0.000,'2022-03-06 21:51:26','2022-03-06 21:51:26',NULL,0),(52,88,4,1,1,1.00000,1.000,'2022-03-11 11:41:56','2022-03-11 11:41:56',NULL,0),(68,100,2,50000,1,0.00000,0.050,'2022-10-01 20:35:44','2022-10-01 20:35:44','',0),(69,25,1,50000,1,0.00000,0.000,'2022-10-01 20:48:31','2022-10-01 20:48:31',NULL,0),(71,20,13,50000,1,2.00000,0.000,'2023-01-12 13:26:07','2023-01-12 13:26:07','',1),(81,97,2,50000,1,0.00000,0.010,'2022-10-02 10:44:59','2022-10-02 10:44:59',NULL,0),(82,102,2,50000,1,0.00000,0.029,'2022-10-11 11:40:39','2022-10-04 14:03:11','[112]',2),(83,102,1,50000,1,0.00000,0.000,'2022-10-04 14:03:11','2022-10-04 14:03:11','',1),(85,104,2,50000,1,0.00000,0.016,'2022-10-04 12:46:57','2022-10-04 12:46:57','',0),(86,104,1,50000,1,0.00000,0.000,'2022-10-04 12:46:57','2022-10-04 12:46:57','',0),(88,107,2,50000,1,0.00000,0.021,'2022-10-04 12:46:14','2022-10-04 12:46:14',NULL,0),(89,106,2,50000,1,0.00000,0.016,'2022-10-04 12:46:42','2022-10-04 12:46:42',NULL,0),(90,110,2,50000,1,0.00000,0.013,'2022-10-05 14:16:01','2022-10-05 14:16:01',NULL,0),(91,110,1,50000,1,0.00000,0.000,'2022-10-05 14:16:01','2022-10-05 14:16:01',NULL,0),(92,111,2,50000,1,0.00000,0.016,'2022-10-05 15:57:45','2022-10-05 15:57:45','',0),(93,111,1,50000,1,0.00000,0.000,'2022-10-05 15:57:45','2022-10-05 15:57:45','',0),(94,112,2,50000,1,0.00000,0.007,'2022-10-09 11:53:28','2022-10-09 11:53:28','',0),(95,112,1,50000,1,0.00000,0.000,'2022-10-09 11:53:28','2022-10-09 11:53:28','',0),(96,114,2,50000,1,0.00000,0.013,'2022-10-09 11:49:25','2022-10-09 11:49:25',NULL,0),(97,114,1,50000,1,0.00000,0.000,'2022-10-09 11:49:25','2022-10-09 11:49:25',NULL,0),(98,115,2,50000,1,0.00000,0.011,'2022-10-09 11:51:32','2022-10-09 11:51:32','',0),(99,115,1,50000,1,0.00000,0.000,'2022-10-09 11:51:32','2022-10-09 11:51:32','',0),(100,113,2,50000,1,0.00000,0.021,'2022-10-09 12:01:23','2022-10-09 12:01:23',NULL,0),(101,116,2,50000,1,0.00000,0.012,'2022-10-09 13:17:18','2022-10-09 13:17:18',NULL,0),(102,116,1,50000,1,0.00000,0.000,'2022-10-09 13:17:18','2022-10-09 13:17:18',NULL,0),(103,117,2,10000,1,0.00000,0.060,'2022-10-09 17:02:08','2022-10-09 17:02:08',NULL,0),(104,119,11,0,0,NULL,1.000,'2022-11-18 05:58:17','2022-11-18 05:58:17',NULL,0),(105,120,5,1,1,0.00000,0.020,'2022-11-18 08:14:04','2022-11-18 08:14:04','',0),(106,121,5,20000,2000,0.00000,0.001,'2022-12-22 10:27:48','2022-12-22 10:27:48','',0),(107,122,4,1,1,0.00000,0.001,'2023-01-08 22:39:18','2023-01-08 22:39:18','',0),(108,123,5,50000,2000,0.00000,0.055,'2023-01-12 10:13:43','2023-01-09 16:42:00','null',1),(109,123,1,50000,5000,5.00000,0.000,'2023-01-09 16:42:00','2023-01-09 16:42:00','',1),(110,124,0,0,0,NULL,0.000,'2022-11-25 14:08:39','2022-11-25 14:08:39',NULL,0),(111,126,5,50000,2000,0.00000,0.130,'2023-01-09 16:40:48','2023-01-09 16:40:48','',0),(112,127,5,50000,2000,0.00000,0.131,'2023-01-09 16:41:10','2023-01-09 16:41:10','',0),(113,127,1,50000,5000,0.00000,0.000,'2023-01-09 16:41:10','2023-01-09 16:41:10','',0),(114,128,5,50000,1,NULL,0.001,'2022-12-07 14:25:00','2022-12-07 14:25:00',NULL,0),(115,126,1,50000,2000,0.00000,0.000,'2023-01-09 16:40:48','2023-01-09 16:40:48','',0),(117,131,5,50000,1000,0.00000,0.000,'2022-12-18 14:18:02','2022-12-18 14:18:02',NULL,0),(118,121,4,10000,500,0.00000,0.000,'2022-12-22 10:27:48','2022-12-22 10:27:48',NULL,NULL),(120,133,4,1000,300,0.00000,0.130,'2023-01-12 16:23:56','2022-12-24 19:07:37','[131]',1),(121,133,1,50000,5000,5.00000,0.000,'2022-12-24 19:07:37','2022-12-24 19:07:37','',1),(122,129,4,1,1,0.00000,0.000,'2022-12-22 15:19:27','2022-12-22 15:19:27',NULL,0),(123,20,12,20000,1,0.00000,0.000,'2023-01-12 13:26:07','2023-01-12 13:26:07','[131,134]',1),(126,134,4,3000,300,0.00000,0.000,'2022-12-22 19:21:44','2022-12-22 19:21:44',NULL,0),(127,135,4,10000,1,0.00000,0.000,'2022-12-23 11:31:56','2022-12-23 11:31:56',NULL,2),(128,136,4,3000,300,0.00000,0.160,'2023-01-10 21:12:27','2022-12-25 15:13:11','[134]',1),(129,136,1,50000,5000,5.00000,0.000,'2022-12-25 15:13:11','2022-12-25 15:13:11','',1),(130,137,4,3000,300,0.00000,0.130,'2023-01-12 16:41:12','2023-01-10 13:56:11','[131,143]',1),(131,137,1,50000,5000,2.00000,0.000,'2023-01-10 13:56:11','2023-01-10 13:56:11','',1),(132,139,4,3000,300,0.00000,0.000,'2022-12-27 16:12:11','2022-12-27 16:12:11',NULL,0),(133,140,5,50000,2000,0.00000,0.000,'2022-12-27 18:36:25','2022-12-27 18:36:25',NULL,1),(134,140,4,3000,300,0.00000,0.000,'2022-12-27 18:36:25','2022-12-27 18:36:25',NULL,1),(135,140,1,50000,5000,2.00000,0.000,'2022-12-27 18:36:25','2022-12-27 18:36:25',NULL,1),(136,141,5,50000,2000,0.00000,0.058,'2023-01-02 15:39:26','2022-12-30 12:52:11','[122]',1),(137,141,4,3000,300,0.00000,0.000,'2022-12-30 12:52:11','2022-12-30 12:52:11','',1),(138,141,1,50000,5000,2.00000,0.000,'2022-12-30 12:52:11','2022-12-30 12:52:11','',1),(139,142,4,1000,300,0.00000,0.000,'2023-01-07 16:08:17','2023-01-07 16:08:17',NULL,0),(140,123,4,3000,300,0.00000,0.160,'2023-01-09 16:42:00','2023-01-09 16:42:00','[134]',1),(143,146,1,1000,100,2.00000,0.000,'2023-01-12 01:10:41','2023-01-12 01:10:41',NULL,1),(144,20,1,50000,1,0.00000,0.000,'2023-01-12 13:26:07','2023-01-12 13:26:07','',1),(148,20,4,50000,1,0.00000,0.000,'2023-01-12 13:42:44','2023-01-12 13:26:07','[134]',1);
/*!40000 ALTER TABLE `std_chain` ENABLE KEYS */;
UNLOCK TABLES;

--
-- Table structure for table `std_channel`
--

DROP TABLE IF EXISTS `std_channel`;
/*!40101 SET @saved_cs_client     = @@character_set_client */;
/*!50503 SET character_set_client = utf8mb4 */;
CREATE TABLE `std_channel` (
  `id` bigint NOT NULL AUTO_INCREMENT COMMENT '编号',
  `status` bigint DEFAULT NULL COMMENT '状态',
  `name` varchar(128) DEFAULT NULL COMMENT '名称',
  `updated_at` datetime DEFAULT NULL COMMENT '更新时间',
  `created_at` datetime DEFAULT NULL COMMENT '创建时间',
  `random` bigint DEFAULT '0',
  `type` bigint DEFAULT '0',
  `rate` decimal(10,5) DEFAULT '0.00000',
  `ip` varchar(1048) DEFAULT NULL,
  `url` varchar(5048) DEFAULT NULL,
  `mchid` varchar(128) DEFAULT NULL,
  `secret` varchar(1048) DEFAULT NULL,
  `amount` varchar(512) DEFAULT NULL,
  PRIMARY KEY (`id`)
) ENGINE=InnoDB AUTO_INCREMENT=14 DEFAULT CHARSET=utf8mb4 COLLATE=utf8mb4_0900_ai_ci;
/*!40101 SET character_set_client = @saved_cs_client */;

--
-- Dumping data for table `std_channel`
--

LOCK TABLES `std_channel` WRITE;
/*!40000 ALTER TABLE `std_channel` DISABLE KEYS */;
INSERT INTO `std_channel` VALUES (1,1,'代付','2021-11-21 18:32:20','2021-03-27 21:59:00',1,2,1.00000,'3','2','3','2',NULL),(3,1,'微信小额','2022-11-20 13:08:44','2021-04-15 20:31:43',1,1,1.00000,'','','','',NULL),(4,1,'支付宝小额','2022-11-20 13:08:44','2021-11-19 19:55:56',1,1,1.00000,'','','','',NULL),(5,1,'支付宝转账','2022-11-01 09:37:03','2021-11-21 13:53:19',1,1,1.00000,'','','','',NULL),(12,1,'话费_支付宝','2023-01-11 21:36:18','2023-01-11 21:36:18',1,0,0.00000,NULL,NULL,NULL,NULL,NULL),(13,1,'话费_微信','2023-01-11 21:36:25','2023-01-11 21:36:25',1,0,0.00000,NULL,NULL,NULL,NULL,NULL);
/*!40000 ALTER TABLE `std_channel` ENABLE KEYS */;
UNLOCK TABLES;

--
-- Table structure for table `std_device`
--

DROP TABLE IF EXISTS `std_device`;
/*!40101 SET @saved_cs_client     = @@character_set_client */;
/*!50503 SET character_set_client = utf8mb4 */;
CREATE TABLE `std_device` (
  `id` bigint NOT NULL AUTO_INCREMENT COMMENT '手机设备',
  `user_id` bigint DEFAULT '0' COMMENT '用户编号-&gt;std_user.id',
  `status` bigint DEFAULT '0' COMMENT '状态',
  `updated_at` datetime DEFAULT NULL COMMENT '更新时间',
  `created_at` datetime DEFAULT NULL COMMENT '建创时间',
  `uuid` varchar(128) DEFAULT NULL COMMENT '设备硬件编号',
  `name` varchar(128) DEFAULT NULL COMMENT '设备别名',
  `rate` bigint DEFAULT NULL COMMENT '接单频率',
  `desc` varchar(255) DEFAULT NULL COMMENT '描述',
  PRIMARY KEY (`id`)
) ENGINE=InnoDB AUTO_INCREMENT=2 DEFAULT CHARSET=utf8mb4 COLLATE=utf8mb4_0900_ai_ci;
/*!40101 SET character_set_client = @saved_cs_client */;

--
-- Dumping data for table `std_device`
--

LOCK TABLES `std_device` WRITE;
/*!40000 ALTER TABLE `std_device` DISABLE KEYS */;
/*!40000 ALTER TABLE `std_device` ENABLE KEYS */;
UNLOCK TABLES;

--
-- Table structure for table `std_member`
--

DROP TABLE IF EXISTS `std_member`;
/*!40101 SET @saved_cs_client     = @@character_set_client */;
/*!50503 SET character_set_client = utf8mb4 */;
CREATE TABLE `std_member` (
  `id` bigint NOT NULL AUTO_INCREMENT COMMENT 'id',
  `name` varchar(128) DEFAULT NULL COMMENT '商户名',
  `status` bigint DEFAULT NULL COMMENT '状态',
  `user_id` bigint DEFAULT NULL COMMENT '用户归属-&gt;std_user.id',
  `secret` varchar(255) DEFAULT NULL COMMENT '商户密钥',
  `whitelist` varchar(5018) DEFAULT NULL,
  `updated_at` datetime DEFAULT NULL COMMENT '更新时间',
  `created_at` datetime DEFAULT NULL COMMENT '创建时间',
  `desc` varchar(255) DEFAULT NULL COMMENT '描述',
  `refer_id` bigint DEFAULT NULL COMMENT '代理编号-&gt;std_user.id',
  `auth_ip` bigint DEFAULT '0',
  `channel_in` bigint DEFAULT '0',
  `channel_mod` bigint DEFAULT '0',
  `channel_out` bigint DEFAULT '0',
  `ks` varchar(1024) DEFAULT NULL,
  PRIMARY KEY (`id`)
) ENGINE=InnoDB AUTO_INCREMENT=39 DEFAULT CHARSET=utf8mb4 COLLATE=utf8mb4_0900_ai_ci;
/*!40101 SET character_set_client = @saved_cs_client */;

--
-- Dumping data for table `std_member`
--

LOCK TABLES `std_member` WRITE;
/*!40000 ALTER TABLE `std_member` DISABLE KEYS */;
INSERT INTO `std_member` VALUES (1,'测试商户',1,20,'b983cb5c-6c00-4f18-873f-e328fbda724c','192.168.3.6','2022-03-09 11:30:13','2021-03-27 09:29:16',NULL,0,2,10002,1,10001,'[74,75,76,85]'),(30,NULL,1,123,'501da9a3-21bc-4c8f-b611-f3eeb81e6631',NULL,'2022-11-24 17:12:53','2022-11-24 17:12:53',NULL,0,2,NULL,1,NULL,NULL),(31,NULL,1,130,'950b3dad-c48e-4d28-9639-327b484474f8',NULL,'2022-12-12 11:27:06','2022-12-12 11:27:06',NULL,0,2,NULL,1,NULL,NULL),(32,'',1,133,'d12a7106-3457-4398-86f6-547a3276ef4d','61.216.33.85，116.93.37.13，210.66.176.23，103.202.218.249','2023-01-12 14:57:26','2022-12-21 13:22:27',NULL,0,2,0,1,0,NULL),(34,NULL,1,136,'c239d0f1-1521-432b-89a3-7f0570829444',NULL,'2022-12-25 15:09:48','2022-12-25 15:09:48',NULL,0,2,0,1,NULL,NULL),(35,NULL,1,137,'2cdb7ca7-e963-43c5-bebc-d97c2fd5d627',NULL,'2022-12-27 11:28:56','2022-12-27 11:28:56',NULL,0,2,NULL,1,NULL,NULL),(37,'',1,141,'9b7caf91-fccf-4024-b310-c5b9e18495dc','3.114.117.51，18.167.124.211，3.114.99.75','2022-12-29 15:21:59','2022-12-27 18:41:07',NULL,0,2,0,1,0,NULL),(38,NULL,1,146,'02b83bac-f6bb-47de-89a0-710ecda3ac23',NULL,'2023-01-12 01:10:09','2023-01-12 01:10:09',NULL,0,2,NULL,1,NULL,NULL);
/*!40000 ALTER TABLE `std_member` ENABLE KEYS */;
UNLOCK TABLES;

--
-- Table structure for table `std_mobile`
--

DROP TABLE IF EXISTS `std_mobile`;
/*!40101 SET @saved_cs_client     = @@character_set_client */;
/*!50503 SET character_set_client = utf8mb4 */;
CREATE TABLE `std_mobile` (
  `id` bigint NOT NULL AUTO_INCREMENT COMMENT '编号',
  `channel_id` bigint DEFAULT NULL,
  `type` bigint DEFAULT NULL,
  `status` bigint DEFAULT NULL,
  `amount` decimal(10,2) DEFAULT NULL,
  `mobile` varchar(128) DEFAULT NULL,
  `updated_at` datetime DEFAULT NULL COMMENT '更新时间',
  `created_at` datetime DEFAULT NULL COMMENT '创建时间',
  PRIMARY KEY (`id`)
) ENGINE=InnoDB AUTO_INCREMENT=3 DEFAULT CHARSET=utf8mb4 COLLATE=utf8mb4_0900_ai_ci;
/*!40101 SET character_set_client = @saved_cs_client */;

--
-- Dumping data for table `std_mobile`
--

LOCK TABLES `std_mobile` WRITE;
/*!40000 ALTER TABLE `std_mobile` DISABLE KEYS */;
INSERT INTO `std_mobile` VALUES (1,NULL,NULL,NULL,100.00,'150000','2023-01-11 11:32:51','2023-01-11 11:32:51'),(2,NULL,NULL,NULL,500.00,'150000','2023-01-11 11:32:51','2023-01-11 11:32:51');
/*!40000 ALTER TABLE `std_mobile` ENABLE KEYS */;
UNLOCK TABLES;

--
-- Table structure for table `std_order`
--

DROP TABLE IF EXISTS `std_order`;
/*!40101 SET @saved_cs_client     = @@character_set_client */;
/*!50503 SET character_set_client = utf8mb4 */;
CREATE TABLE `std_order` (
  `id` bigint NOT NULL AUTO_INCREMENT COMMENT '主键',
  `channel_id` bigint DEFAULT '0' COMMENT '通道ID',
  `type` bigint DEFAULT '0' COMMENT '订单类型',
  `status` bigint DEFAULT '0' COMMENT '订单状态',
  `upload` bigint DEFAULT '0' COMMENT '凭证上传',
  `amount` decimal(10,2) DEFAULT '0.00' COMMENT '订单金额',
  `agency` decimal(10,4) DEFAULT '0.0000',
  `fee` decimal(10,2) DEFAULT '0.00' COMMENT '手续费',
  `agent_id` bigint DEFAULT '0' COMMENT '代理编号->std_agent.id',
  `user_id` bigint DEFAULT '0' COMMENT '订单属于用户',
  `out_trade_no` varchar(64) NOT NULL COMMENT '商户订单ID',
  `notify_url` varchar(255) DEFAULT NULL COMMENT '回调地址',
  `updated_at` datetime DEFAULT NULL COMMENT '更新时间',
  `created_at` datetime DEFAULT NULL COMMENT '创建时间',
  `expire_at` datetime DEFAULT NULL COMMENT '过期时间',
  `pay_time` datetime DEFAULT NULL COMMENT '支时间',
  `pay_name` varchar(64) DEFAULT NULL COMMENT '付款人性名',
  `notify_count` bigint DEFAULT '0' COMMENT '回调通知次数',
  `pay_account` varchar(128) DEFAULT NULL COMMENT '付款账号',
  `refund_at` datetime DEFAULT NULL COMMENT '退款时间',
  `desc` varchar(255) DEFAULT NULL COMMENT '备注',
  `receive_name` varchar(64) DEFAULT NULL COMMENT '收款人姓名',
  `receive_account` varchar(64) DEFAULT NULL COMMENT '收款账号',
  `receive_bank` varchar(64) DEFAULT NULL COMMENT '收款银行',
  `client_id` bigint DEFAULT '0' COMMENT '卡商编号->std_user.id',
  `card_id` bigint DEFAULT '0' COMMENT '银行卡编号->std_bank_card.id',
  `item_id` bigint DEFAULT '0',
  `cny` decimal(10,5) DEFAULT '0.00000',
  `hash_id` varchar(512) DEFAULT NULL,
  `ksfee` decimal(10,5) DEFAULT '0.00000',
  `cert` varchar(5048) DEFAULT NULL,
  `client_fee` decimal(10,5) DEFAULT '0.00000',
  `branch` varchar(128) DEFAULT NULL,
  `fixed` decimal(10,5) DEFAULT '0.00000',
  `client_ip` varchar(128) DEFAULT NULL,
  PRIMARY KEY (`id`),
  UNIQUE KEY `out_trade_no` (`out_trade_no`)
) ENGINE=InnoDB AUTO_INCREMENT=6558 DEFAULT CHARSET=utf8mb4 COLLATE=utf8mb4_0900_ai_ci;
/*!40101 SET character_set_client = @saved_cs_client */;

--
-- Dumping data for table `std_order`
--

LOCK TABLES `std_order` WRITE;
/*!40000 ALTER TABLE `std_order` DISABLE KEYS */;
INSERT INTO `std_order` VALUES (6557,1,1,5,0,1.00,0.0000,0.00,0,20,'1000812488','http://www.cccb.com/pub/account/test','2023-01-13 18:46:21','2023-01-13 18:08:06','2023-01-13 19:08:06','2023-01-13 18:46:21',NULL,0,NULL,NULL,'回调成功','gcash','09266144042234234234','中国',131,0,0,0.00000,NULL,0.00000,'[{\"name\":\"cpr014jb1uyidwp5js.png\",\"url\":\"http://localhost:8080/file/cpr014jb1uyidwp5js.png\"}]',0.00000,NULL,1.00000,NULL);
/*!40000 ALTER TABLE `std_order` ENABLE KEYS */;
UNLOCK TABLES;

--
-- Table structure for table `std_recharge`
--

DROP TABLE IF EXISTS `std_recharge`;
/*!40101 SET @saved_cs_client     = @@character_set_client */;
/*!50503 SET character_set_client = utf8mb4 */;
CREATE TABLE `std_recharge` (
  `id` bigint NOT NULL AUTO_INCREMENT COMMENT '编号',
  `user_id` bigint DEFAULT '0' COMMENT '用户编号-&gt;std_user.id',
  `status` bigint DEFAULT '0' COMMENT '状态',
  `upload` varchar(255) DEFAULT NULL COMMENT '凭证地址',
  `bank_id` bigint DEFAULT '0' COMMENT '银行卡编号-&gt;std_bank_card.id',
  `amount` decimal(10,2) DEFAULT '0.00' COMMENT '金额',
  `bill_id` bigint DEFAULT '0' COMMENT '账单编号-&gt;std_biil.id',
  `updated_at` datetime DEFAULT NULL COMMENT '更新时间',
  `created_at` datetime DEFAULT NULL COMMENT '建创时间',
  `auth_id` bigint DEFAULT '0' COMMENT '审核者编号-&gt;std_user.id',
  PRIMARY KEY (`id`)
) ENGINE=InnoDB AUTO_INCREMENT=2 DEFAULT CHARSET=utf8mb4 COLLATE=utf8mb4_0900_ai_ci;
/*!40101 SET character_set_client = @saved_cs_client */;

--
-- Dumping data for table `std_recharge`
--

LOCK TABLES `std_recharge` WRITE;
/*!40000 ALTER TABLE `std_recharge` DISABLE KEYS */;
/*!40000 ALTER TABLE `std_recharge` ENABLE KEYS */;
UNLOCK TABLES;

--
-- Table structure for table `std_spider`
--

DROP TABLE IF EXISTS `std_spider`;
/*!40101 SET @saved_cs_client     = @@character_set_client */;
/*!50503 SET character_set_client = utf8mb4 */;
CREATE TABLE `std_spider` (
  `id` bigint NOT NULL AUTO_INCREMENT COMMENT '编号',
  `type` bigint DEFAULT NULL COMMENT '类型',
  `order_no` varchar(64) DEFAULT NULL COMMENT '订单编号',
  `order_status` varchar(64) DEFAULT NULL COMMENT '订单状态',
  `order_goods` varchar(32) DEFAULT NULL COMMENT '商品名称',
  `order_price` decimal(10,2) DEFAULT NULL COMMENT '商品单价',
  `order_count` bigint DEFAULT NULL COMMENT '商品数量',
  `order_amount` decimal(10,2) DEFAULT NULL COMMENT '订单总价',
  `order_info_area` varchar(32) DEFAULT NULL COMMENT '所在区/服',
  `order_info_accno` varchar(32) DEFAULT NULL COMMENT '账号',
  `order_info_remark` varchar(32) DEFAULT NULL COMMENT '备注',
  `order_reamrk` varchar(32) DEFAULT NULL COMMENT '订单备注',
  `order_create_time` datetime DEFAULT NULL COMMENT '创建时间',
  `order_pay_time` datetime DEFAULT NULL COMMENT '支付时间',
  `order_finish_time` datetime DEFAULT NULL COMMENT '发货时间',
  `updated_at` datetime DEFAULT NULL COMMENT '更新时间',
  `created_at` datetime DEFAULT NULL COMMENT '建创时间',
  PRIMARY KEY (`id`)
) ENGINE=InnoDB DEFAULT CHARSET=utf8mb4 COLLATE=utf8mb4_0900_ai_ci;
/*!40101 SET character_set_client = @saved_cs_client */;

--
-- Dumping data for table `std_spider`
--

LOCK TABLES `std_spider` WRITE;
/*!40000 ALTER TABLE `std_spider` DISABLE KEYS */;
/*!40000 ALTER TABLE `std_spider` ENABLE KEYS */;
UNLOCK TABLES;

--
-- Table structure for table `std_system_log`
--

DROP TABLE IF EXISTS `std_system_log`;
/*!40101 SET @saved_cs_client     = @@character_set_client */;
/*!50503 SET character_set_client = utf8mb4 */;
CREATE TABLE `std_system_log` (
  `id` bigint NOT NULL AUTO_INCREMENT COMMENT '编号',
  `type` bigint DEFAULT NULL COMMENT '类型',
  `user_id` bigint DEFAULT NULL COMMENT '用户编号-&gt;std_user.id',
  `refer_id` varchar(64) DEFAULT NULL COMMENT '引用id',
  `client_ip` varchar(32) DEFAULT NULL COMMENT '操作IP',
  `updated_at` datetime DEFAULT NULL COMMENT '更新时间',
  `created_at` datetime DEFAULT NULL COMMENT '建创时间',
  `title` varchar(255) DEFAULT NULL COMMENT '标题',
  `desc` varchar(255) DEFAULT NULL COMMENT '描述',
  PRIMARY KEY (`id`)
) ENGINE=InnoDB AUTO_INCREMENT=2338 DEFAULT CHARSET=utf8mb4 COLLATE=utf8mb4_0900_ai_ci;
/*!40101 SET character_set_client = @saved_cs_client */;

--
-- Dumping data for table `std_system_log`
--

LOCK TABLES `std_system_log` WRITE;
/*!40000 ALTER TABLE `std_system_log` DISABLE KEYS */;
INSERT INTO `std_system_log` VALUES (320,NULL,120,'5818056959386','49.237.42.91','2022-11-18 22:21:10','2022-11-18 22:21:10','订单回调','人工操作'),(321,NULL,120,'95294483248025','49.237.42.91','2022-11-18 22:21:13','2022-11-18 22:21:13','订单回调','人工操作'),(322,NULL,120,'25144301292759','49.237.42.91','2022-11-18 22:21:16','2022-11-18 22:21:16','订单回调','人工操作'),(323,NULL,120,'40207921357958','49.237.42.91','2022-11-18 22:21:19','2022-11-18 22:21:19','订单回调','人工操作'),(324,NULL,120,'40716160220473','49.237.42.91','2022-11-18 22:22:04','2022-11-18 22:22:04','订单回调','人工操作'),(325,NULL,121,'277618775666','49.237.36.101','2022-11-21 15:14:51','2022-11-21 15:14:51','订单回调','人工操作'),(326,NULL,121,'53924252935882','49.237.36.101','2022-11-21 15:14:53','2022-11-21 15:14:53','订单回调','人工操作'),(327,NULL,121,'88333761225922','49.237.36.101','2022-11-21 15:14:55','2022-11-21 15:14:55','订单回调','人工操作'),(328,NULL,121,'75091603420296','49.237.36.101','2022-11-21 15:14:57','2022-11-21 15:14:57','订单回调','人工操作'),(329,NULL,121,'39697835496063','49.237.34.186','2022-11-21 20:34:05','2022-11-21 20:34:05','订单回调','人工操作'),(330,NULL,121,'78194647860827','49.237.34.186','2022-11-21 20:34:09','2022-11-21 20:34:09','订单回调','人工操作'),(331,NULL,121,'74674401448627','49.237.34.186','2022-11-21 20:39:10','2022-11-21 20:39:10','订单回调','人工操作'),(332,NULL,121,'8429271378352','49.237.34.186','2022-11-21 20:45:44','2022-11-21 20:45:44','订单回调','人工操作'),(333,NULL,121,'83536809356637','49.237.34.186','2022-11-21 20:45:54','2022-11-21 20:45:54','订单回调','人工操作'),(334,NULL,122,'15906630576696','203.91.85.36','2022-11-22 16:12:31','2022-11-22 16:12:31','订单回调','人工操作'),(335,NULL,122,'40358447423273','203.91.85.36','2022-11-22 16:12:37','2022-11-22 16:12:37','订单回调','人工操作'),(336,NULL,122,'89380043191623','203.91.85.36','2022-11-22 16:12:39','2022-11-22 16:12:39','订单回调','人工操作'),(337,NULL,122,'29253929448602','203.91.85.36','2022-11-22 16:12:41','2022-11-22 16:12:41','订单回调','人工操作'),(338,NULL,122,'92702719941699','203.91.85.36','2022-11-22 16:12:45','2022-11-22 16:12:45','订单回调','人工操作'),(339,NULL,122,'32565555174416','203.91.85.36','2022-11-22 16:12:47','2022-11-22 16:12:47','订单回调','人工操作'),(340,NULL,103,'28552115969029','1.46.71.20','2022-11-22 16:19:37','2022-11-22 16:19:37','卡商分配','人工操作'),(341,NULL,103,'41645731669282','1.46.71.20','2022-11-22 16:19:56','2022-11-22 16:19:56','卡商分配','人工操作'),(342,NULL,1,'1046563646852825088','49.237.21.200','2022-11-27 23:16:40','2022-11-27 23:16:40','订单回调','人工操作'),(343,NULL,1,'1046563646852825088','49.237.21.200','2022-11-27 23:17:37','2022-11-27 23:17:37','订单回调','人工操作'),(344,NULL,1,'1046574033983766528','49.237.21.200','2022-11-27 23:53:12','2022-11-27 23:53:12','订单回调','人工操作'),(345,NULL,1,'1046574033983766528','49.237.21.200','2022-11-27 23:53:16','2022-11-27 23:53:16','订单回调','人工操作'),(346,NULL,1,'1046574033983766528','49.237.21.200','2022-11-27 23:54:46','2022-11-27 23:54:46','订单驳回','人工操作'),(347,NULL,1,'1046563646852825088','49.237.21.200','2022-11-27 23:56:39','2022-11-27 23:56:39','订单回调','人工操作'),(348,NULL,1,'1046563646852825088','49.237.21.200','2022-11-27 23:56:50','2022-11-27 23:56:50','订单回调','人工操作'),(349,NULL,1,'1046563646852825088','49.237.21.200','2022-11-27 23:57:50','2022-11-27 23:57:50','订单驳回','人工操作'),(350,NULL,1,'76896114218426','49.237.21.200','2022-11-28 01:03:32','2022-11-28 01:03:32','卡商分配','人工操作'),(351,NULL,1,'76896114218426','49.237.21.200','2022-11-28 01:03:36','2022-11-28 01:03:36','订单回调','人工操作'),(352,NULL,122,'1051560551450148864','203.91.85.101','2022-12-11 18:27:08','2022-12-11 18:27:08','订单回调','人工操作'),(353,NULL,122,'1051573183628443648','203.91.85.101','2022-12-11 18:58:15','2022-12-11 18:58:15','订单回调','人工操作'),(354,NULL,122,'1051577498292191232','203.91.85.101','2022-12-11 19:16:24','2022-12-11 19:16:24','订单回调','人工操作'),(355,NULL,122,'1051578867606618112','203.91.85.101','2022-12-11 19:20:29','2022-12-11 19:20:29','订单回调','人工操作'),(356,NULL,121,'1051577861690884096','1.47.150.238','2022-12-11 19:20:46','2022-12-11 19:20:46','订单回调','人工操作'),(357,NULL,122,'1051584205135282176','139.5.108.37','2022-12-11 19:44:57','2022-12-11 19:44:57','订单回调','人工操作'),(358,NULL,121,'1051590542611185664','1.47.150.238','2022-12-11 20:09:09','2022-12-11 20:09:09','订单回调','人工操作'),(359,NULL,1,'90132159673549','1.46.155.161','2022-12-11 21:15:51','2022-12-11 21:15:51','卡商分配','人工操作'),(360,NULL,1,'90132159673549','1.46.155.161','2022-12-11 21:22:13','2022-12-11 21:22:13','订单回调','人工操作'),(361,NULL,121,'1051635376969482240','1.47.150.238','2022-12-11 23:17:45','2022-12-11 23:17:45','订单回调','人工操作'),(362,NULL,1,'1051635376969482240','1.46.155.161','2022-12-11 23:34:42','2022-12-11 23:34:42','订单回调','人工操作'),(363,NULL,122,'1052612562643845120','203.91.85.26','2022-12-14 15:48:52','2022-12-14 15:48:52','订单回调','人工操作'),(364,NULL,122,'1052630181266587648','8.212.48.80','2022-12-14 16:59:45','2022-12-14 16:59:45','订单回调','人工操作'),(365,NULL,1,'1052633876163198976','1.46.145.210','2022-12-14 17:16:01','2022-12-14 17:16:01','订单回调','人工操作'),(366,NULL,1,'1052637002085695488','1.46.145.210','2022-12-14 17:30:09','2022-12-14 17:30:09','订单回调','人工操作'),(367,NULL,1,'1052641366359670784','1.46.145.210','2022-12-14 17:43:27','2022-12-14 17:43:27','订单回调','人工操作'),(368,NULL,122,'1052641022716149760','203.91.85.41','2022-12-14 17:43:35','2022-12-14 17:43:35','订单回调','人工操作'),(369,NULL,1,'1052623724194299904','1.46.145.210','2022-12-14 17:59:03','2022-12-14 17:59:03','订单回调','人工操作'),(370,NULL,122,'1052650359954079744','203.91.85.41','2022-12-14 18:23:06','2022-12-14 18:23:06','订单回调','人工操作'),(371,NULL,122,'1052655729992794112','8.212.48.80','2022-12-14 18:43:14','2022-12-14 18:43:14','订单回调','人工操作'),(372,NULL,122,'1052657134228996096','8.212.48.80','2022-12-14 18:47:13','2022-12-14 18:47:13','订单回调','人工操作'),(373,NULL,122,'1052680520720187392','139.5.108.101','2022-12-14 20:26:05','2022-12-14 20:26:05','订单回调','人工操作'),(374,NULL,1,'1052682630710951936','1.46.145.210','2022-12-14 20:45:36','2022-12-14 20:45:36','订单回调','人工操作'),(375,NULL,1,'1052682262270705664','1.46.145.210','2022-12-14 20:47:16','2022-12-14 20:47:16','订单回调','人工操作'),(376,NULL,1,'1052686943998967808','1.46.145.210','2022-12-14 20:53:47','2022-12-14 20:53:47','订单回调','人工操作'),(377,NULL,1,'1052684921530744832','1.46.145.210','2022-12-14 21:15:45','2022-12-14 21:15:45','订单回调','人工操作'),(378,NULL,1,'79084712987345','1.46.145.210','2022-12-14 21:19:01','2022-12-14 21:19:01','卡商分配','人工操作'),(379,NULL,1,'79084712987345','1.46.145.210','2022-12-14 21:19:25','2022-12-14 21:19:25','订单回调','人工操作'),(380,NULL,1,'1052724536480366592','1.46.145.210','2022-12-14 23:30:48','2022-12-14 23:30:48','订单回调','人工操作'),(381,NULL,1,'1052729958343901184','1.46.145.210','2022-12-14 23:39:21','2022-12-14 23:39:21','订单回调','人工操作'),(382,NULL,1,'1052730184387526656','1.46.145.210','2022-12-14 23:40:50','2022-12-14 23:40:50','订单回调','人工操作'),(383,NULL,1,'1052730866838536192','1.46.145.210','2022-12-14 23:42:17','2022-12-14 23:42:17','订单回调','人工操作'),(384,NULL,1,'1052739209300803584','1.46.145.210','2022-12-15 00:17:58','2022-12-15 00:17:58','订单回调','人工操作'),(385,NULL,1,'1052738869352464384','1.46.145.210','2022-12-15 00:21:17','2022-12-15 00:21:17','订单回调','人工操作'),(386,NULL,1,'1052739002446118912','1.46.145.210','2022-12-15 00:22:58','2022-12-15 00:22:58','订单回调','人工操作'),(387,NULL,1,'1052742020507893760','1.46.145.210','2022-12-15 00:29:06','2022-12-15 00:29:06','订单回调','人工操作'),(388,NULL,1,'1052744289534083072','1.46.145.210','2022-12-15 00:32:23','2022-12-15 00:32:23','订单回调','人工操作'),(389,NULL,121,'1052747404979208192','1.46.145.210','2022-12-15 00:50:17','2022-12-15 00:50:17','订单回调','人工操作'),(390,NULL,121,'1052750602079043584','1.46.145.210','2022-12-15 00:57:19','2022-12-15 00:57:19','订单回调','人工操作'),(391,NULL,121,'1052750659801055232','1.46.145.210','2022-12-15 00:58:22','2022-12-15 00:58:22','订单回调','人工操作'),(392,NULL,1,'1621314453188','1.46.145.210','2022-12-15 01:02:59','2022-12-15 01:02:59','卡商分配','人工操作'),(393,NULL,121,'1052754294664593408','1.46.145.210','2022-12-15 01:11:15','2022-12-15 01:11:15','订单回调','人工操作'),(394,NULL,121,'1052755218841731072','1.46.145.210','2022-12-15 01:16:49','2022-12-15 01:16:49','订单回调','人工操作'),(395,NULL,1,'1621314453188','1.46.145.210','2022-12-15 01:40:47','2022-12-15 01:40:47','订单回调','人工操作'),(396,NULL,121,'1052761464244273152','1.46.145.210','2022-12-15 01:44:09','2022-12-15 01:44:09','订单回调','人工操作'),(397,NULL,121,'1052764803002531840','1.46.145.210','2022-12-15 01:53:08','2022-12-15 01:53:08','订单回调','人工操作'),(398,NULL,121,'1052769400572084224','1.46.145.210','2022-12-15 02:13:53','2022-12-15 02:13:53','订单回调','人工操作'),(399,NULL,121,'1052769509045174272','1.46.145.210','2022-12-15 02:14:45','2022-12-15 02:14:45','订单回调','人工操作'),(400,NULL,121,'1052767452049440768','1.46.145.210','2022-12-15 02:28:40','2022-12-15 02:28:40','订单回调','人工操作'),(401,NULL,121,'1052771079895908352','1.46.145.210','2022-12-15 02:29:55','2022-12-15 02:29:55','订单回调','人工操作'),(402,NULL,121,'1052775488558202880','1.46.145.210','2022-12-15 02:35:12','2022-12-15 02:35:12','订单回调','人工操作'),(403,NULL,121,'1052776173764870144','1.46.145.210','2022-12-15 02:40:18','2022-12-15 02:40:18','订单回调','人工操作'),(404,NULL,121,'1052777083672985600','1.46.145.210','2022-12-15 02:41:30','2022-12-15 02:41:30','订单回调','人工操作'),(405,NULL,121,'1052777367572840448','1.46.145.210','2022-12-15 02:44:06','2022-12-15 02:44:06','订单回调','人工操作'),(406,NULL,121,'1052779756283494400','1.46.145.210','2022-12-15 02:57:12','2022-12-15 02:57:12','订单回调','人工操作'),(407,NULL,121,'1052781236293992448','1.46.145.210','2022-12-15 02:58:46','2022-12-15 02:58:46','订单回调','人工操作'),(408,NULL,1,'77850381276241','1.46.145.210','2022-12-15 03:01:25','2022-12-15 03:01:25','卡商分配','人工操作'),(409,NULL,121,'1052780606133370880','1.46.145.210','2022-12-15 03:03:02','2022-12-15 03:03:02','订单回调','人工操作'),(410,NULL,1,'77850381276241','1.46.145.210','2022-12-15 03:27:13','2022-12-15 03:27:13','订单驳回','人工操作'),(411,NULL,1,'26915608629400','1.47.137.146','2022-12-15 11:40:09','2022-12-15 11:40:09','卡商分配','人工操作'),(412,NULL,1,'26915608629400','1.47.137.146','2022-12-15 11:40:32','2022-12-15 11:40:32','订单回调','人工操作'),(413,NULL,1,'18541631455238','1.47.137.146','2022-12-15 11:53:19','2022-12-15 11:53:19','卡商分配','人工操作'),(414,NULL,1,'18541631455238','1.47.137.146','2022-12-15 11:54:07','2022-12-15 11:54:07','订单回调','人工操作'),(415,NULL,121,'1052922187532468224','1.47.157.98','2022-12-15 12:19:35','2022-12-15 12:19:35','订单回调','人工操作'),(416,NULL,121,'1052921626833715200','1.47.157.98','2022-12-15 12:20:33','2022-12-15 12:20:33','订单回调','人工操作'),(417,NULL,1,'20026830064907','1.47.157.98','2022-12-15 12:29:18','2022-12-15 12:29:18','卡商分配','人工操作'),(418,NULL,1,'20026830064907','1.47.157.98','2022-12-15 12:36:46','2022-12-15 12:36:46','订单驳回','人工操作'),(419,NULL,1,'53168831752178','1.47.157.98','2022-12-15 12:40:03','2022-12-15 12:40:03','卡商分配','人工操作'),(420,NULL,1,'53168831752178','1.47.157.98','2022-12-15 12:53:32','2022-12-15 12:53:32','订单回调','人工操作'),(421,NULL,121,'1052929255198949376','1.47.157.98','2022-12-15 12:55:53','2022-12-15 12:55:53','订单回调','人工操作'),(422,NULL,122,'1052936096456900608','8.212.6.240','2022-12-15 13:15:39','2022-12-15 13:15:39','订单回调','人工操作'),(423,NULL,122,'1052936328997502976','8.212.6.240','2022-12-15 13:16:35','2022-12-15 13:16:35','订单回调','人工操作'),(424,NULL,122,'1052936911502442496','8.212.6.240','2022-12-15 13:16:59','2022-12-15 13:16:59','订单回调','人工操作'),(425,NULL,121,'1052938032870588416','1.47.157.98','2022-12-15 13:24:01','2022-12-15 13:24:01','订单回调','人工操作'),(426,NULL,122,'1052937821733519360','8.212.6.240','2022-12-15 13:25:06','2022-12-15 13:25:06','订单回调','人工操作'),(427,NULL,122,'1052939121330225152','8.212.41.71','2022-12-15 13:26:16','2022-12-15 13:26:16','订单回调','人工操作'),(428,NULL,121,'1052939219099451392','1.47.157.98','2022-12-15 13:28:15','2022-12-15 13:28:15','订单回调','人工操作'),(429,NULL,122,'1052940884749844480','8.212.41.71','2022-12-15 13:35:54','2022-12-15 13:35:54','订单回调','人工操作'),(430,NULL,1,'35017840283039','1.47.157.98','2022-12-15 13:36:51','2022-12-15 13:36:51','卡商分配','人工操作'),(431,NULL,1,'35017840283039','1.47.157.98','2022-12-15 13:37:42','2022-12-15 13:37:42','订单回调','人工操作'),(432,NULL,121,'1052940588443238400','1.47.157.98','2022-12-15 13:39:45','2022-12-15 13:39:45','订单回调','人工操作'),(433,NULL,121,'1052942247286276096','1.47.157.98','2022-12-15 13:43:28','2022-12-15 13:43:28','订单回调','人工操作'),(434,NULL,122,'1052943152815538176','8.212.41.71','2022-12-15 13:44:58','2022-12-15 13:44:58','订单回调','人工操作'),(435,NULL,121,'1052944015206383616','1.47.157.98','2022-12-15 13:45:05','2022-12-15 13:45:05','订单回调','人工操作'),(436,NULL,122,'1052954076418932736','203.91.85.111','2022-12-15 14:26:07','2022-12-15 14:26:07','订单回调','人工操作'),(437,NULL,121,'1052954189904216064','1.47.157.98','2022-12-15 14:26:19','2022-12-15 14:26:19','订单回调','人工操作'),(438,NULL,1,'96136250267587','1.47.137.146','2022-12-15 14:27:58','2022-12-15 14:27:58','卡商分配','人工操作'),(439,NULL,1,'18110332421009','1.47.137.146','2022-12-15 14:28:00','2022-12-15 14:28:00','卡商分配','人工操作'),(440,NULL,1,'96136250267587','1.47.137.146','2022-12-15 14:28:23','2022-12-15 14:28:23','订单回调','人工操作'),(441,NULL,1,'18110332421009','1.47.137.146','2022-12-15 14:33:57','2022-12-15 14:33:57','订单回调','人工操作'),(442,NULL,122,'1052956570213679104','203.91.85.111','2022-12-15 14:36:40','2022-12-15 14:36:40','订单回调','人工操作'),(443,NULL,121,'1052957549680132096','1.47.157.98','2022-12-15 14:40:33','2022-12-15 14:40:33','订单回调','人工操作'),(444,NULL,122,'1052957782300426240','203.91.85.111','2022-12-15 14:42:06','2022-12-15 14:42:06','订单回调','人工操作'),(445,NULL,121,'1052957894061850624','1.47.157.98','2022-12-15 14:42:50','2022-12-15 14:42:50','订单回调','人工操作'),(446,NULL,122,'1052960014777450496','203.91.85.111','2022-12-15 14:50:54','2022-12-15 14:50:54','订单回调','人工操作'),(447,NULL,121,'1052961991435485184','1.47.157.98','2022-12-15 14:56:51','2022-12-15 14:56:51','订单回调','人工操作'),(448,NULL,122,'1052964295492501504','203.91.85.111','2022-12-15 15:06:09','2022-12-15 15:06:09','订单回调','人工操作'),(449,NULL,1,'99935230033693','1.47.137.146','2022-12-15 15:06:50','2022-12-15 15:06:50','卡商分配','人工操作'),(450,NULL,1,'99935230033693','1.47.137.146','2022-12-15 15:10:39','2022-12-15 15:10:39','订单回调','人工操作'),(451,NULL,122,'1052966315553193984','203.91.85.111','2022-12-15 15:14:08','2022-12-15 15:14:08','订单回调','人工操作'),(452,NULL,121,'1052967463362232320','1.47.157.98','2022-12-15 15:19:15','2022-12-15 15:19:15','订单回调','人工操作'),(453,NULL,121,'1052970254726070272','1.47.157.98','2022-12-15 15:31:38','2022-12-15 15:31:38','订单回调','人工操作'),(454,NULL,121,'1052971555945971712','1.47.157.98','2022-12-15 15:37:47','2022-12-15 15:37:47','订单回调','人工操作'),(455,NULL,122,'1052971513113739264','8.212.48.154','2022-12-15 15:37:49','2022-12-15 15:37:49','订单回调','人工操作'),(456,NULL,122,'1052976350312267776','8.212.48.154','2022-12-15 15:54:49','2022-12-15 15:54:49','订单回调','人工操作'),(457,NULL,1,'34658057092264','1.47.137.146','2022-12-15 16:00:36','2022-12-15 16:00:36','卡商分配','人工操作'),(458,NULL,1,'77230222330014','1.47.137.146','2022-12-15 16:00:38','2022-12-15 16:00:38','卡商分配','人工操作'),(459,NULL,122,'1052980468170883072','8.212.48.154','2022-12-15 16:10:49','2022-12-15 16:10:49','订单回调','人工操作'),(460,NULL,1,'1052979553145716736','1.47.157.98','2022-12-15 16:14:04','2022-12-15 16:14:04','订单回调','人工操作'),(461,NULL,121,'1052982027063656448','1.47.157.98','2022-12-15 16:15:54','2022-12-15 16:15:54','订单回调','人工操作'),(462,NULL,1,'77230222330014','1.47.137.146','2022-12-15 16:16:57','2022-12-15 16:16:57','订单回调','人工操作'),(463,NULL,122,'1052984022688333824','8.212.48.154','2022-12-15 16:25:30','2022-12-15 16:25:30','订单回调','人工操作'),(464,NULL,121,'1052983960239341568','1.47.157.98','2022-12-15 16:26:38','2022-12-15 16:26:38','订单回调','人工操作'),(465,NULL,121,'1052985109512192000','1.47.157.98','2022-12-15 16:28:23','2022-12-15 16:28:23','订单回调','人工操作'),(466,NULL,122,'1052985284255285248','139.5.108.165','2022-12-15 16:29:33','2022-12-15 16:29:33','订单回调','人工操作'),(467,NULL,122,'1052985948687564800','139.5.108.165','2022-12-15 16:31:27','2022-12-15 16:31:27','订单回调','人工操作'),(468,NULL,121,'1052986414708293632','1.47.157.98','2022-12-15 16:33:53','2022-12-15 16:33:53','订单回调','人工操作'),(469,NULL,122,'1052986761661120512','139.5.108.165','2022-12-15 16:36:00','2022-12-15 16:36:00','订单回调','人工操作'),(470,NULL,122,'1052987261756375040','139.5.108.165','2022-12-15 16:37:16','2022-12-15 16:37:16','订单回调','人工操作'),(471,NULL,1,'34658057092264','1.47.137.146','2022-12-15 16:38:08','2022-12-15 16:38:08','订单回调','人工操作'),(472,NULL,122,'1052985549377241088','139.5.108.165','2022-12-15 16:44:19','2022-12-15 16:44:19','订单回调','人工操作'),(473,NULL,1,'75281009051295','1.47.137.146','2022-12-15 16:50:40','2022-12-15 16:50:40','卡商分配','人工操作'),(474,NULL,1,'86323311649703','1.47.137.146','2022-12-15 16:50:46','2022-12-15 16:50:46','卡商分配','人工操作'),(475,NULL,1,'86323311649703','1.47.157.98','2022-12-15 16:50:50','2022-12-15 16:50:50','卡商分配','人工操作'),(476,NULL,1,'75281009051295','1.47.137.146','2022-12-15 16:56:38','2022-12-15 16:56:38','订单回调','人工操作'),(477,NULL,1,'86323311649703','1.47.137.146','2022-12-15 16:57:03','2022-12-15 16:57:03','订单回调','人工操作'),(478,NULL,122,'1052993434651983872','203.91.85.31','2022-12-15 17:02:04','2022-12-15 17:02:04','订单回调','人工操作'),(479,NULL,121,'1052994377049178112','1.47.157.98','2022-12-15 17:08:33','2022-12-15 17:08:33','订单回调','人工操作'),(480,NULL,121,'1052997699646783488','1.47.157.98','2022-12-15 17:18:39','2022-12-15 17:18:39','订单回调','人工操作'),(481,NULL,1,'32151422744329','1.47.157.98','2022-12-15 18:04:35','2022-12-15 18:04:35','卡商分配','人工操作'),(482,NULL,1,'58283111786292','1.47.157.98','2022-12-15 18:04:55','2022-12-15 18:04:55','卡商分配','人工操作'),(483,NULL,1,'58283111786292','1.47.157.98','2022-12-15 18:09:42','2022-12-15 18:09:42','订单回调','人工操作'),(484,NULL,1,'32151422744329','1.47.157.98','2022-12-15 18:16:59','2022-12-15 18:16:59','订单回调','人工操作'),(485,NULL,1,'94685534955856','1.47.157.98','2022-12-15 18:24:02','2022-12-15 18:24:02','卡商分配','人工操作'),(486,NULL,122,'1053008497064542208','203.91.85.61','2022-12-15 18:26:14','2022-12-15 18:26:14','订单回调','人工操作'),(487,NULL,1,'94685534955856','1.47.157.98','2022-12-15 18:33:24','2022-12-15 18:33:24','订单回调','人工操作'),(488,NULL,122,'1053015975005257728','203.91.85.61','2022-12-15 18:34:01','2022-12-15 18:34:01','订单回调','人工操作'),(489,NULL,1,'1053018884610719744','1.47.157.98','2022-12-15 18:57:04','2022-12-15 18:57:04','订单回调','人工操作'),(490,NULL,121,'1053020446796021760','1.47.157.98','2022-12-15 19:01:02','2022-12-15 19:01:02','订单回调','人工操作'),(491,NULL,121,'1053026231508795392','1.47.157.98','2022-12-15 19:15:02','2022-12-15 19:15:02','订单回调','人工操作'),(492,NULL,121,'1053026375675412480','1.47.157.98','2022-12-15 19:15:56','2022-12-15 19:15:56','订单回调','人工操作'),(493,NULL,122,'1053026284734513152','203.91.85.6','2022-12-15 19:18:18','2022-12-15 19:18:18','订单回调','人工操作'),(494,NULL,122,'1053027394652209152','203.91.85.6','2022-12-15 19:19:11','2022-12-15 19:19:11','订单回调','人工操作'),(495,NULL,1,'51506274197646','1.47.157.98','2022-12-15 19:19:37','2022-12-15 19:19:37','卡商分配','人工操作'),(496,NULL,121,'1053029143123329024','1.47.157.98','2022-12-15 19:24:34','2022-12-15 19:24:34','订单回调','人工操作'),(497,NULL,121,'1053028862465671168','1.47.157.98','2022-12-15 19:26:53','2022-12-15 19:26:53','订单回调','人工操作'),(498,NULL,1,'51506274197646','1.47.157.98','2022-12-15 19:29:49','2022-12-15 19:29:49','订单回调','人工操作'),(499,NULL,1,'69853958927311','1.47.157.98','2022-12-15 19:35:39','2022-12-15 19:35:39','卡商分配','人工操作'),(500,NULL,121,'1053035683800678400','1.47.157.98','2022-12-15 19:56:39','2022-12-15 19:56:39','订单回调','人工操作'),(501,NULL,122,'1053037419424645120','203.91.85.16','2022-12-15 19:58:40','2022-12-15 19:58:40','订单回调','人工操作'),(502,NULL,1,'69853958927311','1.47.157.98','2022-12-15 19:59:16','2022-12-15 19:59:16','订单回调','人工操作'),(503,NULL,122,'1053039934304157696','203.91.85.16','2022-12-15 20:06:56','2022-12-15 20:06:56','订单回调','人工操作'),(504,NULL,122,'1053042200792793088','203.91.85.16','2022-12-15 20:15:24','2022-12-15 20:15:24','订单回调','人工操作'),(505,NULL,122,'1053045970343821312','203.91.85.16','2022-12-15 20:39:35','2022-12-15 20:39:35','订单回调','人工操作'),(506,NULL,122,'1053048486385156096','203.91.85.16','2022-12-15 20:41:01','2022-12-15 20:41:01','订单回调','人工操作'),(507,NULL,122,'1053048957652959232','203.91.85.16','2022-12-15 20:41:34','2022-12-15 20:41:34','订单回调','人工操作'),(508,NULL,122,'1053048734927028224','203.91.85.16','2022-12-15 20:42:03','2022-12-15 20:42:03','订单回调','人工操作'),(509,NULL,122,'1053046129484103680','203.91.85.16','2022-12-15 20:47:51','2022-12-15 20:47:51','订单回调','人工操作'),(510,NULL,122,'1053050239440650240','203.91.85.16','2022-12-15 20:49:01','2022-12-15 20:49:01','订单回调','人工操作'),(511,NULL,122,'1053056393805824000','103.43.162.161','2022-12-15 21:12:12','2022-12-15 21:12:12','订单回调','人工操作'),(512,NULL,122,'1053056693400764416','103.43.162.161','2022-12-15 21:12:51','2022-12-15 21:12:51','订单回调','人工操作'),(513,NULL,122,'1053058700115181568','103.43.162.161','2022-12-15 21:23:06','2022-12-15 21:23:06','订单回调','人工操作'),(514,NULL,122,'1053065139785302016','103.43.162.161','2022-12-15 21:54:00','2022-12-15 21:54:00','订单回调','人工操作'),(515,NULL,122,'1053065796172906496','103.43.162.161','2022-12-15 21:54:48','2022-12-15 21:54:48','订单回调','人工操作'),(516,NULL,122,'1053067161880231936','103.43.162.161','2022-12-15 21:56:33','2022-12-15 21:56:33','订单回调','人工操作'),(517,NULL,122,'1053068977321803776','139.5.108.37','2022-12-15 22:01:45','2022-12-15 22:01:45','订单回调','人工操作'),(518,NULL,122,'1053070019321135104','139.5.108.37','2022-12-15 22:05:25','2022-12-15 22:05:25','订单回调','人工操作'),(519,NULL,122,'1053070866021089280','139.5.108.37','2022-12-15 22:10:21','2022-12-15 22:10:21','订单回调','人工操作'),(520,NULL,122,'1053070477402046464','139.5.108.37','2022-12-15 22:12:27','2022-12-15 22:12:27','订单回调','人工操作'),(521,NULL,122,'1053071931491745792','139.5.108.37','2022-12-15 22:14:55','2022-12-15 22:14:55','订单回调','人工操作'),(522,NULL,122,'1053074616412536832','139.5.108.37','2022-12-15 22:28:09','2022-12-15 22:28:09','订单回调','人工操作'),(523,NULL,122,'1053075124145618944','139.5.108.37','2022-12-15 22:28:19','2022-12-15 22:28:19','订单回调','人工操作'),(524,NULL,122,'1053075889325080576','139.5.108.37','2022-12-15 22:34:11','2022-12-15 22:34:11','订单回调','人工操作'),(525,NULL,121,'1053260403720585216','1.47.157.98','2022-12-16 10:42:47','2022-12-16 10:42:47','订单回调','人工操作'),(526,NULL,1,'1053267431641841664','1.47.157.98','2022-12-16 11:11:12','2022-12-16 11:11:12','订单回调','人工操作'),(527,NULL,1,'52696065691161','1.47.137.146','2022-12-16 11:13:10','2022-12-16 11:13:10','卡商分配','人工操作'),(528,NULL,1,'52696065691161','1.47.137.146','2022-12-16 11:13:12','2022-12-16 11:13:12','订单回调','人工操作'),(529,NULL,1,'97898213759966','1.47.137.146','2022-12-16 11:13:16','2022-12-16 11:13:16','卡商分配','人工操作'),(530,NULL,1,'97898213759966','1.47.137.146','2022-12-16 11:13:20','2022-12-16 11:13:20','订单回调','人工操作'),(531,NULL,1,'1053270112187973632','1.47.157.98','2022-12-16 11:20:51','2022-12-16 11:20:51','订单回调','人工操作'),(532,NULL,1,'1053269607353155584','1.47.157.98','2022-12-16 11:28:45','2022-12-16 11:28:45','订单回调','人工操作'),(533,NULL,1,'1053272464546594816','1.47.157.98','2022-12-16 11:31:51','2022-12-16 11:31:51','订单回调','人工操作'),(534,NULL,103,'1053274299101609984','1.46.28.147','2022-12-16 11:38:10','2022-12-16 11:38:10','订单回调','人工操作'),(535,NULL,1,'1802443764817','1.47.137.146','2022-12-16 11:46:07','2022-12-16 11:46:07','卡商分配','人工操作'),(536,NULL,1,'1802443764817','1.47.137.146','2022-12-16 11:50:23','2022-12-16 11:50:23','订单回调','人工操作'),(537,NULL,122,'1053283649291550720','47.57.12.48','2022-12-16 12:18:41','2022-12-16 12:18:41','订单回调','人工操作'),(538,NULL,121,'1053284351971688448','1.47.157.98','2022-12-16 12:21:22','2022-12-16 12:21:22','订单回调','人工操作'),(539,NULL,121,'1053286538974068736','1.47.157.98','2022-12-16 12:30:08','2022-12-16 12:30:08','订单回调','人工操作'),(540,NULL,121,'1053287199337873408','1.47.157.98','2022-12-16 12:32:56','2022-12-16 12:32:56','订单回调','人工操作'),(541,NULL,121,'1053288946873663488','1.47.157.98','2022-12-16 12:36:36','2022-12-16 12:36:36','订单回调','人工操作'),(542,NULL,121,'1053289057599094784','1.47.157.98','2022-12-16 12:42:15','2022-12-16 12:42:15','订单回调','人工操作'),(543,NULL,121,'1053290557226352640','1.47.157.98','2022-12-16 12:43:50','2022-12-16 12:43:50','订单回调','人工操作'),(544,NULL,121,'1053291263672975360','1.47.157.98','2022-12-16 12:47:37','2022-12-16 12:47:37','订单回调','人工操作'),(545,NULL,121,'1053293026668969984','1.47.157.98','2022-12-16 12:59:02','2022-12-16 12:59:02','订单回调','人工操作'),(546,NULL,1,'1053276664781340672','1.47.157.98','2022-12-16 13:02:51','2022-12-16 13:02:51','订单回调','人工操作'),(547,NULL,1,'68282110401904','1.47.137.146','2022-12-16 13:12:51','2022-12-16 13:12:51','卡商分配','人工操作'),(548,NULL,1,'93221225120517','1.47.137.146','2022-12-16 13:12:54','2022-12-16 13:12:54','卡商分配','人工操作'),(549,NULL,122,'1053297322898751488','103.43.162.161','2022-12-16 13:19:22','2022-12-16 13:19:22','订单回调','人工操作'),(550,NULL,122,'1053303107984818176','103.43.162.161','2022-12-16 13:34:31','2022-12-16 13:34:31','订单回调','人工操作'),(551,NULL,1,'93221225120517','1.47.137.146','2022-12-16 13:35:28','2022-12-16 13:35:28','订单回调','人工操作'),(552,NULL,1,'68282110401904','1.47.137.146','2022-12-16 13:37:01','2022-12-16 13:37:01','订单驳回','人工操作'),(553,NULL,121,'1053305938322128896','1.47.157.98','2022-12-16 13:44:52','2022-12-16 13:44:52','订单回调','人工操作'),(554,NULL,122,'1053307774697472000','47.57.0.234','2022-12-16 13:52:04','2022-12-16 13:52:04','订单回调','人工操作'),(555,NULL,121,'1053309462393126912','1.47.157.98','2022-12-16 13:57:34','2022-12-16 13:57:34','订单回调','人工操作'),(556,NULL,121,'1053312290071248896','1.47.157.98','2022-12-16 14:08:44','2022-12-16 14:08:44','订单回调','人工操作'),(557,NULL,121,'1053313996418973696','1.47.157.98','2022-12-16 14:15:31','2022-12-16 14:15:31','订单回调','人工操作'),(558,NULL,122,'1053313871718121472','47.57.0.234','2022-12-16 14:16:11','2022-12-16 14:16:11','订单回调','人工操作'),(559,NULL,1,'86234333736865','1.47.137.146','2022-12-16 14:20:10','2022-12-16 14:20:10','卡商分配','人工操作'),(560,NULL,1,'43290052594391','1.47.137.146','2022-12-16 14:20:13','2022-12-16 14:20:13','卡商分配','人工操作'),(561,NULL,1,'86234333736865','1.47.137.146','2022-12-16 14:20:24','2022-12-16 14:20:24','订单回调','人工操作'),(562,NULL,122,'1053318493857906688','103.65.43.101','2022-12-16 14:35:29','2022-12-16 14:35:29','订单回调','人工操作'),(563,NULL,121,'1053319158202105856','1.47.157.98','2022-12-16 14:37:24','2022-12-16 14:37:24','订单回调','人工操作'),(564,NULL,122,'1053320016579002368','103.65.43.101','2022-12-16 14:42:05','2022-12-16 14:42:05','订单回调','人工操作'),(565,NULL,1,'43290052594391','1.47.137.146','2022-12-16 14:53:01','2022-12-16 14:53:01','订单回调','人工操作'),(566,NULL,122,'1053322924355747840','103.65.43.101','2022-12-16 14:53:48','2022-12-16 14:53:48','订单回调','人工操作'),(567,NULL,122,'1053325002096508928','103.65.43.101','2022-12-16 15:00:20','2022-12-16 15:00:20','订单回调','人工操作'),(568,NULL,122,'1053325194485039104','103.65.43.101','2022-12-16 15:01:21','2022-12-16 15:01:21','订单回调','人工操作'),(569,NULL,121,'1053325063379484672','1.47.157.98','2022-12-16 15:02:02','2022-12-16 15:02:02','订单回调','人工操作'),(570,NULL,122,'1053325277318348800','103.65.43.101','2022-12-16 15:02:07','2022-12-16 15:02:07','订单回调','人工操作'),(571,NULL,121,'1053324896710426624','1.47.157.98','2022-12-16 15:02:56','2022-12-16 15:02:56','订单回调','人工操作'),(572,NULL,122,'1053326357108359168','103.65.43.101','2022-12-16 15:03:55','2022-12-16 15:03:55','订单回调','人工操作'),(573,NULL,121,'1053325786397802496','1.47.157.98','2022-12-16 15:05:23','2022-12-16 15:05:23','订单回调','人工操作'),(574,NULL,122,'1053326801905909760','103.65.43.101','2022-12-16 15:05:44','2022-12-16 15:05:44','订单回调','人工操作'),(575,NULL,122,'1053327657854304256','103.65.43.101','2022-12-16 15:09:52','2022-12-16 15:09:52','订单回调','人工操作'),(576,NULL,122,'1053327800422891520','103.65.43.101','2022-12-16 15:10:25','2022-12-16 15:10:25','订单回调','人工操作'),(577,NULL,122,'1053328145278566400','103.65.43.101','2022-12-16 15:11:02','2022-12-16 15:11:02','订单回调','人工操作'),(578,NULL,121,'1053328183891329024','1.47.157.98','2022-12-16 15:14:00','2022-12-16 15:14:00','订单回调','人工操作'),(579,NULL,122,'1053328711509606400','103.65.43.101','2022-12-16 15:15:01','2022-12-16 15:15:01','订单回调','人工操作'),(580,NULL,122,'1053329034324213760','103.65.43.101','2022-12-16 15:15:30','2022-12-16 15:15:30','订单回调','人工操作'),(581,NULL,122,'1053329450516611072','103.65.43.101','2022-12-16 15:16:50','2022-12-16 15:16:50','订单回调','人工操作'),(582,NULL,122,'1053331521655537664','103.65.43.101','2022-12-16 15:25:40','2022-12-16 15:25:40','订单回调','人工操作'),(583,NULL,122,'1053332001525858304','103.65.43.101','2022-12-16 15:26:21','2022-12-16 15:26:21','订单回调','人工操作'),(584,NULL,121,'1053331292323577856','1.47.157.98','2022-12-16 15:27:17','2022-12-16 15:27:17','订单回调','人工操作'),(585,NULL,121,'1053332095176278016','1.47.157.98','2022-12-16 15:29:06','2022-12-16 15:29:06','订单回调','人工操作'),(586,NULL,121,'1053332963728556032','1.47.157.98','2022-12-16 15:30:55','2022-12-16 15:30:55','订单回调','人工操作'),(587,NULL,122,'1053333338204405760','202.43.234.114','2022-12-16 15:32:22','2022-12-16 15:32:22','订单回调','人工操作'),(588,NULL,121,'1053333936760946688','1.47.157.98','2022-12-16 15:37:13','2022-12-16 15:37:13','订单回调','人工操作'),(589,NULL,121,'1053334362440859648','1.47.157.98','2022-12-16 15:39:53','2022-12-16 15:39:53','订单回调','人工操作'),(590,NULL,122,'1053334935684775936','202.43.234.114','2022-12-16 15:40:57','2022-12-16 15:40:57','订单回调','人工操作'),(591,NULL,122,'1053335752785526784','202.43.234.114','2022-12-16 15:43:02','2022-12-16 15:43:02','订单回调','人工操作'),(592,NULL,122,'1053336320547487744','202.43.234.114','2022-12-16 15:43:40','2022-12-16 15:43:40','订单回调','人工操作'),(593,NULL,121,'1053336556330287104','1.47.157.98','2022-12-16 15:46:32','2022-12-16 15:46:32','订单回调','人工操作'),(594,NULL,122,'1053337043427393536','202.43.234.114','2022-12-16 15:46:34','2022-12-16 15:46:34','订单回调','人工操作'),(595,NULL,122,'1053337113224806400','202.43.234.114','2022-12-16 15:47:21','2022-12-16 15:47:21','订单回调','人工操作'),(596,NULL,121,'1053337346029649920','1.47.157.98','2022-12-16 15:49:43','2022-12-16 15:49:43','订单回调','人工操作'),(597,NULL,121,'1053337552573956096','1.47.157.98','2022-12-16 15:50:55','2022-12-16 15:50:55','订单回调','人工操作'),(598,NULL,122,'1053339109679955968','202.43.234.114','2022-12-16 15:54:50','2022-12-16 15:54:50','订单回调','人工操作'),(599,NULL,121,'1053339063081238528','1.47.157.98','2022-12-16 15:56:54','2022-12-16 15:56:54','订单回调','人工操作'),(600,NULL,1,'10608111776754','1.47.157.98','2022-12-16 15:57:46','2022-12-16 15:57:46','卡商分配','人工操作'),(601,NULL,1,'4545805977734','1.47.157.98','2022-12-16 15:57:50','2022-12-16 15:57:50','卡商分配','人工操作'),(602,NULL,121,'1053340268654231552','1.47.157.98','2022-12-16 16:01:06','2022-12-16 16:01:06','订单回调','人工操作'),(603,NULL,121,'1053341029287067648','1.47.157.98','2022-12-16 16:02:42','2022-12-16 16:02:42','订单回调','人工操作'),(604,NULL,1,'10608111776754','1.47.157.98','2022-12-16 16:05:24','2022-12-16 16:05:24','订单回调','人工操作'),(605,NULL,121,'1053341763952967680','1.47.157.98','2022-12-16 16:07:14','2022-12-16 16:07:14','订单回调','人工操作'),(606,NULL,122,'1053342049614430208','202.43.234.114','2022-12-16 16:07:18','2022-12-16 16:07:18','订单回调','人工操作'),(607,NULL,121,'1053342990010941440','1.47.157.98','2022-12-16 16:10:11','2022-12-16 16:10:11','订单回调','人工操作'),(608,NULL,1,'61512802087183','1.47.157.98','2022-12-16 16:12:37','2022-12-16 16:12:37','卡商分配','人工操作'),(609,NULL,1,'79569504578489','1.47.157.98','2022-12-16 16:12:40','2022-12-16 16:12:40','卡商分配','人工操作'),(610,NULL,121,'1053343486838833152','1.47.157.98','2022-12-16 16:15:07','2022-12-16 16:15:07','订单回调','人工操作'),(611,NULL,121,'1053344094677368832','1.47.157.98','2022-12-16 16:15:10','2022-12-16 16:15:10','订单回调','人工操作'),(612,NULL,1,'61512802087183','1.47.157.98','2022-12-16 16:16:26','2022-12-16 16:16:26','订单回调','人工操作'),(613,NULL,1,'79569504578489','1.47.157.98','2022-12-16 16:19:21','2022-12-16 16:19:21','订单回调','人工操作'),(614,NULL,1,'4545805977734','1.47.137.146','2022-12-16 16:21:28','2022-12-16 16:21:28','卡商分配','人工操作'),(615,NULL,122,'1053344348206268416','202.43.234.114','2022-12-16 16:23:47','2022-12-16 16:23:47','订单回调','人工操作'),(616,NULL,122,'1053346310431703040','202.43.234.114','2022-12-16 16:24:35','2022-12-16 16:24:35','订单回调','人工操作'),(617,NULL,122,'1053347500678709248','202.43.234.114','2022-12-16 16:27:57','2022-12-16 16:27:57','订单回调','人工操作'),(618,NULL,122,'1053347845618270208','139.5.108.101','2022-12-16 16:29:56','2022-12-16 16:29:56','订单回调','人工操作'),(619,NULL,122,'1053348277648359424','139.5.108.101','2022-12-16 16:32:06','2022-12-16 16:32:06','订单回调','人工操作'),(620,NULL,122,'1053349056534806528','139.5.108.101','2022-12-16 16:35:41','2022-12-16 16:35:41','订单回调','人工操作'),(621,NULL,122,'1053349129993846784','139.5.108.101','2022-12-16 16:37:19','2022-12-16 16:37:19','订单回调','人工操作'),(622,NULL,122,'1053349409326104576','139.5.108.101','2022-12-16 16:38:04','2022-12-16 16:38:04','订单回调','人工操作'),(623,NULL,122,'1053350657286733824','139.5.108.101','2022-12-16 16:44:15','2022-12-16 16:44:15','订单回调','人工操作'),(624,NULL,122,'1053351879989264384','139.5.108.101','2022-12-16 16:46:32','2022-12-16 16:46:32','订单回调','人工操作'),(625,NULL,122,'1053355230902616064','139.5.108.101','2022-12-16 16:58:24','2022-12-16 16:58:24','订单回调','人工操作'),(626,NULL,1,'4545805977734','1.47.137.146','2022-12-16 16:58:58','2022-12-16 16:58:58','订单回调','人工操作'),(627,NULL,1,'70107152344982','1.47.137.146','2022-12-16 16:59:15','2022-12-16 16:59:15','卡商分配','人工操作'),(628,NULL,1,'17913134130063','1.47.137.146','2022-12-16 16:59:18','2022-12-16 16:59:18','卡商分配','人工操作'),(629,NULL,1,'46794043212535','1.47.137.146','2022-12-16 16:59:48','2022-12-16 16:59:48','卡商分配','人工操作'),(630,NULL,1,'85379177688397','1.47.137.146','2022-12-16 16:59:51','2022-12-16 16:59:51','卡商分配','人工操作'),(631,NULL,1,'71758878573559','1.47.137.146','2022-12-16 16:59:53','2022-12-16 16:59:53','卡商分配','人工操作'),(632,NULL,122,'1053356990102765568','139.5.108.101','2022-12-16 17:05:49','2022-12-16 17:05:49','订单回调','人工操作'),(633,NULL,122,'1053357624382193664','139.5.108.101','2022-12-16 17:08:22','2022-12-16 17:08:22','订单回调','人工操作'),(634,NULL,122,'1053358072379998208','139.5.108.101','2022-12-16 17:10:52','2022-12-16 17:10:52','订单回调','人工操作'),(635,NULL,1,'94212423134600','1.47.157.98','2022-12-16 17:29:09','2022-12-16 17:29:09','卡商分配','人工操作'),(636,NULL,1,'85379177688397','1.47.137.146','2022-12-16 17:37:15','2022-12-16 17:37:15','订单回调','人工操作'),(637,NULL,1,'46794043212535','1.47.137.146','2022-12-16 17:37:17','2022-12-16 17:37:17','订单回调','人工操作'),(638,NULL,1,'71758878573559','1.47.137.146','2022-12-16 17:37:20','2022-12-16 17:37:20','订单回调','人工操作'),(639,NULL,1,'70107152344982','1.47.137.146','2022-12-16 17:37:23','2022-12-16 17:37:23','订单回调','人工操作'),(640,NULL,1,'17913134130063','1.47.137.146','2022-12-16 17:37:26','2022-12-16 17:37:26','订单回调','人工操作'),(641,NULL,1,'94212423134600','1.47.137.146','2022-12-16 17:46:07','2022-12-16 17:46:07','订单回调','人工操作'),(642,NULL,121,'1053370168551407616','1.47.157.98','2022-12-16 18:03:00','2022-12-16 18:03:00','订单回调','人工操作'),(643,NULL,121,'1053370273031520256','1.47.157.98','2022-12-16 18:03:18','2022-12-16 18:03:18','订单回调','人工操作'),(644,NULL,121,'1053370431051923456','1.47.157.98','2022-12-16 18:07:34','2022-12-16 18:07:34','订单回调','人工操作'),(645,NULL,121,'1053372340580122624','1.47.157.98','2022-12-16 18:11:31','2022-12-16 18:11:31','订单回调','人工操作'),(646,NULL,1,'63120618508915','1.47.137.146','2022-12-16 19:33:55','2022-12-16 19:33:55','卡商分配','人工操作'),(647,NULL,1,'63120618508915','1.47.137.146','2022-12-16 19:57:56','2022-12-16 19:57:56','订单回调','人工操作'),(648,NULL,121,'1053623076127768576','1.46.3.160','2022-12-17 10:44:04','2022-12-17 10:44:04','订单回调','人工操作'),(649,NULL,121,'1053625107030736896','1.46.3.160','2022-12-17 10:51:30','2022-12-17 10:51:30','订单回调','人工操作'),(650,NULL,121,'1053624986171867136','1.46.3.160','2022-12-17 10:54:57','2022-12-17 10:54:57','订单回调','人工操作'),(651,NULL,121,'1053625358353432576','1.46.3.160','2022-12-17 10:55:29','2022-12-17 10:55:29','订单回调','人工操作'),(652,NULL,1,'70014219944054','1.46.3.160','2022-12-17 11:43:18','2022-12-17 11:43:18','订单驳回','人工操作'),(653,NULL,121,'1053664662547070976','1.46.3.160','2022-12-17 13:31:38','2022-12-17 13:31:38','订单回调','人工操作'),(654,NULL,121,'1053667825186504704','1.46.3.160','2022-12-17 14:04:53','2022-12-17 14:04:53','订单回调','人工操作'),(655,NULL,121,'1053674947886448640','1.46.3.160','2022-12-17 14:09:39','2022-12-17 14:09:39','订单回调','人工操作'),(656,NULL,1,'1053661415610515456','1.46.3.160','2022-12-17 14:15:46','2022-12-17 14:15:46','订单回调','人工操作'),(657,NULL,121,'1053678094893711360','1.46.3.160','2022-12-17 14:23:00','2022-12-17 14:23:00','订单回调','人工操作'),(658,NULL,121,'1053680046159429632','1.46.3.160','2022-12-17 14:31:12','2022-12-17 14:31:12','订单回调','人工操作'),(659,NULL,121,'1053680550776143872','1.46.3.160','2022-12-17 14:32:51','2022-12-17 14:32:51','订单回调','人工操作'),(660,NULL,121,'1053686682471104512','1.46.3.160','2022-12-17 15:02:58','2022-12-17 15:02:58','订单回调','人工操作'),(661,NULL,121,'1053689819995045888','1.46.3.160','2022-12-17 15:10:07','2022-12-17 15:10:07','订单回调','人工操作'),(662,NULL,1,'48659378898597','1.46.3.160','2022-12-17 15:11:15','2022-12-17 15:11:15','订单驳回','人工操作'),(663,NULL,121,'1053691839598559232','1.46.3.160','2022-12-17 15:16:37','2022-12-17 15:16:37','订单回调','人工操作'),(664,NULL,121,'1053692113763434496','1.46.3.160','2022-12-17 15:22:29','2022-12-17 15:22:29','订单回调','人工操作'),(665,NULL,121,'1053694343954563072','1.46.3.160','2022-12-17 15:30:27','2022-12-17 15:30:27','订单回调','人工操作'),(666,NULL,121,'1053697154679308288','1.46.3.160','2022-12-17 15:39:06','2022-12-17 15:39:06','订单回调','人工操作'),(667,NULL,1,'1053701699128000512','1.46.3.160','2022-12-17 15:56:22','2022-12-17 15:56:22','订单回调','人工操作'),(668,NULL,122,'1053709840016211968','202.43.234.99','2022-12-17 16:27:46','2022-12-17 16:27:46','订单回调','人工操作'),(669,NULL,121,'1053709718305898496','1.46.3.160','2022-12-17 16:30:38','2022-12-17 16:30:38','订单回调','人工操作'),(670,NULL,1,'1053710140689088512','1.46.3.160','2022-12-17 16:44:27','2022-12-17 16:44:27','订单回调','人工操作'),(671,NULL,122,'1053717194824744960','47.57.0.234','2022-12-17 16:58:40','2022-12-17 16:58:40','订单回调','人工操作'),(672,NULL,122,'1053717307198537728','47.57.0.234','2022-12-17 16:59:30','2022-12-17 16:59:30','订单回调','人工操作'),(673,NULL,122,'1053721056822427648','47.57.0.234','2022-12-17 17:15:48','2022-12-17 17:15:48','订单回调','人工操作'),(674,NULL,122,'1053723896496259072','47.57.0.234','2022-12-17 17:23:50','2022-12-17 17:23:50','订单回调','人工操作'),(675,NULL,121,'1053726444057788416','1.46.3.160','2022-12-17 17:36:20','2022-12-17 17:36:20','订单回调','人工操作'),(676,NULL,122,'1053721312624640000','47.57.0.234','2022-12-17 17:39:58','2022-12-17 17:39:58','订单回调','人工操作'),(677,NULL,122,'1053731664334684160','103.65.43.101','2022-12-17 17:55:05','2022-12-17 17:55:05','订单回调','人工操作'),(678,NULL,121,'1053732285423026176','1.46.3.160','2022-12-17 17:59:55','2022-12-17 17:59:55','订单回调','人工操作'),(679,NULL,122,'1053734886872973312','103.65.43.101','2022-12-17 18:12:28','2022-12-17 18:12:28','订单回调','人工操作'),(680,NULL,121,'1053737884147777536','1.47.157.98','2022-12-17 18:40:07','2022-12-17 18:40:07','订单回调','人工操作'),(681,NULL,122,'1053743892580532224','103.65.43.101','2022-12-17 18:44:13','2022-12-17 18:44:13','订单回调','人工操作'),(682,NULL,122,'1053746331119517696','139.5.108.101','2022-12-17 18:58:14','2022-12-17 18:58:14','订单回调','人工操作'),(683,NULL,121,'1053746600851013632','1.47.157.98','2022-12-17 18:58:26','2022-12-17 18:58:26','订单回调','人工操作'),(684,NULL,121,'1053748026192953344','1.47.157.98','2022-12-17 19:00:59','2022-12-17 19:00:59','订单回调','人工操作'),(685,NULL,122,'1053748360348958720','139.5.108.101','2022-12-17 19:05:53','2022-12-17 19:05:53','订单回调','人工操作'),(686,NULL,122,'1053749192163328000','139.5.108.101','2022-12-17 19:06:45','2022-12-17 19:06:45','订单回调','人工操作'),(687,NULL,121,'1053755346092294144','1.47.157.98','2022-12-17 19:30:54','2022-12-17 19:30:54','订单回调','人工操作'),(688,NULL,121,'1053754980508368896','1.47.157.98','2022-12-17 19:31:45','2022-12-17 19:31:45','订单回调','人工操作'),(689,NULL,121,'1053755819008458752','1.47.157.98','2022-12-17 19:37:13','2022-12-17 19:37:13','订单回调','人工操作'),(690,NULL,121,'1053765593380945920','1.47.157.98','2022-12-17 20:10:12','2022-12-17 20:10:12','订单回调','人工操作'),(691,NULL,121,'1053766908999892992','1.47.157.98','2022-12-17 20:16:50','2022-12-17 20:16:50','订单回调','人工操作'),(692,NULL,121,'1053767621465341952','1.47.157.98','2022-12-17 20:19:07','2022-12-17 20:19:07','订单回调','人工操作'),(693,NULL,121,'1053767574543663104','1.47.157.98','2022-12-17 20:20:21','2022-12-17 20:20:21','订单回调','人工操作'),(694,NULL,121,'1053767717321965568','1.47.157.98','2022-12-17 20:22:19','2022-12-17 20:22:19','订单回调','人工操作'),(695,NULL,121,'1053768017906761728','1.47.157.98','2022-12-17 20:24:56','2022-12-17 20:24:56','订单回调','人工操作'),(696,NULL,121,'1053769273362612224','1.47.157.98','2022-12-17 20:25:56','2022-12-17 20:25:56','订单回调','人工操作'),(697,NULL,121,'1053779720006533120','1.47.157.98','2022-12-17 21:10:32','2022-12-17 21:10:32','订单回调','人工操作'),(698,NULL,121,'1053781533086711808','1.47.157.98','2022-12-17 21:14:44','2022-12-17 21:14:44','订单回调','人工操作'),(699,NULL,121,'1053784498463834112','1.47.157.98','2022-12-17 21:27:07','2022-12-17 21:27:07','订单回调','人工操作'),(700,NULL,1,'1053770873682526208','1.47.157.98','2022-12-17 21:28:24','2022-12-17 21:28:24','订单回调','人工操作'),(701,NULL,121,'1053782369292517376','1.47.157.98','2022-12-17 21:29:55','2022-12-17 21:29:55','订单回调','人工操作'),(702,NULL,121,'1053788993914667008','1.47.157.98','2022-12-17 21:47:27','2022-12-17 21:47:27','订单回调','人工操作'),(703,NULL,121,'1053790169959759872','1.47.157.98','2022-12-17 21:50:37','2022-12-17 21:50:37','订单回调','人工操作'),(704,NULL,121,'1053793608194326528','1.47.157.98','2022-12-17 22:01:37','2022-12-17 22:01:37','订单回调','人工操作'),(705,NULL,121,'1053795889673404416','1.47.157.98','2022-12-17 22:13:43','2022-12-17 22:13:43','订单回调','人工操作'),(706,NULL,121,'1053799965928718336','1.47.157.98','2022-12-17 22:26:35','2022-12-17 22:26:35','订单回调','人工操作'),(707,NULL,121,'1053984727494557696','1.47.157.98','2022-12-18 10:46:11','2022-12-18 10:46:11','订单回调','人工操作'),(708,NULL,121,'1053984609231962112','1.47.157.98','2022-12-18 10:46:53','2022-12-18 10:46:53','订单回调','人工操作'),(709,NULL,121,'1053987296363151360','1.47.157.98','2022-12-18 10:52:56','2022-12-18 10:52:56','订单回调','人工操作'),(710,NULL,121,'1053988820019576832','1.47.157.98','2022-12-18 11:10:54','2022-12-18 11:10:54','订单回调','人工操作'),(711,NULL,121,'1053988907907022848','1.47.157.98','2022-12-18 11:12:41','2022-12-18 11:12:41','订单回调','人工操作'),(712,NULL,121,'1053990691379609600','1.47.157.98','2022-12-18 11:17:22','2022-12-18 11:17:22','订单回调','人工操作'),(713,NULL,121,'1053991889969086464','1.47.157.98','2022-12-18 11:18:32','2022-12-18 11:18:32','订单回调','人工操作'),(714,NULL,121,'1053994157644709888','1.47.157.98','2022-12-18 11:27:10','2022-12-18 11:27:10','订单回调','人工操作'),(715,NULL,121,'1053996212614594560','1.47.157.98','2022-12-18 11:32:36','2022-12-18 11:32:36','订单回调','人工操作'),(716,NULL,121,'1053995557011324928','1.47.157.98','2022-12-18 11:33:47','2022-12-18 11:33:47','订单回调','人工操作'),(717,NULL,121,'1053996387265413120','1.47.157.98','2022-12-18 11:34:50','2022-12-18 11:34:50','订单回调','人工操作'),(718,NULL,121,'1053997752263901184','1.47.157.98','2022-12-18 11:41:44','2022-12-18 11:41:44','订单回调','人工操作'),(719,NULL,121,'1053998644404944896','1.47.157.98','2022-12-18 11:43:06','2022-12-18 11:43:06','订单回调','人工操作'),(720,NULL,121,'1054002287325741056','1.47.157.98','2022-12-18 11:54:29','2022-12-18 11:54:29','订单回调','人工操作'),(721,NULL,1,'51035340790250','1.47.157.98','2022-12-18 12:02:01','2022-12-18 12:02:01','订单驳回','人工操作'),(722,NULL,121,'1054006229677899776','1.47.157.98','2022-12-18 12:08:04','2022-12-18 12:08:04','订单回调','人工操作'),(723,NULL,121,'1054006022663831552','1.47.157.98','2022-12-18 12:09:58','2022-12-18 12:09:58','订单回调','人工操作'),(724,NULL,121,'1054008944101425152','1.47.157.98','2022-12-18 12:17:12','2022-12-18 12:17:12','订单回调','人工操作'),(725,NULL,121,'1054009905301684224','1.47.157.98','2022-12-18 12:20:43','2022-12-18 12:20:43','订单回调','人工操作'),(726,NULL,121,'1054011526035275776','1.47.157.98','2022-12-18 12:27:34','2022-12-18 12:27:34','订单回调','人工操作'),(727,NULL,121,'1054011776166789120','1.47.157.98','2022-12-18 12:28:31','2022-12-18 12:28:31','订单回调','人工操作'),(728,NULL,121,'1054012667829682176','1.47.157.98','2022-12-18 12:34:26','2022-12-18 12:34:26','订单回调','人工操作'),(729,NULL,121,'1054013892528701440','1.47.157.98','2022-12-18 12:38:29','2022-12-18 12:38:29','订单回调','人工操作'),(730,NULL,121,'1054015403551883264','1.47.157.98','2022-12-18 12:45:20','2022-12-18 12:45:20','订单回调','人工操作'),(731,NULL,121,'1054016167082983424','1.47.157.98','2022-12-18 12:48:49','2022-12-18 12:48:49','订单回调','人工操作'),(732,NULL,121,'1054017708401623040','1.47.157.98','2022-12-18 12:51:02','2022-12-18 12:51:02','订单回调','人工操作'),(733,NULL,121,'1054018190784331776','1.47.157.98','2022-12-18 12:56:01','2022-12-18 12:56:01','订单回调','人工操作'),(734,NULL,121,'1054019974500188160','1.47.157.98','2022-12-18 13:09:11','2022-12-18 13:09:11','订单回调','人工操作'),(735,NULL,1,'1054013599103582208','1.47.157.98','2022-12-18 13:13:38','2022-12-18 13:13:38','订单回调','人工操作'),(736,NULL,121,'1054025088396951552','1.47.157.98','2022-12-18 13:23:11','2022-12-18 13:23:11','订单回调','人工操作'),(737,NULL,121,'1054025773381320704','1.47.157.98','2022-12-18 13:29:59','2022-12-18 13:29:59','订单回调','人工操作'),(738,NULL,121,'1054027152447504384','1.47.157.98','2022-12-18 13:31:12','2022-12-18 13:31:12','订单回调','人工操作'),(739,NULL,121,'1054027580144877568','1.47.157.98','2022-12-18 13:32:47','2022-12-18 13:32:47','订单回调','人工操作'),(740,NULL,121,'1054028351502548992','1.47.157.98','2022-12-18 13:34:48','2022-12-18 13:34:48','订单回调','人工操作'),(741,NULL,121,'1054031009009369088','1.47.157.98','2022-12-18 13:47:53','2022-12-18 13:47:53','订单回调','人工操作'),(742,NULL,121,'1054034390977347584','1.47.157.98','2022-12-18 14:01:27','2022-12-18 14:01:27','订单回调','人工操作'),(743,NULL,121,'1054036880791699456','1.47.157.98','2022-12-18 14:10:52','2022-12-18 14:10:52','订单回调','人工操作'),(744,NULL,121,'1054039140502339584','1.47.157.98','2022-12-18 14:22:09','2022-12-18 14:22:09','订单回调','人工操作'),(745,NULL,121,'1054040798435213312','1.47.157.98','2022-12-18 14:25:43','2022-12-18 14:25:43','订单回调','人工操作'),(746,NULL,121,'1054042877312630784','1.47.157.98','2022-12-18 14:32:58','2022-12-18 14:32:58','订单回调','人工操作'),(747,NULL,121,'1054050410039345152','1.47.157.98','2022-12-18 15:04:31','2022-12-18 15:04:31','订单回调','人工操作'),(748,NULL,121,'1054051050945773568','1.47.157.98','2022-12-18 15:06:42','2022-12-18 15:06:42','订单回调','人工操作'),(749,NULL,122,'1054074733554827264','139.5.108.160','2022-12-18 16:39:20','2022-12-18 16:39:20','订单回调','人工操作'),(750,NULL,122,'1054074907991736320','139.5.108.160','2022-12-18 16:40:14','2022-12-18 16:40:14','订单回调','人工操作'),(751,NULL,122,'1054075451070218240','139.5.108.160','2022-12-18 16:41:35','2022-12-18 16:41:35','订单回调','人工操作'),(752,NULL,122,'1054076536639979520','139.5.108.160','2022-12-18 16:46:05','2022-12-18 16:46:05','订单回调','人工操作'),(753,NULL,122,'1054077382740148224','139.5.108.160','2022-12-18 16:48:54','2022-12-18 16:48:54','订单回调','人工操作'),(754,NULL,122,'1054077804762628096','139.5.108.160','2022-12-18 16:52:39','2022-12-18 16:52:39','订单回调','人工操作'),(755,NULL,122,'1054078063450521600','139.5.108.160','2022-12-18 16:53:30','2022-12-18 16:53:30','订单回调','人工操作'),(756,NULL,122,'1054078274671476736','139.5.108.160','2022-12-18 16:54:23','2022-12-18 16:54:23','订单回调','人工操作'),(757,NULL,122,'1054078364513468416','139.5.108.160','2022-12-18 16:55:55','2022-12-18 16:55:55','订单回调','人工操作'),(758,NULL,122,'1054078448898670592','139.5.108.160','2022-12-18 16:56:23','2022-12-18 16:56:23','订单回调','人工操作'),(759,NULL,122,'1054076698464616448','139.5.108.160','2022-12-18 16:58:53','2022-12-18 16:58:53','订单回调','人工操作'),(760,NULL,122,'1054082064896229376','139.5.108.160','2022-12-18 17:11:54','2022-12-18 17:11:54','订单回调','人工操作'),(761,NULL,122,'1054082772353679360','139.5.108.160','2022-12-18 17:12:43','2022-12-18 17:12:43','订单回调','人工操作'),(762,NULL,122,'1054083741346955264','139.5.108.160','2022-12-18 17:13:30','2022-12-18 17:13:30','订单回调','人工操作'),(763,NULL,121,'1054085460608942080','1.47.157.98','2022-12-18 17:21:01','2022-12-18 17:21:01','订单回调','人工操作'),(764,NULL,122,'1054085719217143808','139.5.108.160','2022-12-18 17:26:45','2022-12-18 17:26:45','订单回调','人工操作'),(765,NULL,122,'1054087350222585856','139.5.108.160','2022-12-18 17:28:13','2022-12-18 17:28:13','订单回调','人工操作'),(766,NULL,121,'1054087323924299776','1.47.157.98','2022-12-18 17:28:55','2022-12-18 17:28:55','订单回调','人工操作'),(767,NULL,121,'1054087357906550784','1.47.157.98','2022-12-18 17:30:28','2022-12-18 17:30:28','订单回调','人工操作'),(768,NULL,122,'1054088707285450752','139.5.108.160','2022-12-18 17:38:24','2022-12-18 17:38:24','订单回调','人工操作'),(769,NULL,122,'1054092618369073152','8.212.22.167','2022-12-18 17:52:22','2022-12-18 17:52:22','订单回调','人工操作'),(770,NULL,121,'1054092428048334848','1.46.3.160','2022-12-18 17:52:51','2022-12-18 17:52:51','订单回调','人工操作'),(771,NULL,121,'1054093571344302080','1.46.3.160','2022-12-18 17:54:05','2022-12-18 17:54:05','订单回调','人工操作'),(772,NULL,121,'1054093675459510272','1.46.3.160','2022-12-18 17:55:05','2022-12-18 17:55:05','订单回调','人工操作'),(773,NULL,121,'1054094237986979840','1.46.3.160','2022-12-18 17:55:47','2022-12-18 17:55:47','订单回调','人工操作'),(774,NULL,122,'1054094173734436864','8.212.22.167','2022-12-18 17:56:49','2022-12-18 17:56:49','订单回调','人工操作'),(775,NULL,122,'1054094661670404096','8.212.22.167','2022-12-18 17:57:57','2022-12-18 17:57:57','订单回调','人工操作'),(776,NULL,122,'1054095607251075072','8.212.22.167','2022-12-18 18:01:29','2022-12-18 18:01:29','订单回调','人工操作'),(777,NULL,121,'1054094362343899136','1.46.3.160','2022-12-18 18:03:03','2022-12-18 18:03:03','订单回调','人工操作'),(778,NULL,122,'1054095863095230464','8.212.22.167','2022-12-18 18:04:19','2022-12-18 18:04:19','订单回调','人工操作'),(779,NULL,122,'1054094380295520256','8.212.22.167','2022-12-18 18:06:46','2022-12-18 18:06:46','订单回调','人工操作'),(780,NULL,122,'1054096924845539328','8.212.22.167','2022-12-18 18:08:41','2022-12-18 18:08:41','订单回调','人工操作'),(781,NULL,122,'1054098051653697536','8.212.22.167','2022-12-18 18:11:45','2022-12-18 18:11:45','订单回调','人工操作'),(782,NULL,121,'1054098528952909824','1.46.3.160','2022-12-18 18:12:55','2022-12-18 18:12:55','订单回调','人工操作'),(783,NULL,122,'1054098758851100672','8.212.22.167','2022-12-18 18:16:38','2022-12-18 18:16:38','订单回调','人工操作'),(784,NULL,122,'1054099702548529152','8.212.22.167','2022-12-18 18:17:59','2022-12-18 18:17:59','订单回调','人工操作'),(785,NULL,122,'1054094894152286208','8.212.22.167','2022-12-18 18:18:48','2022-12-18 18:18:48','订单回调','人工操作'),(786,NULL,122,'1054096627855261696','8.212.22.167','2022-12-18 18:20:19','2022-12-18 18:20:19','订单回调','人工操作'),(787,NULL,122,'1054099937056260096','8.212.22.167','2022-12-18 18:21:44','2022-12-18 18:21:44','订单回调','人工操作'),(788,NULL,122,'1054100166597935104','8.212.22.167','2022-12-18 18:22:37','2022-12-18 18:22:37','订单回调','人工操作'),(789,NULL,122,'1054101073737809920','8.212.22.167','2022-12-18 18:25:31','2022-12-18 18:25:31','订单回调','人工操作'),(790,NULL,122,'1054101113252347904','8.212.22.167','2022-12-18 18:27:20','2022-12-18 18:27:20','订单回调','人工操作'),(791,NULL,122,'1054101641155837952','8.212.22.167','2022-12-18 18:30:53','2022-12-18 18:30:53','订单回调','人工操作'),(792,NULL,122,'1054102758145130496','8.212.22.167','2022-12-18 18:33:33','2022-12-18 18:33:33','订单回调','人工操作'),(793,NULL,122,'1054102919462256640','8.212.22.167','2022-12-18 18:34:47','2022-12-18 18:34:47','订单回调','人工操作'),(794,NULL,122,'1054103268235411456','8.212.22.167','2022-12-18 18:35:44','2022-12-18 18:35:44','订单回调','人工操作'),(795,NULL,122,'1054103352045993984','8.212.22.167','2022-12-18 18:37:10','2022-12-18 18:37:10','订单回调','人工操作'),(796,NULL,122,'1054103722243653632','8.212.22.167','2022-12-18 18:38:51','2022-12-18 18:38:51','订单回调','人工操作'),(797,NULL,122,'1054104179980632064','8.212.8.56','2022-12-18 18:40:04','2022-12-18 18:40:04','订单回调','人工操作'),(798,NULL,122,'1054105216753860608','8.212.8.56','2022-12-18 18:44:04','2022-12-18 18:44:04','订单回调','人工操作'),(799,NULL,122,'1054105507612065792','8.212.8.56','2022-12-18 18:46:52','2022-12-18 18:46:52','订单回调','人工操作'),(800,NULL,121,'1054349589714305024','1.46.3.160','2022-12-19 10:50:48','2022-12-19 10:50:48','订单回调','人工操作'),(801,NULL,122,'1054352467497582592','202.43.234.104','2022-12-19 11:02:25','2022-12-19 11:02:25','订单回调','人工操作'),(802,NULL,121,'1054352778291314688','1.46.3.160','2022-12-19 11:03:39','2022-12-19 11:03:39','订单回调','人工操作'),(803,NULL,122,'1054353030972964864','202.43.234.104','2022-12-19 11:05:44','2022-12-19 11:05:44','订单回调','人工操作'),(804,NULL,122,'1054353273680560128','202.43.234.104','2022-12-19 11:06:45','2022-12-19 11:06:45','订单回调','人工操作'),(805,NULL,122,'1054355546997522432','139.5.108.224','2022-12-19 11:14:04','2022-12-19 11:14:04','订单回调','人工操作'),(806,NULL,122,'1054355825142792192','139.5.108.224','2022-12-19 11:15:28','2022-12-19 11:15:28','订单回调','人工操作'),(807,NULL,121,'1054356871919435776','1.46.3.160','2022-12-19 11:20:24','2022-12-19 11:20:24','订单回调','人工操作'),(808,NULL,122,'1054356924167880704','139.5.108.224','2022-12-19 11:25:39','2022-12-19 11:25:39','订单回调','人工操作'),(809,NULL,121,'1054358640233807872','1.46.3.160','2022-12-19 11:25:49','2022-12-19 11:25:49','订单回调','人工操作'),(810,NULL,122,'1054359485931323392','139.5.108.224','2022-12-19 11:30:38','2022-12-19 11:30:38','订单回调','人工操作'),(811,NULL,122,'1054365526970597376','139.5.108.224','2022-12-19 11:55:48','2022-12-19 11:55:48','订单回调','人工操作'),(812,NULL,122,'1054371316095778816','139.5.108.224','2022-12-19 12:18:42','2022-12-19 12:18:42','订单回调','人工操作'),(813,NULL,1,'26831777522543','1.47.137.146','2022-12-19 12:43:46','2022-12-19 12:43:46','卡商分配','人工操作'),(814,NULL,1,'26831777522543','1.46.3.160','2022-12-19 12:52:28','2022-12-19 12:52:28','订单回调','人工操作'),(815,NULL,122,'1054381645697646592','139.5.108.224','2022-12-19 12:58:29','2022-12-19 12:58:29','订单回调','人工操作'),(816,NULL,121,'1054383262673141760','1.46.3.160','2022-12-19 13:07:40','2022-12-19 13:07:40','订单回调','人工操作'),(817,NULL,1,'99117225740985','1.47.137.146','2022-12-19 13:10:59','2022-12-19 13:10:59','卡商分配','人工操作'),(818,NULL,1,'99117225740985','1.46.3.160','2022-12-19 13:13:58','2022-12-19 13:13:58','订单回调','人工操作'),(819,NULL,122,'1054384564832567296','8.212.45.217','2022-12-19 13:15:56','2022-12-19 13:15:56','订单回调','人工操作'),(820,NULL,122,'1054385706387898368','8.212.45.217','2022-12-19 13:18:29','2022-12-19 13:18:29','订单回调','人工操作'),(821,NULL,122,'1054387309337640960','8.212.45.217','2022-12-19 13:21:47','2022-12-19 13:21:47','订单回调','人工操作'),(822,NULL,122,'1054383553288077312','8.212.45.217','2022-12-19 13:23:23','2022-12-19 13:23:23','订单回调','人工操作'),(823,NULL,122,'1054387831616569344','8.212.45.217','2022-12-19 13:25:06','2022-12-19 13:25:06','订单回调','人工操作'),(824,NULL,122,'1054388353115357184','8.212.45.217','2022-12-19 13:26:25','2022-12-19 13:26:25','订单回调','人工操作'),(825,NULL,122,'1054388661702885376','8.212.45.217','2022-12-19 13:27:06','2022-12-19 13:27:06','订单回调','人工操作'),(826,NULL,122,'1054390407573536768','8.212.45.217','2022-12-19 13:33:34','2022-12-19 13:33:34','订单回调','人工操作'),(827,NULL,1,'83810841397914','1.46.3.160','2022-12-19 13:37:51','2022-12-19 13:37:51','卡商分配','人工操作'),(828,NULL,1,'83810841397914','1.46.3.160','2022-12-19 13:44:06','2022-12-19 13:44:06','订单驳回','人工操作'),(829,NULL,121,'1054393386062053376','1.46.3.160','2022-12-19 13:45:14','2022-12-19 13:45:14','订单回调','人工操作'),(830,NULL,122,'1054393077222866944','8.212.45.217','2022-12-19 13:45:57','2022-12-19 13:45:57','订单回调','人工操作'),(831,NULL,122,'1054394453722136576','8.212.45.217','2022-12-19 13:51:17','2022-12-19 13:51:17','订单回调','人工操作'),(832,NULL,122,'1054396834560081920','8.212.45.217','2022-12-19 13:57:51','2022-12-19 13:57:51','订单回调','人工操作'),(833,NULL,122,'1054397319891386368','8.212.45.217','2022-12-19 14:01:18','2022-12-19 14:01:18','订单回调','人工操作'),(834,NULL,1,'25553085503606','1.46.3.160','2022-12-19 14:01:55','2022-12-19 14:01:55','卡商分配','人工操作'),(835,NULL,122,'1054397746405965824','8.212.45.217','2022-12-19 14:02:15','2022-12-19 14:02:15','订单回调','人工操作'),(836,NULL,121,'1054394510873722880','1.46.3.160','2022-12-19 14:11:05','2022-12-19 14:11:05','订单回调','人工操作'),(837,NULL,122,'1054398591537250304','8.212.46.189','2022-12-19 14:17:43','2022-12-19 14:17:43','订单回调','人工操作'),(838,NULL,1,'25553085503606','1.46.3.160','2022-12-19 14:17:45','2022-12-19 14:17:45','订单回调','人工操作'),(839,NULL,122,'1054399266195243008','8.212.46.189','2022-12-19 14:18:20','2022-12-19 14:18:20','订单回调','人工操作'),(840,NULL,122,'1054403138070511616','8.212.46.189','2022-12-19 14:24:26','2022-12-19 14:24:26','订单回调','人工操作'),(841,NULL,122,'1054404265495232512','8.212.46.189','2022-12-19 14:37:35','2022-12-19 14:37:35','订单回调','人工操作'),(842,NULL,122,'1054404656853155840','8.212.46.189','2022-12-19 14:38:23','2022-12-19 14:38:23','订单回调','人工操作'),(843,NULL,122,'1054404977809686528','8.212.46.189','2022-12-19 14:38:49','2022-12-19 14:38:49','订单回调','人工操作'),(844,NULL,122,'1054405659224702976','8.212.46.189','2022-12-19 14:41:01','2022-12-19 14:41:01','订单回调','人工操作'),(845,NULL,122,'1054411343479701504','8.212.46.189','2022-12-19 15:02:07','2022-12-19 15:02:07','订单回调','人工操作'),(846,NULL,122,'1054411268284219392','202.43.234.84','2022-12-19 15:14:25','2022-12-19 15:14:25','订单回调','人工操作'),(847,NULL,122,'1054417495181492224','202.43.234.84','2022-12-19 15:38:45','2022-12-19 15:38:45','订单回调','人工操作'),(848,NULL,122,'1054418951947157504','202.43.234.84','2022-12-19 15:42:23','2022-12-19 15:42:23','订单回调','人工操作'),(849,NULL,122,'1054422457609355264','202.43.234.84','2022-12-19 15:46:15','2022-12-19 15:46:15','订单回调','人工操作'),(850,NULL,122,'1054423562334502912','202.43.234.84','2022-12-19 15:47:54','2022-12-19 15:47:54','订单回调','人工操作'),(851,NULL,121,'1054423622887669760','1.46.3.160','2022-12-19 15:47:55','2022-12-19 15:47:55','订单回调','人工操作'),(852,NULL,122,'1054424586189275136','202.43.234.84','2022-12-19 15:49:07','2022-12-19 15:49:07','订单回调','人工操作'),(853,NULL,122,'1054425408058949632','202.43.234.84','2022-12-19 15:52:02','2022-12-19 15:52:02','订单回调','人工操作'),(854,NULL,122,'1054426778774274048','202.43.234.84','2022-12-19 15:59:37','2022-12-19 15:59:37','订单回调','人工操作'),(855,NULL,121,'1054429095552614400','1.46.3.160','2022-12-19 16:06:07','2022-12-19 16:06:07','订单回调','人工操作'),(856,NULL,121,'1054431154842632192','1.46.3.160','2022-12-19 16:15:13','2022-12-19 16:15:13','订单回调','人工操作'),(857,NULL,122,'1054431070948163584','103.43.162.138','2022-12-19 16:15:38','2022-12-19 16:15:38','订单回调','人工操作'),(858,NULL,1,'39295751198362','1.46.3.160','2022-12-19 16:16:38','2022-12-19 16:16:38','订单驳回','人工操作'),(859,NULL,1,'75030695246682','1.46.3.160','2022-12-19 16:16:43','2022-12-19 16:16:43','订单驳回','人工操作'),(860,NULL,1,'92696157760775','1.46.3.160','2022-12-19 16:16:48','2022-12-19 16:16:48','订单驳回','人工操作'),(861,NULL,121,'1054431902724784128','1.46.3.160','2022-12-19 16:18:43','2022-12-19 16:18:43','订单回调','人工操作'),(862,NULL,121,'1054434006960963584','1.46.3.160','2022-12-19 16:25:49','2022-12-19 16:25:49','订单回调','人工操作'),(863,NULL,121,'1054436090968014848','1.46.3.160','2022-12-19 16:37:14','2022-12-19 16:37:14','订单回调','人工操作'),(864,NULL,121,'1054436774408880128','1.46.3.160','2022-12-19 16:37:58','2022-12-19 16:37:58','订单回调','人工操作'),(865,NULL,122,'1054435623986790400','103.43.162.138','2022-12-19 16:39:07','2022-12-19 16:39:07','订单回调','人工操作'),(866,NULL,122,'1054436782164148224','103.43.162.138','2022-12-19 16:40:07','2022-12-19 16:40:07','订单回调','人工操作'),(867,NULL,122,'1054437333467660288','103.43.162.138','2022-12-19 16:41:04','2022-12-19 16:41:04','订单回调','人工操作'),(868,NULL,121,'1054438615469260800','1.46.3.160','2022-12-19 16:43:37','2022-12-19 16:43:37','订单回调','人工操作'),(869,NULL,122,'1054444046442823680','103.43.162.138','2022-12-19 17:05:10','2022-12-19 17:05:10','订单回调','人工操作'),(870,NULL,121,'1054441901840662528','1.46.3.160','2022-12-19 17:16:05','2022-12-19 17:16:05','订单回调','人工操作'),(871,NULL,122,'1054726179946233856','139.5.108.229','2022-12-20 11:47:41','2022-12-20 11:47:41','订单回调','人工操作'),(872,NULL,122,'1054727793759223808','139.5.108.229','2022-12-20 11:57:21','2022-12-20 11:57:21','订单回调','人工操作'),(873,NULL,122,'1054728127504187392','139.5.108.229','2022-12-20 11:59:11','2022-12-20 11:59:11','订单回调','人工操作'),(874,NULL,122,'1054733995499061248','202.43.234.109','2022-12-20 12:17:46','2022-12-20 12:17:46','订单回调','人工操作'),(875,NULL,122,'1054738272544096256','202.43.234.109','2022-12-20 12:34:55','2022-12-20 12:34:55','订单回调','人工操作'),(876,NULL,122,'1054735647534743552','202.43.234.109','2022-12-20 12:37:03','2022-12-20 12:37:03','订单回调','人工操作'),(877,NULL,122,'1054738589167910912','202.43.234.109','2022-12-20 12:39:41','2022-12-20 12:39:41','订单回调','人工操作'),(878,NULL,122,'1054738921465839616','202.43.234.109','2022-12-20 12:41:58','2022-12-20 12:41:58','订单回调','人工操作'),(879,NULL,122,'1054741173417017344','202.43.234.109','2022-12-20 12:46:17','2022-12-20 12:46:17','订单回调','人工操作'),(880,NULL,122,'1054741962222993408','202.43.234.109','2022-12-20 12:49:45','2022-12-20 12:49:45','订单回调','人工操作'),(881,NULL,122,'1054744078471659520','202.43.234.109','2022-12-20 12:57:29','2022-12-20 12:57:29','订单回调','人工操作'),(882,NULL,122,'1054746228018905088','202.43.234.109','2022-12-20 13:06:12','2022-12-20 13:06:12','订单回调','人工操作'),(883,NULL,122,'1054748931772121088','203.91.85.76','2022-12-20 13:17:42','2022-12-20 13:17:42','订单回调','人工操作'),(884,NULL,1,'84093156486833','1.46.147.176','2022-12-20 13:21:01','2022-12-20 13:21:01','卡商分配','人工操作'),(885,NULL,122,'1054751628634095616','122.96.32.0','2022-12-20 13:28:21','2022-12-20 13:28:21','订单回调','人工操作'),(886,NULL,122,'1054751110763380736','203.91.85.76','2022-12-20 13:45:55','2022-12-20 13:45:55','订单回调','人工操作'),(887,NULL,122,'1054753395975389184','203.91.85.76','2022-12-20 13:53:29','2022-12-20 13:53:29','订单回调','人工操作'),(888,NULL,1,'84093156486833','1.46.147.176','2022-12-20 14:00:12','2022-12-20 14:00:12','订单回调','人工操作'),(889,NULL,122,'1054758188034818048','203.91.85.76','2022-12-20 14:01:36','2022-12-20 14:01:36','订单回调','人工操作'),(890,NULL,122,'1054759074110898176','203.91.85.76','2022-12-20 14:02:38','2022-12-20 14:02:38','订单回调','人工操作'),(891,NULL,122,'1054760578163146752','203.91.85.76','2022-12-20 14:03:06','2022-12-20 14:03:06','订单回调','人工操作'),(892,NULL,122,'1054760925111779328','203.91.85.76','2022-12-20 14:07:33','2022-12-20 14:07:33','订单回调','人工操作'),(893,NULL,122,'1054761587597901824','203.91.85.76','2022-12-20 14:08:28','2022-12-20 14:08:28','订单回调','人工操作'),(894,NULL,122,'1054762077006069760','203.91.85.41','2022-12-20 14:09:51','2022-12-20 14:09:51','订单回调','人工操作'),(895,NULL,122,'1054762928223289344','203.91.85.41','2022-12-20 14:13:37','2022-12-20 14:13:37','订单回调','人工操作'),(896,NULL,1,'8625185160544','1.47.137.146','2022-12-20 14:22:44','2022-12-20 14:22:44','卡商分配','人工操作'),(897,NULL,1,'8625185160544','1.47.137.146','2022-12-20 14:35:30','2022-12-20 14:35:30','订单回调','人工操作'),(898,NULL,1,'63401882889499','1.47.137.146','2022-12-20 14:51:52','2022-12-20 14:51:52','卡商分配','人工操作'),(899,NULL,1,'63401882889499','1.47.137.146','2022-12-20 15:21:36','2022-12-20 15:21:36','订单回调','人工操作'),(900,NULL,1,'31000379707653','1.47.137.146','2022-12-20 15:22:23','2022-12-20 15:22:23','卡商分配','人工操作'),(901,NULL,1,'1054772653434339328','1.47.137.146','2022-12-20 15:24:13','2022-12-20 15:24:13','订单回调','人工操作'),(902,NULL,122,'1054781694663458816','139.5.108.101','2022-12-20 15:27:58','2022-12-20 15:27:58','订单回调','人工操作'),(903,NULL,122,'1054781855724732416','139.5.108.101','2022-12-20 15:29:06','2022-12-20 15:29:06','订单回调','人工操作'),(904,NULL,122,'1054784381178085376','139.5.108.101','2022-12-20 15:39:37','2022-12-20 15:39:37','订单回调','人工操作'),(905,NULL,1,'1054781418741170176','1.47.137.146','2022-12-20 15:44:43','2022-12-20 15:44:43','订单回调','人工操作'),(906,NULL,122,'1054788410687881216','139.5.108.101','2022-12-20 15:54:38','2022-12-20 15:54:38','订单回调','人工操作'),(907,NULL,122,'1054789467736375296','139.5.108.101','2022-12-20 15:58:15','2022-12-20 15:58:15','订单回调','人工操作'),(908,NULL,122,'1054791171202613248','139.5.108.101','2022-12-20 16:16:07','2022-12-20 16:16:07','订单回调','人工操作'),(909,NULL,122,'1054794024788951040','139.5.108.101','2022-12-20 16:31:32','2022-12-20 16:31:32','订单回调','人工操作'),(910,NULL,122,'1054798421405204480','139.5.108.101','2022-12-20 16:36:45','2022-12-20 16:36:45','订单回调','人工操作'),(911,NULL,122,'1054800334012022784','139.5.108.101','2022-12-20 16:43:10','2022-12-20 16:43:10','订单回调','人工操作'),(912,NULL,1,'1054795596080087040','1.47.137.146','2022-12-20 16:58:26','2022-12-20 16:58:26','订单回调','人工操作'),(913,NULL,1,'1054793067187404800','1.47.137.146','2022-12-20 17:02:21','2022-12-20 17:02:21','订单回调','人工操作'),(914,NULL,122,'1054804955585576960','139.5.108.101','2022-12-20 17:03:05','2022-12-20 17:03:05','订单回调','人工操作'),(915,NULL,122,'1054805549952008192','139.5.108.101','2022-12-20 17:05:54','2022-12-20 17:05:54','订单回调','人工操作'),(916,NULL,122,'1054807048509718528','203.91.85.11','2022-12-20 17:16:14','2022-12-20 17:16:14','订单回调','人工操作'),(917,NULL,1,'1054802051806003200','1.47.137.146','2022-12-20 17:20:42','2022-12-20 17:20:42','订单回调','人工操作'),(918,NULL,122,'1054809626458980352','203.91.85.11','2022-12-20 17:21:58','2022-12-20 17:21:58','订单回调','人工操作'),(919,NULL,122,'1054810516578369536','203.91.85.11','2022-12-20 17:24:18','2022-12-20 17:24:18','订单回调','人工操作'),(920,NULL,122,'1054810978589343744','203.91.85.11','2022-12-20 17:26:45','2022-12-20 17:26:45','订单回调','人工操作'),(921,NULL,122,'1054811295355764736','203.91.85.11','2022-12-20 17:29:01','2022-12-20 17:29:01','订单回调','人工操作'),(922,NULL,122,'1054810361674334208','203.91.85.11','2022-12-20 17:35:54','2022-12-20 17:35:54','订单回调','人工操作'),(923,NULL,1,'31000379707653','1.47.137.146','2022-12-20 17:56:52','2022-12-20 17:56:52','订单回调','人工操作'),(924,NULL,1,'47153493213806','1.47.137.146','2022-12-20 18:17:32','2022-12-20 18:17:32','卡商分配','人工操作'),(925,NULL,1,'47153493213806','1.47.137.146','2022-12-20 18:24:46','2022-12-20 18:24:46','订单回调','人工操作'),(926,NULL,122,'1055122097388388352','203.91.85.51','2022-12-21 14:00:20','2022-12-21 14:00:20','订单回调','人工操作'),(927,NULL,122,'1055122951369654272','203.91.85.51','2022-12-21 14:04:18','2022-12-21 14:04:18','订单回调','人工操作'),(928,NULL,122,'1055124642856960000','203.91.85.51','2022-12-21 14:09:28','2022-12-21 14:09:28','订单回调','人工操作'),(929,NULL,122,'1055127255765745664','203.91.85.51','2022-12-21 14:21:36','2022-12-21 14:21:36','订单回调','人工操作'),(930,NULL,122,'1055136676478713856','103.65.43.101','2022-12-21 14:57:38','2022-12-21 14:57:38','订单回调','人工操作'),(931,NULL,122,'1055136836940201984','103.65.43.101','2022-12-21 14:59:08','2022-12-21 14:59:08','订单回调','人工操作'),(932,NULL,122,'1055136906083303424','103.65.43.101','2022-12-21 15:00:54','2022-12-21 15:00:54','订单回调','人工操作'),(933,NULL,122,'1055138917654724608','203.91.85.91','2022-12-21 15:08:06','2022-12-21 15:08:06','订单回调','人工操作'),(934,NULL,122,'1055140227389063168','203.91.85.91','2022-12-21 15:16:28','2022-12-21 15:16:28','订单回调','人工操作'),(935,NULL,122,'1055142082424864768','203.91.85.91','2022-12-21 15:19:10','2022-12-21 15:19:10','订单回调','人工操作'),(936,NULL,122,'1055143020447399936','203.91.85.91','2022-12-21 15:23:48','2022-12-21 15:23:48','订单回调','人工操作'),(937,NULL,122,'1055150427688927232','203.91.85.91','2022-12-21 15:55:18','2022-12-21 15:55:18','订单回调','人工操作'),(938,NULL,122,'1055151567478456320','203.91.85.91','2022-12-21 15:58:00','2022-12-21 15:58:00','订单回调','人工操作'),(939,NULL,122,'1055152792756289536','203.91.85.91','2022-12-21 16:03:20','2022-12-21 16:03:20','订单回调','人工操作'),(940,NULL,1,'99138179969740','1.46.87.108','2022-12-21 16:06:32','2022-12-21 16:06:32','卡商分配','人工操作'),(941,NULL,1,'64314102602689','1.46.87.108','2022-12-21 16:06:36','2022-12-21 16:06:36','卡商分配','人工操作'),(942,NULL,1,'69761280565254','1.46.87.108','2022-12-21 16:06:40','2022-12-21 16:06:40','卡商分配','人工操作'),(943,NULL,122,'1055154113513259008','203.91.85.41','2022-12-21 16:07:20','2022-12-21 16:07:20','订单回调','人工操作'),(944,NULL,122,'1055154342916521984','203.91.85.41','2022-12-21 16:10:25','2022-12-21 16:10:25','订单回调','人工操作'),(945,NULL,1,'69761280565254','1.46.87.108','2022-12-21 16:21:32','2022-12-21 16:21:32','订单回调','人工操作'),(946,NULL,1,'64314102602689','1.46.87.108','2022-12-21 16:25:54','2022-12-21 16:25:54','订单回调','人工操作'),(947,NULL,1,'99138179969740','1.46.87.108','2022-12-21 16:33:27','2022-12-21 16:33:27','订单回调','人工操作'),(948,NULL,122,'1055159690838671360','203.91.85.41','2022-12-21 16:34:01','2022-12-21 16:34:01','订单回调','人工操作'),(949,NULL,1,'38034238398875','1.46.87.108','2022-12-21 16:38:29','2022-12-21 16:38:29','卡商分配','人工操作'),(950,NULL,122,'76808990755303','203.91.85.41','2022-12-21 17:01:11','2022-12-21 17:01:11','订单回调','人工操作'),(951,NULL,122,'1055170471244333056','203.91.85.41','2022-12-21 17:12:07','2022-12-21 17:12:07','订单回调','人工操作'),(952,NULL,122,'1055170511669035008','203.91.85.41','2022-12-21 17:13:25','2022-12-21 17:13:25','订单回调','人工操作'),(953,NULL,1,'38034238398875','1.46.87.108','2022-12-21 17:18:02','2022-12-21 17:18:02','订单回调','人工操作'),(954,NULL,122,'1055172538524499968','203.91.85.41','2022-12-21 17:21:16','2022-12-21 17:21:16','订单回调','人工操作'),(955,NULL,122,'1055173851509424128','203.91.85.41','2022-12-21 17:27:12','2022-12-21 17:27:12','订单回调','人工操作'),(956,NULL,122,'1055174273351548928','203.91.85.41','2022-12-21 17:28:29','2022-12-21 17:28:29','订单回调','人工操作'),(957,NULL,1,'666350950818','1.46.87.108','2022-12-21 17:45:06','2022-12-21 17:45:06','卡商分配','人工操作'),(958,NULL,1,'79271885750603','1.46.87.108','2022-12-21 17:49:22','2022-12-21 17:49:22','卡商分配','人工操作'),(959,NULL,1,'34705584489933','1.46.87.108','2022-12-21 17:49:26','2022-12-21 17:49:26','卡商分配','人工操作'),(960,NULL,1,'71837174403369','1.46.87.108','2022-12-21 17:49:30','2022-12-21 17:49:30','卡商分配','人工操作'),(961,NULL,1,'666350950818','1.46.87.108','2022-12-21 17:50:54','2022-12-21 17:50:54','订单回调','人工操作'),(962,NULL,1,'71837174403369','1.46.87.108','2022-12-21 17:54:46','2022-12-21 17:54:46','订单回调','人工操作'),(963,NULL,1,'79271885750603','1.46.87.108','2022-12-21 18:04:26','2022-12-21 18:04:26','订单回调','人工操作'),(964,NULL,122,'1055181403970338816','203.91.85.41','2022-12-21 18:09:31','2022-12-21 18:09:31','订单回调','人工操作'),(965,NULL,122,'1055188248193662976','203.91.85.51','2022-12-21 18:24:21','2022-12-21 18:24:21','订单回调','人工操作'),(966,NULL,122,'1055194066049826816','203.91.85.51','2022-12-21 18:46:57','2022-12-21 18:46:57','订单回调','人工操作'),(967,NULL,122,'1055201388834848768','139.5.108.229','2022-12-21 19:15:48','2022-12-21 19:15:48','订单回调','人工操作'),(968,NULL,122,'1055203569101176832','139.5.108.229','2022-12-21 19:23:22','2022-12-21 19:23:22','订单回调','人工操作'),(969,NULL,122,'1055204117707751424','139.5.108.229','2022-12-21 19:26:23','2022-12-21 19:26:23','订单回调','人工操作'),(970,NULL,122,'1055206211625943040','139.5.108.229','2022-12-21 19:34:29','2022-12-21 19:34:29','订单回调','人工操作'),(971,NULL,122,'1055206220295569408','139.5.108.229','2022-12-21 19:36:22','2022-12-21 19:36:22','订单回调','人工操作'),(972,NULL,1,'34705584489933','1.46.87.108','2022-12-21 19:59:51','2022-12-21 19:59:51','订单回调','人工操作'),(973,NULL,121,'1055444881691901952','1.46.10.41','2022-12-22 11:24:33','2022-12-22 11:24:33','订单回调','人工操作'),(974,NULL,121,'1055445690794115072','1.46.10.41','2022-12-22 11:28:32','2022-12-22 11:28:32','订单回调','人工操作'),(975,NULL,121,'1055446587532115968','1.46.10.41','2022-12-22 11:32:39','2022-12-22 11:32:39','订单回调','人工操作'),(976,NULL,121,'1055447338400612352','1.46.10.41','2022-12-22 11:34:39','2022-12-22 11:34:39','订单回调','人工操作'),(977,NULL,121,'1055447746460254208','1.46.10.41','2022-12-22 11:35:55','2022-12-22 11:35:55','订单回调','人工操作'),(978,NULL,121,'1055447960873074688','1.46.10.41','2022-12-22 11:37:32','2022-12-22 11:37:32','订单回调','人工操作'),(979,NULL,121,'1055448714459480064','1.46.10.41','2022-12-22 11:39:03','2022-12-22 11:39:03','订单回调','人工操作'),(980,NULL,121,'1055448926976475136','1.46.10.41','2022-12-22 11:40:03','2022-12-22 11:40:03','订单回调','人工操作'),(981,NULL,121,'1055451638577233920','1.46.10.41','2022-12-22 11:50:18','2022-12-22 11:50:18','订单回调','人工操作'),(982,NULL,121,'1055453643265802240','1.46.10.41','2022-12-22 11:57:18','2022-12-22 11:57:18','订单回调','人工操作'),(983,NULL,121,'1055456075500748800','1.46.10.41','2022-12-22 12:06:59','2022-12-22 12:06:59','订单回调','人工操作'),(984,NULL,121,'1055457184302759936','1.46.10.41','2022-12-22 12:11:15','2022-12-22 12:11:15','订单回调','人工操作'),(985,NULL,121,'1055458211592667136','1.46.10.41','2022-12-22 12:15:23','2022-12-22 12:15:23','订单回调','人工操作'),(986,NULL,121,'1055459218267570176','1.46.10.41','2022-12-22 12:20:13','2022-12-22 12:20:13','订单回调','人工操作'),(987,NULL,121,'1055459620123836416','1.46.10.41','2022-12-22 12:22:47','2022-12-22 12:22:47','订单回调','人工操作'),(988,NULL,121,'1055461556084539392','1.46.10.41','2022-12-22 12:29:07','2022-12-22 12:29:07','订单回调','人工操作'),(989,NULL,121,'1055456420691968000','1.46.10.41','2022-12-22 12:30:21','2022-12-22 12:30:21','订单回调','人工操作'),(990,NULL,121,'1055461868451135488','1.46.10.41','2022-12-22 12:33:32','2022-12-22 12:33:32','订单回调','人工操作'),(991,NULL,121,'1055464620933775360','1.46.10.41','2022-12-22 12:41:11','2022-12-22 12:41:11','订单回调','人工操作'),(992,NULL,121,'1055464637161537536','1.46.10.41','2022-12-22 12:41:58','2022-12-22 12:41:58','订单回调','人工操作'),(993,NULL,121,'1055466719151128576','1.46.10.41','2022-12-22 12:50:45','2022-12-22 12:50:45','订单回调','人工操作'),(994,NULL,121,'1055466702864646144','1.46.10.41','2022-12-22 12:51:32','2022-12-22 12:51:32','订单回调','人工操作'),(995,NULL,122,'1055497506537865216','203.91.85.81','2022-12-22 14:51:09','2022-12-22 14:51:09','订单回调','人工操作'),(996,NULL,121,'1055500462779793408','1.46.10.41','2022-12-22 15:03:39','2022-12-22 15:03:39','订单回调','人工操作'),(997,NULL,121,'1055500385491353600','1.46.10.41','2022-12-22 15:04:27','2022-12-22 15:04:27','订单回调','人工操作'),(998,NULL,122,'1055507550562156544','8.212.50.199','2022-12-22 15:33:02','2022-12-22 15:33:02','订单回调','人工操作'),(999,NULL,122,'1055509743751135232','8.212.50.199','2022-12-22 15:40:18','2022-12-22 15:40:18','订单回调','人工操作'),(1000,NULL,121,'1055509645432455168','1.46.10.41','2022-12-22 15:40:59','2022-12-22 15:40:59','订单回调','人工操作'),(1001,NULL,121,'1055509866870734848','1.46.10.41','2022-12-22 15:42:16','2022-12-22 15:42:16','订单回调','人工操作'),(1002,NULL,121,'1055509926861864960','1.46.10.41','2022-12-22 15:43:07','2022-12-22 15:43:07','订单回调','人工操作'),(1003,NULL,122,'1055514947024322560','8.212.50.199','2022-12-22 16:01:39','2022-12-22 16:01:39','订单回调','人工操作'),(1004,NULL,121,'1055516067683631104','1.46.10.41','2022-12-22 16:06:43','2022-12-22 16:06:43','订单回调','人工操作'),(1005,NULL,122,'1055515952998776832','8.212.50.199','2022-12-22 16:08:45','2022-12-22 16:08:45','订单回调','人工操作'),(1006,NULL,122,'1055518101656829952','8.212.50.199','2022-12-22 16:13:34','2022-12-22 16:13:34','订单回调','人工操作'),(1007,NULL,122,'1055518796757860352','8.212.50.199','2022-12-22 16:15:49','2022-12-22 16:15:49','订单回调','人工操作'),(1008,NULL,131,'1055519244822773760','1.46.129.235','2022-12-22 16:21:16','2022-12-22 16:21:16','订单回调','人工操作'),(1009,NULL,131,'1055525927015940096','1.46.129.235','2022-12-22 16:45:55','2022-12-22 16:45:55','订单回调','人工操作'),(1010,NULL,1,'1055526101029224448','1.46.10.41','2022-12-22 16:47:01','2022-12-22 16:47:01','订单回调','人工操作'),(1011,NULL,131,'1055529092260036608','1.46.129.235','2022-12-22 16:58:21','2022-12-22 16:58:21','订单回调','人工操作'),(1012,NULL,131,'1055531912367439872','1.46.129.235','2022-12-22 17:09:42','2022-12-22 17:09:42','订单回调','人工操作'),(1013,NULL,131,'1055534013843767296','1.46.129.235','2022-12-22 17:22:10','2022-12-22 17:22:10','订单回调','人工操作'),(1014,NULL,122,'1055532205599621120','103.65.43.101','2022-12-22 17:25:56','2022-12-22 17:25:56','订单回调','人工操作'),(1015,NULL,103,'26325829835370','1.46.10.41','2022-12-22 18:39:42','2022-12-22 18:39:42','卡商分配','人工操作'),(1016,NULL,103,'9287714272845','1.46.10.41','2022-12-22 18:39:45','2022-12-22 18:39:45','卡商分配','人工操作'),(1017,NULL,103,'26325829835370','1.46.10.41','2022-12-22 18:39:51','2022-12-22 18:39:51','订单回调','人工操作'),(1018,NULL,103,'9287714272845','1.46.10.41','2022-12-22 18:39:55','2022-12-22 18:39:55','订单回调','人工操作'),(1019,NULL,131,'1055553293318619136','49.237.37.23','2022-12-22 18:43:31','2022-12-22 18:43:31','订单回调','人工操作'),(1020,NULL,131,'1055563833621348352','49.237.37.23','2022-12-22 19:24:26','2022-12-22 19:24:26','订单回调','人工操作'),(1021,NULL,131,'1055567012635344896','49.237.37.23','2022-12-22 19:28:07','2022-12-22 19:28:07','订单回调','人工操作'),(1022,NULL,122,'1055566219962220544','203.91.85.31','2022-12-22 19:35:18','2022-12-22 19:35:18','订单回调','人工操作'),(1023,NULL,131,'1055571014563397632','49.237.37.23','2022-12-22 19:43:31','2022-12-22 19:43:31','订单回调','人工操作'),(1024,NULL,121,'1055570943818072064','1.46.10.41','2022-12-22 19:44:39','2022-12-22 19:44:39','订单回调','人工操作'),(1025,NULL,121,'1055571108805214208','1.46.10.41','2022-12-22 19:45:29','2022-12-22 19:45:29','订单回调','人工操作'),(1026,NULL,122,'1055568741288378368','203.91.85.31','2022-12-22 19:49:04','2022-12-22 19:49:04','订单回调','人工操作'),(1027,NULL,122,'1055572385417134080','203.91.85.31','2022-12-22 19:50:20','2022-12-22 19:50:20','订单回调','人工操作'),(1028,NULL,131,'1055575458969550848','49.237.37.23','2022-12-22 20:04:04','2022-12-22 20:04:04','订单回调','人工操作'),(1029,NULL,122,'1055575299036545024','203.91.85.31','2022-12-22 20:05:06','2022-12-22 20:05:06','订单回调','人工操作'),(1030,NULL,122,'1055577069234159616','203.91.85.31','2022-12-22 20:08:00','2022-12-22 20:08:00','订单回调','人工操作'),(1031,NULL,122,'1055579525682823168','103.43.162.161','2022-12-22 20:20:37','2022-12-22 20:20:37','订单回调','人工操作'),(1032,NULL,121,'1055581456052518912','1.46.10.41','2022-12-22 20:25:31','2022-12-22 20:25:31','订单回调','人工操作'),(1033,NULL,122,'1055581670301761536','103.43.162.161','2022-12-22 20:25:46','2022-12-22 20:25:46','订单回调','人工操作'),(1034,NULL,131,'1055581673959194624','49.237.37.23','2022-12-22 20:27:47','2022-12-22 20:27:47','订单回调','人工操作'),(1035,NULL,131,'1055581291950374912','49.237.37.23','2022-12-22 20:28:04','2022-12-22 20:28:04','订单回调','人工操作'),(1036,NULL,131,'1055585064080900096','49.237.37.23','2022-12-22 20:39:40','2022-12-22 20:39:40','订单回调','人工操作'),(1037,NULL,131,'1055586336112640000','49.237.37.23','2022-12-22 20:45:01','2022-12-22 20:45:01','订单回调','人工操作'),(1038,NULL,121,'1055588454743670784','1.46.10.41','2022-12-22 20:52:31','2022-12-22 20:52:31','订单回调','人工操作'),(1039,NULL,122,'1055588718582169600','103.43.162.161','2022-12-22 20:54:03','2022-12-22 20:54:03','订单回调','人工操作'),(1040,NULL,121,'1055595958001205248','1.46.10.41','2022-12-22 21:29:30','2022-12-22 21:29:30','订单回调','人工操作'),(1041,NULL,122,'1055602117982552064','202.43.234.104','2022-12-22 21:52:42','2022-12-22 21:52:42','订单回调','人工操作'),(1042,NULL,1,'75449479411382','1.46.10.41','2022-12-22 22:02:47','2022-12-22 22:02:47','卡商分配','人工操作'),(1043,NULL,1,'75449479411382','1.46.10.41','2022-12-22 22:12:19','2022-12-22 22:12:19','订单回调','人工操作'),(1044,NULL,131,'1055608585871949824','49.237.37.23','2022-12-22 22:13:52','2022-12-22 22:13:52','订单回调','人工操作'),(1045,NULL,1,'96051202268330','1.46.10.41','2022-12-22 22:15:47','2022-12-22 22:15:47','卡商分配','人工操作'),(1046,NULL,1,'96051202268330','1.46.10.41','2022-12-22 22:16:07','2022-12-22 22:16:07','订单回调','人工操作'),(1047,NULL,122,'1055610884669308928','8.212.51.157','2022-12-22 22:23:33','2022-12-22 22:23:33','订单回调','人工操作'),(1048,NULL,122,'1055614946877898752','8.212.51.157','2022-12-22 22:38:36','2022-12-22 22:38:36','订单回调','人工操作'),(1049,NULL,122,'1055616949448343552','8.212.51.157','2022-12-22 22:47:13','2022-12-22 22:47:13','订单回调','人工操作'),(1050,NULL,122,'1055619907271524352','8.212.51.157','2022-12-22 22:58:01','2022-12-22 22:58:01','订单回调','人工操作'),(1051,NULL,1,'1055620925065527296','1.46.10.41','2022-12-23 01:21:26','2022-12-23 01:21:26','订单回调','人工操作'),(1052,NULL,1,'20221223000325833094','1.47.132.185','2022-12-23 11:59:22','2022-12-23 11:59:22','订单回调','人工操作'),(1053,NULL,121,'1055822308687478784','1.46.129.235','2022-12-23 12:22:15','2022-12-23 12:22:15','订单回调','人工操作'),(1054,NULL,121,'1055823622242828288','1.46.129.235','2022-12-23 12:28:38','2022-12-23 12:28:38','订单回调','人工操作'),(1055,NULL,121,'1055824522298523648','1.46.129.235','2022-12-23 12:31:12','2022-12-23 12:31:12','订单回调','人工操作'),(1056,NULL,122,'1055823540906885120','203.91.85.6','2022-12-23 12:36:40','2022-12-23 12:36:40','订单回调','人工操作'),(1057,NULL,122,'1055823714681094144','203.91.85.6','2022-12-23 12:39:03','2022-12-23 12:39:03','订单回调','人工操作'),(1058,NULL,122,'1055826468556242944','103.43.162.161','2022-12-23 12:42:35','2022-12-23 12:42:35','订单回调','人工操作'),(1059,NULL,121,'1055826299622260736','1.46.129.235','2022-12-23 12:43:24','2022-12-23 12:43:24','订单回调','人工操作'),(1060,NULL,121,'1055830374417956864','1.46.129.235','2022-12-23 12:54:31','2022-12-23 12:54:31','订单回调','人工操作'),(1061,NULL,121,'1055833476764270592','1.46.129.235','2022-12-23 13:07:30','2022-12-23 13:07:30','订单回调','人工操作'),(1062,NULL,121,'1055832357551996928','1.46.129.235','2022-12-23 13:12:00','2022-12-23 13:12:00','订单回调','人工操作'),(1063,NULL,121,'1055834803993051136','1.46.129.235','2022-12-23 13:12:40','2022-12-23 13:12:40','订单回调','人工操作'),(1064,NULL,121,'1055835412192296960','1.46.129.235','2022-12-23 13:14:57','2022-12-23 13:14:57','订单回调','人工操作'),(1065,NULL,121,'1055838151852949504','1.46.129.235','2022-12-23 13:26:13','2022-12-23 13:26:13','订单回调','人工操作'),(1066,NULL,121,'1055840299445649408','1.46.129.235','2022-12-23 13:38:56','2022-12-23 13:38:56','订单回调','人工操作'),(1067,NULL,121,'1055839661584285696','1.46.129.235','2022-12-23 13:39:36','2022-12-23 13:39:36','订单回调','人工操作'),(1068,NULL,121,'1055841260834652160','1.46.129.235','2022-12-23 13:41:57','2022-12-23 13:41:57','订单回调','人工操作'),(1069,NULL,121,'1055841719171416064','1.46.129.235','2022-12-23 13:43:56','2022-12-23 13:43:56','订单回调','人工操作'),(1070,NULL,121,'1055842573924433920','1.46.129.235','2022-12-23 13:44:36','2022-12-23 13:44:36','订单回调','人工操作'),(1071,NULL,121,'1055843734077308928','1.46.129.235','2022-12-23 13:53:55','2022-12-23 13:53:55','订单回调','人工操作'),(1072,NULL,121,'1055845105916706816','1.46.129.235','2022-12-23 13:55:36','2022-12-23 13:55:36','订单回调','人工操作'),(1073,NULL,121,'1055847160446189568','1.46.129.235','2022-12-23 14:05:03','2022-12-23 14:05:03','订单回调','人工操作'),(1074,NULL,121,'1055848549750669312','1.46.129.235','2022-12-23 14:10:35','2022-12-23 14:10:35','订单回调','人工操作'),(1075,NULL,121,'1055848474030899200','1.46.129.235','2022-12-23 14:12:47','2022-12-23 14:12:47','订单回调','人工操作'),(1076,NULL,121,'1055850078532534272','1.46.129.235','2022-12-23 14:33:49','2022-12-23 14:33:49','订单回调','人工操作'),(1077,NULL,121,'1055851288660541440','1.46.129.235','2022-12-23 14:34:30','2022-12-23 14:34:30','订单回调','人工操作'),(1078,NULL,121,'1055850493391142912','1.46.129.235','2022-12-23 14:35:18','2022-12-23 14:35:18','订单回调','人工操作'),(1079,NULL,121,'1055853353965191168','1.46.129.235','2022-12-23 14:36:30','2022-12-23 14:36:30','订单回调','人工操作'),(1080,NULL,121,'1055852608314408960','1.46.129.235','2022-12-23 14:37:28','2022-12-23 14:37:28','订单回调','人工操作'),(1081,NULL,121,'1055852145217110016','1.46.129.235','2022-12-23 14:38:37','2022-12-23 14:38:37','订单回调','人工操作'),(1082,NULL,121,'1055855369072410624','1.46.129.235','2022-12-23 14:42:45','2022-12-23 14:42:45','订单回调','人工操作'),(1083,NULL,1,'34238861198226','1.47.132.185','2022-12-23 14:52:22','2022-12-23 14:52:22','卡商分配','人工操作'),(1084,NULL,1,'43586096209261','1.47.132.185','2022-12-23 14:53:24','2022-12-23 14:53:24','卡商分配','人工操作'),(1085,NULL,1,'13644528892535','1.47.132.185','2022-12-23 14:53:33','2022-12-23 14:53:33','卡商分配','人工操作'),(1086,NULL,1,'43586096209261','1.47.132.185','2022-12-23 14:53:59','2022-12-23 14:53:59','订单回调','人工操作'),(1087,NULL,1,'13644528892535','1.47.132.185','2022-12-23 14:54:02','2022-12-23 14:54:02','订单回调','人工操作'),(1088,NULL,131,'1055861682015830016','124.120.192.125','2022-12-23 14:59:09','2022-12-23 14:59:09','订单回调','人工操作'),(1089,NULL,1,'34238861198226','1.47.132.185','2022-12-23 15:07:02','2022-12-23 15:07:02','订单回调','人工操作'),(1090,NULL,1,'60086482948150','1.47.132.185','2022-12-23 15:10:46','2022-12-23 15:10:46','卡商分配','人工操作'),(1091,NULL,122,'1055870317206962176','203.91.85.71','2022-12-23 15:34:48','2022-12-23 15:34:48','订单回调','人工操作'),(1092,NULL,121,'1055871898287603712','1.46.129.235','2022-12-23 15:39:38','2022-12-23 15:39:38','订单回调','人工操作'),(1093,NULL,122,'1055872207185510400','203.91.85.71','2022-12-23 15:41:46','2022-12-23 15:41:46','订单回调','人工操作'),(1094,NULL,1,'60086482948150','1.47.132.185','2022-12-23 15:45:59','2022-12-23 15:45:59','订单回调','人工操作'),(1095,NULL,1,'95217869003809','1.47.132.185','2022-12-23 16:01:59','2022-12-23 16:01:59','订单驳回','人工操作'),(1096,NULL,1,'79321847755827','1.47.132.185','2022-12-23 16:06:40','2022-12-23 16:06:40','卡商分配','人工操作'),(1097,NULL,1,'79321847755827','1.47.132.185','2022-12-23 16:10:49','2022-12-23 16:10:49','订单回调','人工操作'),(1098,NULL,122,'1055880589955039232','139.5.108.165','2022-12-23 16:17:12','2022-12-23 16:17:12','订单回调','人工操作'),(1099,NULL,122,'1055883687939276800','139.5.108.165','2022-12-23 16:25:52','2022-12-23 16:25:52','订单回调','人工操作'),(1100,NULL,1,'6817405715149','1.47.132.185','2022-12-23 16:27:31','2022-12-23 16:27:31','卡商分配','人工操作'),(1101,NULL,131,'1055887342713176064','124.120.192.125','2022-12-23 16:42:19','2022-12-23 16:42:19','订单回调','人工操作'),(1102,NULL,1,'6817405715149','1.47.132.185','2022-12-23 16:49:35','2022-12-23 16:49:35','订单回调','人工操作'),(1103,NULL,131,'1055889457388978176','124.120.192.125','2022-12-23 16:51:38','2022-12-23 16:51:38','订单回调','人工操作'),(1104,NULL,131,'1055890963550961664','124.120.192.125','2022-12-23 16:54:53','2022-12-23 16:54:53','订单回调','人工操作'),(1105,NULL,131,'1055894401961689088','124.120.192.125','2022-12-23 17:08:58','2022-12-23 17:08:58','订单回调','人工操作'),(1106,NULL,131,'1055904099838459904','124.120.192.125','2022-12-23 17:52:11','2022-12-23 17:52:11','订单回调','人工操作'),(1107,NULL,121,'1055907911475134464','1.46.129.235','2022-12-23 18:03:07','2022-12-23 18:03:07','订单回调','人工操作'),(1108,NULL,121,'1055909549510230016','1.46.129.235','2022-12-23 18:10:52','2022-12-23 18:10:52','订单回调','人工操作'),(1109,NULL,131,'1055921119409733632','124.120.192.125','2022-12-23 18:55:49','2022-12-23 18:55:49','订单回调','人工操作'),(1110,NULL,131,'1055921674324541440','124.120.192.125','2022-12-23 18:57:43','2022-12-23 18:57:43','订单回调','人工操作'),(1111,NULL,131,'1055924212230782976','124.120.192.125','2022-12-23 19:10:53','2022-12-23 19:10:53','订单回调','人工操作'),(1112,NULL,121,'1055925965558906880','1.46.129.235','2022-12-23 19:16:31','2022-12-23 19:16:31','订单回调','人工操作'),(1113,NULL,131,'1055928957473390592','124.120.192.125','2022-12-23 19:26:13','2022-12-23 19:26:13','订单回调','人工操作'),(1114,NULL,122,'1055929374764695552','139.5.108.234','2022-12-23 19:28:05','2022-12-23 19:28:05','订单回调','人工操作'),(1115,NULL,131,'1055930324858437632','124.120.192.125','2022-12-23 19:31:47','2022-12-23 19:31:47','订单回调','人工操作'),(1116,NULL,122,'1055933125793677312','139.5.108.234','2022-12-23 19:43:23','2022-12-23 19:43:23','订单回调','人工操作'),(1117,NULL,122,'1055938166441115648','139.5.108.234','2022-12-23 20:03:59','2022-12-23 20:03:59','订单回调','人工操作'),(1118,NULL,131,'1055939044246028288','124.120.192.125','2022-12-23 20:06:00','2022-12-23 20:06:00','订单回调','人工操作'),(1119,NULL,122,'1055940016661856256','139.5.108.234','2022-12-23 20:10:52','2022-12-23 20:10:52','订单回调','人工操作'),(1120,NULL,131,'1055940387035676672','124.120.192.125','2022-12-23 20:12:33','2022-12-23 20:12:33','订单回调','人工操作'),(1121,NULL,131,'1055946401797636096','124.120.192.125','2022-12-23 20:35:40','2022-12-23 20:35:40','订单回调','人工操作'),(1122,NULL,122,'1055948186427850752','103.43.162.161','2022-12-23 20:44:02','2022-12-23 20:44:02','订单回调','人工操作'),(1123,NULL,131,'1055949593558122496','124.120.192.125','2022-12-23 20:47:36','2022-12-23 20:47:36','订单回调','人工操作'),(1124,NULL,1,'11973850075084','1.47.132.185','2022-12-23 20:49:54','2022-12-23 20:49:54','卡商分配','人工操作'),(1125,NULL,1,'20468058876020','1.47.132.185','2022-12-23 20:49:57','2022-12-23 20:49:57','卡商分配','人工操作'),(1126,NULL,1,'20468058876020','1.47.132.185','2022-12-23 20:50:01','2022-12-23 20:50:01','订单回调','人工操作'),(1127,NULL,1,'11973850075084','1.47.132.185','2022-12-23 20:50:04','2022-12-23 20:50:04','订单回调','人工操作'),(1128,NULL,1,'81161806667501','1.47.132.185','2022-12-23 20:51:24','2022-12-23 20:51:24','卡商分配','人工操作'),(1129,NULL,122,'1055950618004291584','103.43.162.161','2022-12-23 20:52:09','2022-12-23 20:52:09','订单回调','人工操作'),(1130,NULL,131,'1055950458486521856','124.120.192.125','2022-12-23 20:56:10','2022-12-23 20:56:10','订单回调','人工操作'),(1131,NULL,122,'1055951991018094592','103.43.162.161','2022-12-23 20:57:21','2022-12-23 20:57:21','订单回调','人工操作'),(1132,NULL,122,'1055955386378485760','103.43.162.161','2022-12-23 21:12:12','2022-12-23 21:12:12','订单回调','人工操作'),(1133,NULL,131,'1055954439849902080','124.120.192.125','2022-12-23 21:20:31','2022-12-23 21:20:31','订单回调','人工操作'),(1134,NULL,1,'95281024325138','1.47.132.185','2022-12-23 21:44:12','2022-12-23 21:44:12','卡商分配','人工操作'),(1135,NULL,1,'77429029295891','1.47.132.185','2022-12-23 21:44:20','2022-12-23 21:44:20','卡商分配','人工操作'),(1136,NULL,1,'77429029295891','1.47.132.185','2022-12-23 21:44:22','2022-12-23 21:44:22','订单回调','人工操作'),(1137,NULL,131,'1055963895291707392','124.120.192.125','2022-12-23 21:46:38','2022-12-23 21:46:38','订单回调','人工操作'),(1138,NULL,131,'1055964042239148032','124.120.192.125','2022-12-23 21:49:24','2022-12-23 21:49:24','订单回调','人工操作'),(1139,NULL,122,'1055965617447763968','103.43.162.161','2022-12-23 21:57:41','2022-12-23 21:57:41','订单回调','人工操作'),(1140,NULL,122,'1055966367162826752','103.43.162.161','2022-12-23 21:58:37','2022-12-23 21:58:37','订单回调','人工操作'),(1141,NULL,1,'81161806667501','1.47.132.185','2022-12-23 22:01:10','2022-12-23 22:01:10','订单回调','人工操作'),(1142,NULL,122,'1055967850272915456','103.43.162.161','2022-12-23 22:02:09','2022-12-23 22:02:09','订单回调','人工操作'),(1143,NULL,1,'95281024325138','1.47.132.185','2022-12-23 22:04:19','2022-12-23 22:04:19','订单回调','人工操作'),(1144,NULL,1,'79147889646451','1.47.132.185','2022-12-23 22:08:11','2022-12-23 22:08:11','卡商分配','人工操作'),(1145,NULL,1,'79147889646451','1.47.132.185','2022-12-23 22:08:13','2022-12-23 22:08:13','订单回调','人工操作'),(1146,NULL,1,'16595924969605','1.47.132.185','2022-12-23 22:08:31','2022-12-23 22:08:31','卡商分配','人工操作'),(1147,NULL,1,'16595924969605','1.47.132.185','2022-12-23 22:18:57','2022-12-23 22:18:57','订单回调','人工操作'),(1148,NULL,1,'35343159921358','1.47.132.185','2022-12-23 22:30:27','2022-12-23 22:30:27','卡商分配','人工操作'),(1149,NULL,1,'35343159921358','1.47.90.245','2022-12-23 22:51:57','2022-12-23 22:51:57','订单回调','人工操作'),(1150,NULL,121,'1056186472492695552','1.47.90.245','2022-12-24 12:29:43','2022-12-24 12:29:43','订单回调','人工操作'),(1151,NULL,1,'1056198282969088000','1.47.90.245','2022-12-24 13:56:12','2022-12-24 13:56:12','订单回调','人工操作'),(1152,NULL,131,'1056211157246803968','124.120.192.125','2022-12-24 14:12:10','2022-12-24 14:12:10','订单回调','人工操作'),(1153,NULL,131,'1056212504813764608','124.120.192.125','2022-12-24 14:16:13','2022-12-24 14:16:13','订单回调','人工操作'),(1154,NULL,131,'1056216532553564160','124.120.192.125','2022-12-24 14:41:07','2022-12-24 14:41:07','订单回调','人工操作'),(1155,NULL,131,'1056218485476032512','124.120.192.125','2022-12-24 14:45:46','2022-12-24 14:45:46','订单回调','人工操作'),(1156,NULL,131,'1056221116726509568','124.120.192.125','2022-12-24 14:53:18','2022-12-24 14:53:18','订单回调','人工操作'),(1157,NULL,131,'1056223956597473280','124.120.192.125','2022-12-24 15:00:18','2022-12-24 15:00:18','订单回调','人工操作'),(1158,NULL,131,'1056228470473883648','124.120.192.125','2022-12-24 15:20:33','2022-12-24 15:20:33','订单回调','人工操作'),(1159,NULL,131,'1056233642507894784','124.120.192.125','2022-12-24 15:36:21','2022-12-24 15:36:21','订单回调','人工操作'),(1160,NULL,122,'1056234265861160960','202.43.234.84','2022-12-24 15:40:08','2022-12-24 15:40:08','订单回调','人工操作'),(1161,NULL,131,'1056240876709216256','124.120.192.125','2022-12-24 16:07:29','2022-12-24 16:07:29','订单回调','人工操作'),(1162,NULL,131,'1056242439607549952','124.120.192.125','2022-12-24 16:12:56','2022-12-24 16:12:56','订单回调','人工操作'),(1163,NULL,131,'1056243337582870528','124.120.192.125','2022-12-24 16:15:19','2022-12-24 16:15:19','订单回调','人工操作'),(1164,NULL,122,'1056243354372669440','202.43.234.84','2022-12-24 16:27:17','2022-12-24 16:27:17','订单回调','人工操作'),(1165,NULL,122,'1056248163859431424','139.5.108.101','2022-12-24 16:36:19','2022-12-24 16:36:19','订单回调','人工操作'),(1166,NULL,1,'1056242306119630848','1.47.90.245','2022-12-24 17:04:14','2022-12-24 17:04:14','订单回调','人工操作'),(1167,NULL,122,'1056257651849035776','203.91.85.81','2022-12-24 17:13:15','2022-12-24 17:13:15','订单回调','人工操作'),(1168,NULL,134,'7446122840946','43.239.85.73','2022-12-24 18:10:09','2022-12-24 18:10:09','订单回调','人工操作'),(1169,NULL,1,'20221224000365437166','1.46.2.48','2022-12-24 18:51:55','2022-12-24 18:51:55','订单回调','人工操作'),(1170,NULL,1,'20221224000365437166','1.46.2.48','2022-12-24 18:55:15','2022-12-24 18:55:15','订单驳回','人工操作'),(1171,NULL,1,'20221223000325833094','1.46.2.48','2022-12-24 18:55:18','2022-12-24 18:55:18','订单驳回','人工操作'),(1172,NULL,1,'65289893306535','1.46.2.48','2022-12-24 19:13:47','2022-12-24 19:13:47','卡商分配','人工操作'),(1173,NULL,1,'65289893306535','1.46.2.48','2022-12-24 19:13:50','2022-12-24 19:13:50','订单回调','人工操作'),(1174,NULL,134,'20221224000365437647','124.120.192.125','2022-12-24 19:13:54','2022-12-24 19:13:54','订单回调','人工操作'),(1175,NULL,1,'17924249051216','1.46.2.48','2022-12-24 19:13:55','2022-12-24 19:13:55','卡商分配','人工操作'),(1176,NULL,134,'20221224000365437874','124.120.192.125','2022-12-24 19:14:54','2022-12-24 19:14:54','订单回调','人工操作'),(1177,NULL,131,'1056291566030684160','124.120.192.125','2022-12-24 19:26:45','2022-12-24 19:26:45','订单回调','人工操作'),(1178,NULL,134,'20221224000365438438','124.120.192.125','2022-12-24 19:38:40','2022-12-24 19:38:40','订单回调','人工操作'),(1179,NULL,122,'1056294532108255232','139.5.108.165','2022-12-24 19:39:31','2022-12-24 19:39:31','订单回调','人工操作'),(1180,NULL,1,'17924249051216','124.120.192.125','2022-12-24 19:47:47','2022-12-24 19:47:47','订单回调','人工操作'),(1181,NULL,134,'20221224000365438853','124.120.192.125','2022-12-24 19:54:09','2022-12-24 19:54:09','订单回调','人工操作'),(1182,NULL,122,'1056298806347300864','139.5.108.165','2022-12-24 19:57:10','2022-12-24 19:57:10','订单回调','人工操作'),(1183,NULL,134,'20221224000365438928','124.120.192.125','2022-12-24 19:57:16','2022-12-24 19:57:16','订单回调','人工操作'),(1184,NULL,134,'20221224000365438962','124.120.192.125','2022-12-24 19:57:46','2022-12-24 19:57:46','订单回调','人工操作'),(1185,NULL,131,'1056299478383853568','124.120.192.125','2022-12-24 19:58:14','2022-12-24 19:58:14','订单回调','人工操作'),(1186,NULL,134,'20221224000365439003','124.120.192.125','2022-12-24 19:59:20','2022-12-24 19:59:20','订单回调','人工操作'),(1187,NULL,121,'1056299554699214848','1.47.200.45','2022-12-24 19:59:38','2022-12-24 19:59:38','订单回调','人工操作'),(1188,NULL,134,'20221224000365438990','124.120.192.125','2022-12-24 20:02:30','2022-12-24 20:02:30','订单回调','人工操作'),(1189,NULL,131,'1056301266600198144','124.120.192.125','2022-12-24 20:06:12','2022-12-24 20:06:12','订单回调','人工操作'),(1190,NULL,134,'20221224000365439624','124.120.192.125','2022-12-24 20:12:28','2022-12-24 20:12:28','订单回调','人工操作'),(1191,NULL,134,'20221224000365439678','124.120.192.125','2022-12-24 20:12:48','2022-12-24 20:12:48','订单回调','人工操作'),(1192,NULL,134,'20221224000365439573','124.120.192.125','2022-12-24 20:15:42','2022-12-24 20:15:42','订单回调','人工操作'),(1193,NULL,134,'20221224000365439894','124.120.192.125','2022-12-24 20:21:44','2022-12-24 20:21:44','订单回调','人工操作'),(1194,NULL,131,'1056306665080487936','124.120.192.125','2022-12-24 20:26:45','2022-12-24 20:26:45','订单回调','人工操作'),(1195,NULL,122,'1056302964089552896','203.91.85.16','2022-12-24 20:29:34','2022-12-24 20:29:34','订单回调','人工操作'),(1196,NULL,131,'1056314989737934848','124.120.192.125','2022-12-24 21:02:36','2022-12-24 21:02:36','订单回调','人工操作'),(1197,NULL,121,'1056315199176310784','1.47.200.45','2022-12-24 21:07:55','2022-12-24 21:07:55','订单回调','人工操作'),(1198,NULL,131,'1056323184929800192','124.120.192.125','2022-12-24 21:32:18','2022-12-24 21:32:18','订单回调','人工操作'),(1199,NULL,121,'1056324594387910656','1.47.200.45','2022-12-24 21:39:58','2022-12-24 21:39:58','订单回调','人工操作'),(1200,NULL,122,'1056324329316286464','8.212.45.159','2022-12-24 21:42:14','2022-12-24 21:42:14','订单回调','人工操作'),(1201,NULL,121,'1056326630160465920','1.47.200.45','2022-12-24 21:46:27','2022-12-24 21:46:27','订单回调','人工操作'),(1202,NULL,122,'1056322084713529344','8.212.45.159','2022-12-24 21:47:03','2022-12-24 21:47:03','订单回调','人工操作'),(1203,NULL,122,'1056326881013399552','8.212.45.159','2022-12-24 21:48:18','2022-12-24 21:48:18','订单回调','人工操作'),(1204,NULL,121,'1056332556959481856','1.47.200.45','2022-12-24 22:10:27','2022-12-24 22:10:27','订单回调','人工操作'),(1205,NULL,122,'1056336212538687488','47.57.183.193','2022-12-24 22:27:05','2022-12-24 22:27:05','订单回调','人工操作'),(1206,NULL,1,'1056338545666424832','1.47.200.45','2022-12-24 22:33:37','2022-12-24 22:33:37','订单回调','人工操作'),(1207,NULL,1,'1056341822395121664','1.47.200.45','2022-12-24 23:55:17','2022-12-24 23:55:17','订单回调','人工操作'),(1208,NULL,121,'1056524913730387968','1.47.200.45','2022-12-25 10:54:53','2022-12-25 10:54:53','订单回调','人工操作'),(1209,NULL,121,'1056524966717030400','1.47.200.45','2022-12-25 10:55:48','2022-12-25 10:55:48','订单回调','人工操作'),(1210,NULL,121,'1056525654465445888','1.47.200.45','2022-12-25 11:05:15','2022-12-25 11:05:15','订单回调','人工操作'),(1211,NULL,121,'1056530497686994944','1.47.200.45','2022-12-25 11:15:47','2022-12-25 11:15:47','订单回调','人工操作'),(1212,NULL,121,'1056532106932387840','1.47.200.45','2022-12-25 11:22:54','2022-12-25 11:22:54','订单回调','人工操作'),(1213,NULL,121,'1056532581886984192','1.47.200.45','2022-12-25 11:24:52','2022-12-25 11:24:52','订单回调','人工操作'),(1214,NULL,121,'1056537199056519168','1.47.200.45','2022-12-25 11:42:42','2022-12-25 11:42:42','订单回调','人工操作'),(1215,NULL,121,'1056547734854565888','1.47.200.45','2022-12-25 12:25:26','2022-12-25 12:25:26','订单回调','人工操作'),(1216,NULL,1,'16273689421468','124.120.192.125','2022-12-25 12:26:39','2022-12-25 12:26:39','卡商分配','人工操作'),(1217,NULL,1,'16273689421468','124.120.192.125','2022-12-25 12:26:42','2022-12-25 12:26:42','订单回调','人工操作'),(1218,NULL,121,'1056553720357060608','1.47.200.45','2022-12-25 12:48:48','2022-12-25 12:48:48','订单回调','人工操作'),(1219,NULL,134,'20221225000365463671','124.120.192.125','2022-12-25 12:51:23','2022-12-25 12:51:23','订单回调','人工操作'),(1220,NULL,134,'20221225000365463769','124.120.192.125','2022-12-25 12:53:04','2022-12-25 12:53:04','订单回调','人工操作'),(1221,NULL,122,'1056556312264966144','139.5.108.37','2022-12-25 12:59:44','2022-12-25 12:59:44','订单回调','人工操作'),(1222,NULL,134,'20221225000365464028','124.120.192.125','2022-12-25 13:04:40','2022-12-25 13:04:40','订单回调','人工操作'),(1223,NULL,121,'1056557784574722048','1.47.200.45','2022-12-25 13:06:18','2022-12-25 13:06:18','订单回调','人工操作'),(1224,NULL,122,'1056557440570490880','139.5.108.37','2022-12-25 13:15:29','2022-12-25 13:15:29','订单回调','人工操作'),(1225,NULL,134,'20221225000365464457','124.120.192.125','2022-12-25 13:15:29','2022-12-25 13:15:29','订单回调','人工操作'),(1226,NULL,134,'20221225000365464490','124.120.192.125','2022-12-25 13:16:29','2022-12-25 13:16:29','订单回调','人工操作'),(1227,NULL,134,'20221225000365464560','124.120.192.125','2022-12-25 13:18:51','2022-12-25 13:18:51','订单回调','人工操作'),(1228,NULL,134,'20221225000365464618','124.120.192.125','2022-12-25 13:21:17','2022-12-25 13:21:17','订单回调','人工操作'),(1229,NULL,134,'20221225000365464889','124.120.192.125','2022-12-25 13:29:15','2022-12-25 13:29:15','订单回调','人工操作'),(1230,NULL,1,'64425139901309','124.120.192.125','2022-12-25 13:30:15','2022-12-25 13:30:15','卡商分配','人工操作'),(1231,NULL,1,'64425139901309','124.120.192.125','2022-12-25 13:30:17','2022-12-25 13:30:17','订单回调','人工操作'),(1232,NULL,134,'20221225000365464920','124.120.192.125','2022-12-25 13:30:20','2022-12-25 13:30:20','订单回调','人工操作'),(1233,NULL,134,'20221225000365465136','124.120.192.125','2022-12-25 13:36:59','2022-12-25 13:36:59','订单回调','人工操作'),(1234,NULL,134,'20221225000365465192','124.120.192.125','2022-12-25 13:38:56','2022-12-25 13:38:56','订单回调','人工操作'),(1235,NULL,134,'20221225000365465259','124.120.192.125','2022-12-25 13:41:24','2022-12-25 13:41:24','订单回调','人工操作'),(1236,NULL,121,'1056565949877977088','1.47.200.45','2022-12-25 13:43:48','2022-12-25 13:43:48','订单回调','人工操作'),(1237,NULL,134,'20221225000365465506','124.120.192.125','2022-12-25 13:51:02','2022-12-25 13:51:02','订单回调','人工操作'),(1238,NULL,134,'20221225000365465461','124.120.192.125','2022-12-25 13:51:11','2022-12-25 13:51:11','订单回调','人工操作'),(1239,NULL,134,'20221225000365465540','124.120.192.125','2022-12-25 13:51:28','2022-12-25 13:51:28','订单回调','人工操作'),(1240,NULL,122,'1056568687873490944','8.212.53.241','2022-12-25 14:05:06','2022-12-25 14:05:06','订单回调','人工操作'),(1241,NULL,134,'20221225000365466118','124.120.192.125','2022-12-25 14:11:23','2022-12-25 14:11:23','订单回调','人工操作'),(1242,NULL,122,'1056571500808634368','8.212.53.241','2022-12-25 14:14:49','2022-12-25 14:14:49','订单回调','人工操作'),(1243,NULL,1,'1056571500808634368','124.120.192.125','2022-12-25 14:17:42','2022-12-25 14:17:42','订单回调','人工操作'),(1244,NULL,1,'1183061973015','124.120.192.125','2022-12-25 14:21:10','2022-12-25 14:21:10','卡商分配','人工操作'),(1245,NULL,1,'1183061973015','124.120.192.125','2022-12-25 14:21:14','2022-12-25 14:21:14','订单回调','人工操作'),(1246,NULL,1,'1056571202560065536','124.120.192.125','2022-12-25 14:47:46','2022-12-25 14:47:46','订单回调','人工操作'),(1247,NULL,1,'78367619050434','124.120.192.125','2022-12-25 15:00:44','2022-12-25 15:00:44','卡商分配','人工操作'),(1248,NULL,134,'20221225000365467375','36.134.84.221','2022-12-25 15:11:16','2022-12-25 15:11:16','订单回调','人工操作'),(1249,NULL,1,'78367619050434','124.120.192.125','2022-12-25 15:15:34','2022-12-25 15:15:34','订单回调','人工操作'),(1250,NULL,134,'20221225000365467829','36.134.84.221','2022-12-25 15:26:20','2022-12-25 15:26:20','订单回调','人工操作'),(1251,NULL,134,'20221225000365467857','36.134.84.221','2022-12-25 15:26:22','2022-12-25 15:26:22','订单回调','人工操作'),(1252,NULL,134,'20221225000365467893','36.134.84.221','2022-12-25 15:27:38','2022-12-25 15:27:38','订单回调','人工操作'),(1253,NULL,134,'20221225000365467975','36.134.84.221','2022-12-25 15:31:35','2022-12-25 15:31:35','订单回调','人工操作'),(1254,NULL,134,'20221225000365468179','124.120.192.125','2022-12-25 15:39:14','2022-12-25 15:39:14','订单回调','人工操作'),(1255,NULL,134,'20221225000365468818','124.120.192.125','2022-12-25 16:05:29','2022-12-25 16:05:29','订单回调','人工操作'),(1256,NULL,122,'1056599935341821952','202.43.234.89','2022-12-25 16:15:30','2022-12-25 16:15:30','订单回调','人工操作'),(1257,NULL,134,'20221225000365469091','124.120.192.125','2022-12-25 16:15:53','2022-12-25 16:15:53','订单回调','人工操作'),(1258,NULL,134,'20221225000365469088','124.120.192.125','2022-12-25 16:16:06','2022-12-25 16:16:06','订单回调','人工操作'),(1259,NULL,122,'1056604690013224960','202.43.234.89','2022-12-25 16:17:25','2022-12-25 16:17:25','订单回调','人工操作'),(1260,NULL,134,'20221225000365469332','124.120.192.125','2022-12-25 16:26:09','2022-12-25 16:26:09','订单回调','人工操作'),(1261,NULL,134,'20221225000365469349','124.120.192.125','2022-12-25 16:27:50','2022-12-25 16:27:50','订单回调','人工操作'),(1262,NULL,134,'20221225000365469780','124.120.192.125','2022-12-25 16:46:09','2022-12-25 16:46:09','订单回调','人工操作'),(1263,NULL,134,'20221225000365469998','124.120.192.125','2022-12-25 16:57:45','2022-12-25 16:57:45','订单回调','人工操作'),(1264,NULL,1,'72593139872213','124.120.192.125','2022-12-25 17:04:48','2022-12-25 17:04:48','卡商分配','人工操作'),(1265,NULL,1,'72593139872213','124.120.192.125','2022-12-25 17:04:57','2022-12-25 17:04:57','订单回调','人工操作'),(1266,NULL,134,'20221225000365470522','36.134.84.221','2022-12-25 17:10:49','2022-12-25 17:10:49','订单回调','人工操作'),(1267,NULL,134,'20221225000365470504','36.134.84.221','2022-12-25 17:11:35','2022-12-25 17:11:35','订单回调','人工操作'),(1268,NULL,134,'20221225000365470731','36.134.84.221','2022-12-25 17:17:16','2022-12-25 17:17:16','订单回调','人工操作'),(1269,NULL,134,'20221225000365471099','36.134.84.221','2022-12-25 17:25:52','2022-12-25 17:25:52','订单回调','人工操作'),(1270,NULL,134,'20221225000365470776','36.134.84.221','2022-12-25 17:39:15','2022-12-25 17:39:15','订单回调','人工操作'),(1271,NULL,134,'20221225000365471582','36.134.84.221','2022-12-25 17:45:41','2022-12-25 17:45:41','订单回调','人工操作'),(1272,NULL,122,'1056622197579186176','103.65.43.101','2022-12-25 17:47:25','2022-12-25 17:47:25','订单回调','人工操作'),(1273,NULL,1,'76857168131993','124.120.192.125','2022-12-25 17:50:37','2022-12-25 17:50:37','卡商分配','人工操作'),(1274,NULL,1,'76857168131993','124.120.192.125','2022-12-25 17:50:44','2022-12-25 17:50:44','订单回调','人工操作'),(1275,NULL,122,'1056627832416894976','103.65.43.101','2022-12-25 18:11:19','2022-12-25 18:11:19','订单回调','人工操作'),(1276,NULL,1,'69638530236','124.120.192.125','2022-12-25 18:39:20','2022-12-25 18:39:20','卡商分配','人工操作'),(1277,NULL,1,'69638530236','124.120.192.125','2022-12-25 19:17:26','2022-12-25 19:17:26','订单回调','人工操作'),(1278,NULL,1,'97273643329066','124.120.192.125','2022-12-25 20:09:49','2022-12-25 20:09:49','卡商分配','人工操作'),(1279,NULL,1,'97273643329066','124.120.192.125','2022-12-25 20:09:52','2022-12-25 20:09:52','订单回调','人工操作'),(1280,NULL,1,'96413992367073','124.120.192.125','2022-12-26 10:55:59','2022-12-26 10:55:59','卡商分配','人工操作'),(1281,NULL,1,'96413992367073','124.120.192.125','2022-12-26 10:56:16','2022-12-26 10:56:16','订单回调','人工操作'),(1282,NULL,134,'20221226000365497215','36.134.84.241','2022-12-26 10:58:39','2022-12-26 10:58:39','订单回调','人工操作'),(1283,NULL,134,'20221226000365497245','36.134.84.241','2022-12-26 10:58:43','2022-12-26 10:58:43','订单回调','人工操作'),(1284,NULL,134,'20221226000365497351','36.134.84.241','2022-12-26 11:00:31','2022-12-26 11:00:31','订单回调','人工操作'),(1285,NULL,134,'20221226000365497367','36.134.84.241','2022-12-26 11:00:42','2022-12-26 11:00:42','订单回调','人工操作'),(1286,NULL,134,'20221226000365497535','36.134.84.241','2022-12-26 11:15:48','2022-12-26 11:15:48','订单回调','人工操作'),(1287,NULL,134,'20221226000365497742','36.134.84.241','2022-12-26 11:27:06','2022-12-26 11:27:06','订单回调','人工操作'),(1288,NULL,121,'1056901712750575616','1.47.200.45','2022-12-26 11:53:15','2022-12-26 11:53:15','订单回调','人工操作'),(1289,NULL,134,'20221226000365498128','36.134.84.241','2022-12-26 11:54:42','2022-12-26 11:54:42','订单回调','人工操作'),(1290,NULL,134,'20221226000365498516','36.134.84.241','2022-12-26 12:13:26','2022-12-26 12:13:26','订单回调','人工操作'),(1291,NULL,134,'20221226000365498777','36.134.84.241','2022-12-26 12:28:43','2022-12-26 12:28:43','订单回调','人工操作'),(1292,NULL,134,'20221226000365498795','36.134.84.241','2022-12-26 12:30:43','2022-12-26 12:30:43','订单回调','人工操作'),(1293,NULL,134,'20221226000365498841','36.134.84.241','2022-12-26 12:32:47','2022-12-26 12:32:47','订单回调','人工操作'),(1294,NULL,121,'1056915259295531008','1.47.200.45','2022-12-26 12:51:04','2022-12-26 12:51:04','订单回调','人工操作'),(1295,NULL,134,'20221226000365499190','36.134.84.241','2022-12-26 12:52:13','2022-12-26 12:52:13','订单回调','人工操作'),(1296,NULL,134,'20221226000365499204','36.134.84.241','2022-12-26 12:52:42','2022-12-26 12:52:42','订单回调','人工操作'),(1297,NULL,121,'1056918303684952064','1.47.200.45','2022-12-26 13:00:12','2022-12-26 13:00:12','订单回调','人工操作'),(1298,NULL,121,'1056926820537991168','1.47.200.45','2022-12-26 13:33:06','2022-12-26 13:33:06','订单回调','人工操作'),(1299,NULL,121,'1056929597225959424','1.47.200.45','2022-12-26 13:41:49','2022-12-26 13:41:49','订单回调','人工操作'),(1300,NULL,121,'1056929989183668224','1.47.200.45','2022-12-26 13:43:29','2022-12-26 13:43:29','订单回调','人工操作'),(1301,NULL,121,'1056927248218587136','1.47.200.45','2022-12-26 13:45:28','2022-12-26 13:45:28','订单回调','人工操作'),(1302,NULL,121,'1056933832738996224','1.47.200.45','2022-12-26 13:59:08','2022-12-26 13:59:08','订单回调','人工操作'),(1303,NULL,1,'1672034305412MF974023','124.120.192.125','2022-12-26 14:02:13','2022-12-26 14:02:13','订单回调','人工操作'),(1304,NULL,121,'1056934495342559232','1.47.200.45','2022-12-26 14:07:05','2022-12-26 14:07:05','订单回调','人工操作'),(1305,NULL,121,'1056931684118691840','1.47.200.45','2022-12-26 14:16:46','2022-12-26 14:16:46','订单回调','人工操作'),(1306,NULL,121,'1056944397171556352','1.47.200.45','2022-12-26 14:47:50','2022-12-26 14:47:50','订单回调','人工操作'),(1307,NULL,121,'1056948239174991872','1.47.200.45','2022-12-26 14:57:06','2022-12-26 14:57:06','订单回调','人工操作'),(1308,NULL,1,'20221226000365502769','1.47.200.45','2022-12-26 15:09:18','2022-12-26 15:09:18','订单回调','人工操作'),(1309,NULL,1,'20221226000365502815','1.47.200.45','2022-12-26 15:11:53','2022-12-26 15:11:53','订单回调','人工操作'),(1310,NULL,1,'20221226000365502961','1.47.200.45','2022-12-26 15:18:07','2022-12-26 15:18:07','订单回调','人工操作'),(1311,NULL,1,'20221226000365503133','1.47.200.45','2022-12-26 15:25:03','2022-12-26 15:25:03','订单回调','人工操作'),(1312,NULL,134,'20221226000365503209','1.47.200.45','2022-12-26 15:28:31','2022-12-26 15:28:31','订单回调','人工操作'),(1313,NULL,134,'20221226000365503251','1.47.200.45','2022-12-26 15:29:59','2022-12-26 15:29:59','订单回调','人工操作'),(1314,NULL,134,'20221226000365503280','1.47.200.45','2022-12-26 15:30:33','2022-12-26 15:30:33','订单回调','人工操作'),(1315,NULL,134,'20221226000365503398','1.47.200.45','2022-12-26 15:36:17','2022-12-26 15:36:17','订单回调','人工操作'),(1316,NULL,134,'20221226000365503611','124.120.192.125','2022-12-26 15:47:09','2022-12-26 15:47:09','订单回调','人工操作'),(1317,NULL,1,'62538187661286','124.120.192.125','2022-12-26 15:56:45','2022-12-26 15:56:45','卡商分配','人工操作'),(1318,NULL,134,'20221226000365503935','1.47.200.45','2022-12-26 16:01:11','2022-12-26 16:01:11','订单回调','人工操作'),(1319,NULL,134,'20221226000365504270','1.47.200.45','2022-12-26 16:15:52','2022-12-26 16:15:52','订单回调','人工操作'),(1320,NULL,1,'62538187661286','124.120.192.125','2022-12-26 16:23:51','2022-12-26 16:23:51','订单回调','人工操作'),(1321,NULL,134,'20221226000365511038','1.47.200.45','2022-12-26 16:27:10','2022-12-26 16:27:10','订单回调','人工操作'),(1322,NULL,134,'20221226000365511123','1.47.200.45','2022-12-26 16:30:37','2022-12-26 16:30:37','订单回调','人工操作'),(1323,NULL,134,'20221226000365511177','1.47.200.45','2022-12-26 16:31:37','2022-12-26 16:31:37','订单回调','人工操作'),(1324,NULL,1,'82802909788412','124.120.192.125','2022-12-26 16:45:23','2022-12-26 16:45:23','卡商分配','人工操作'),(1325,NULL,1,'42363736117239','124.120.192.125','2022-12-26 16:45:26','2022-12-26 16:45:26','卡商分配','人工操作'),(1326,NULL,1,'82802909788412','124.120.192.125','2022-12-26 16:45:39','2022-12-26 16:45:39','订单回调','人工操作'),(1327,NULL,1,'42363736117239','124.120.192.125','2022-12-26 16:45:41','2022-12-26 16:45:41','订单回调','人工操作'),(1328,NULL,134,'20221226000365511525','1.47.200.45','2022-12-26 16:46:01','2022-12-26 16:46:01','订单回调','人工操作'),(1329,NULL,134,'20221226000365511597','1.47.200.45','2022-12-26 16:48:56','2022-12-26 16:48:56','订单回调','人工操作'),(1330,NULL,134,'20221226000365511937','114.96.67.177','2022-12-26 17:03:13','2022-12-26 17:03:13','订单回调','人工操作'),(1331,NULL,134,'20221226000365511824','114.96.67.177','2022-12-26 17:03:24','2022-12-26 17:03:24','订单回调','人工操作'),(1332,NULL,134,'20221226000365512175','114.96.67.177','2022-12-26 17:08:20','2022-12-26 17:08:20','订单回调','人工操作'),(1333,NULL,134,'20221226000365512399','114.96.67.177','2022-12-26 17:15:39','2022-12-26 17:15:39','订单回调','人工操作'),(1334,NULL,134,'20221226000365513437','1.47.200.45','2022-12-26 17:48:10','2022-12-26 17:48:10','订单回调','人工操作'),(1335,NULL,134,'20221226000365513550','1.47.200.45','2022-12-26 17:52:06','2022-12-26 17:52:06','订单回调','人工操作'),(1336,NULL,134,'20221226000365514051','1.47.200.45','2022-12-26 18:02:31','2022-12-26 18:02:31','订单回调','人工操作'),(1337,NULL,134,'20221226000365514139','1.47.200.45','2022-12-26 18:06:34','2022-12-26 18:06:34','订单回调','人工操作'),(1338,NULL,134,'20221226000365514818','114.96.67.177','2022-12-26 18:27:10','2022-12-26 18:27:10','订单回调','人工操作'),(1339,NULL,1,'1672050994886MM766462','124.120.192.125','2022-12-26 18:37:11','2022-12-26 18:37:11','订单回调','人工操作'),(1340,NULL,1,'1672050994886MM766462','124.120.192.125','2022-12-26 18:38:30','2022-12-26 18:38:30','订单驳回','人工操作'),(1341,NULL,1,'1672034305412MF974023','124.120.192.125','2022-12-26 18:39:20','2022-12-26 18:39:20','订单驳回','人工操作'),(1342,NULL,134,'20221226000365515772','1.47.200.45','2022-12-26 18:58:20','2022-12-26 18:58:20','订单回调','人工操作'),(1343,NULL,1,'99714820402171','124.120.192.125','2022-12-26 19:00:45','2022-12-26 19:00:45','卡商分配','人工操作'),(1344,NULL,1,'99714820402171','124.120.192.125','2022-12-26 19:07:47','2022-12-26 19:07:47','订单回调','人工操作'),(1345,NULL,134,'20221226000365515999','1.47.200.45','2022-12-26 19:09:17','2022-12-26 19:09:17','订单回调','人工操作'),(1346,NULL,134,'20221226000365516685','1.47.200.45','2022-12-26 19:36:30','2022-12-26 19:36:30','订单回调','人工操作'),(1347,NULL,134,'20221226000365516736','1.47.200.45','2022-12-26 19:38:27','2022-12-26 19:38:27','订单回调','人工操作'),(1348,NULL,134,'20221226000365516965','1.47.200.45','2022-12-26 19:48:09','2022-12-26 19:48:09','订单回调','人工操作'),(1349,NULL,134,'20221226000365516985','1.47.200.45','2022-12-26 19:48:36','2022-12-26 19:48:36','订单回调','人工操作'),(1350,NULL,134,'20221226000365517117','1.47.200.45','2022-12-26 19:52:38','2022-12-26 19:52:38','订单回调','人工操作'),(1351,NULL,134,'20221226000365517144','1.47.200.45','2022-12-26 19:53:12','2022-12-26 19:53:12','订单回调','人工操作'),(1352,NULL,134,'20221226000365517282','1.47.200.45','2022-12-26 19:57:15','2022-12-26 19:57:15','订单回调','人工操作'),(1353,NULL,134,'20221226000365517283','1.47.200.45','2022-12-26 19:58:22','2022-12-26 19:58:22','订单回调','人工操作'),(1354,NULL,134,'20221226000365518056','1.47.200.45','2022-12-26 20:09:09','2022-12-26 20:09:09','订单回调','人工操作'),(1355,NULL,134,'20221226000365518318','1.47.200.45','2022-12-26 20:18:15','2022-12-26 20:18:15','订单回调','人工操作'),(1356,NULL,134,'20221226000365518466','1.47.200.45','2022-12-26 20:22:06','2022-12-26 20:22:06','订单回调','人工操作'),(1357,NULL,134,'20221226000365519933','1.47.200.45','2022-12-26 20:24:38','2022-12-26 20:24:38','订单回调','人工操作'),(1358,NULL,134,'20221226000365526034','1.47.200.45','2022-12-26 20:31:57','2022-12-26 20:31:57','订单回调','人工操作'),(1359,NULL,134,'20221226000365526045','1.47.200.45','2022-12-26 20:32:56','2022-12-26 20:32:56','订单回调','人工操作'),(1360,NULL,134,'20221226000365526040','1.47.200.45','2022-12-26 20:33:05','2022-12-26 20:33:05','订单回调','人工操作'),(1361,NULL,134,'20221226000365526203','1.47.200.45','2022-12-26 20:37:31','2022-12-26 20:37:31','订单回调','人工操作'),(1362,NULL,134,'20221226000365526242','1.47.200.45','2022-12-26 20:39:00','2022-12-26 20:39:00','订单回调','人工操作'),(1363,NULL,134,'20221226000365526273','1.47.200.45','2022-12-26 20:40:59','2022-12-26 20:40:59','订单回调','人工操作'),(1364,NULL,134,'20221226000365526325','1.47.200.45','2022-12-26 20:41:41','2022-12-26 20:41:41','订单回调','人工操作'),(1365,NULL,134,'20221226000365526493','36.134.84.221','2022-12-26 20:48:29','2022-12-26 20:48:29','订单回调','人工操作'),(1366,NULL,134,'20221226000365526413','36.134.84.221','2022-12-26 20:48:48','2022-12-26 20:48:48','订单回调','人工操作'),(1367,NULL,134,'20221226000365526411','36.134.84.221','2022-12-26 20:48:59','2022-12-26 20:48:59','订单回调','人工操作'),(1368,NULL,134,'20221226000365526668','114.96.67.177','2022-12-26 20:53:05','2022-12-26 20:53:05','订单回调','人工操作'),(1369,NULL,134,'20221226000365527369','1.47.200.45','2022-12-26 21:07:25','2022-12-26 21:07:25','订单回调','人工操作'),(1370,NULL,134,'20221226000365527584','1.47.200.45','2022-12-26 21:10:46','2022-12-26 21:10:46','订单回调','人工操作'),(1371,NULL,134,'20221226000365527756','1.47.200.45','2022-12-26 21:13:00','2022-12-26 21:13:00','订单回调','人工操作'),(1372,NULL,134,'20221226000365528550','1.47.200.45','2022-12-26 21:26:12','2022-12-26 21:26:12','订单回调','人工操作'),(1373,NULL,134,'20221226000365529192','1.47.200.45','2022-12-26 21:39:12','2022-12-26 21:39:12','订单回调','人工操作'),(1374,NULL,134,'20221226000365529754','1.47.200.45','2022-12-26 21:50:19','2022-12-26 21:50:19','订单回调','人工操作'),(1375,NULL,1,'82830500845003','124.120.192.125','2022-12-26 21:52:35','2022-12-26 21:52:35','卡商分配','人工操作'),(1376,NULL,1,'82830500845003','124.120.192.125','2022-12-26 21:52:37','2022-12-26 21:52:37','订单回调','人工操作'),(1377,NULL,134,'20221226000365529856','1.47.200.45','2022-12-26 21:53:12','2022-12-26 21:53:12','订单回调','人工操作'),(1378,NULL,134,'20221226000365529867','1.47.200.45','2022-12-26 21:53:26','2022-12-26 21:53:26','订单回调','人工操作'),(1379,NULL,134,'20221226000365530160','1.47.200.45','2022-12-26 21:59:59','2022-12-26 21:59:59','订单回调','人工操作'),(1380,NULL,134,'20221226000365530700','1.47.200.45','2022-12-26 22:13:20','2022-12-26 22:13:20','订单回调','人工操作'),(1381,NULL,134,'20221226000365530827','1.47.200.45','2022-12-26 22:14:07','2022-12-26 22:14:07','订单回调','人工操作'),(1382,NULL,134,'20221226000365530968','1.47.200.45','2022-12-26 22:17:04','2022-12-26 22:17:04','订单回调','人工操作'),(1383,NULL,134,'20221226000365531037','1.47.200.45','2022-12-26 22:18:43','2022-12-26 22:18:43','订单回调','人工操作'),(1384,NULL,134,'20221226000365531236','1.47.200.45','2022-12-26 22:24:25','2022-12-26 22:24:25','订单回调','人工操作'),(1385,NULL,134,'20221226000365531253','1.47.200.45','2022-12-26 22:26:06','2022-12-26 22:26:06','订单回调','人工操作'),(1386,NULL,134,'20221226000365531295','1.47.200.45','2022-12-26 22:26:39','2022-12-26 22:26:39','订单回调','人工操作'),(1387,NULL,134,'20221226000365531583','1.47.200.45','2022-12-26 22:34:10','2022-12-26 22:34:10','订单回调','人工操作'),(1388,NULL,134,'20221226000365531663','1.47.200.45','2022-12-26 22:35:33','2022-12-26 22:35:33','订单回调','人工操作'),(1389,NULL,134,'20221227000365537666','124.120.192.125','2022-12-27 00:36:32','2022-12-27 00:36:32','订单回调','人工操作'),(1390,NULL,134,'20221227000365537697','124.120.192.125','2022-12-27 00:38:00','2022-12-27 00:38:00','订单回调','人工操作'),(1391,NULL,134,'20221227000365537870','124.120.192.125','2022-12-27 00:40:08','2022-12-27 00:40:08','订单回调','人工操作'),(1392,NULL,134,'20221227000365537898','124.120.192.125','2022-12-27 00:43:03','2022-12-27 00:43:03','订单回调','人工操作'),(1393,NULL,134,'20221227000365537956','124.120.192.125','2022-12-27 00:43:40','2022-12-27 00:43:40','订单回调','人工操作'),(1394,NULL,134,'20221227000365538154','36.134.84.221','2022-12-27 00:44:59','2022-12-27 00:44:59','订单回调','人工操作'),(1395,NULL,134,'20221227000365538267','36.134.84.241','2022-12-27 00:46:06','2022-12-27 00:46:06','订单回调','人工操作'),(1396,NULL,134,'20221227000365538488','36.134.84.241','2022-12-27 00:52:05','2022-12-27 00:52:05','订单回调','人工操作'),(1397,NULL,103,'20221227000365538919','36.134.84.241','2022-12-27 01:05:37','2022-12-27 01:05:37','订单回调','人工操作'),(1398,NULL,103,'20221227000365538947','36.134.84.241','2022-12-27 01:05:44','2022-12-27 01:05:44','订单回调','人工操作'),(1399,NULL,103,'20221227000365538952','36.134.84.241','2022-12-27 01:05:50','2022-12-27 01:05:50','订单回调','人工操作'),(1400,NULL,103,'20221227000365538989','36.134.84.241','2022-12-27 01:06:08','2022-12-27 01:06:08','订单回调','人工操作'),(1401,NULL,1,'27969451816036','1.46.13.162','2022-12-27 01:20:30','2022-12-27 01:20:30','卡商分配','人工操作'),(1402,NULL,103,'27969451816036','124.120.192.125','2022-12-27 01:27:38','2022-12-27 01:27:38','订单回调','人工操作'),(1403,NULL,1,'59419915158121','1.46.13.162','2022-12-27 01:28:48','2022-12-27 01:28:48','卡商分配','人工操作'),(1404,NULL,1,'59419915158121','1.46.13.162','2022-12-27 01:28:51','2022-12-27 01:28:51','订单回调','人工操作'),(1405,NULL,134,'20221227000365551663','36.134.84.241','2022-12-27 11:13:45','2022-12-27 11:13:45','订单回调','人工操作'),(1406,NULL,134,'20221227000365551714','36.134.84.241','2022-12-27 11:16:20','2022-12-27 11:16:20','订单回调','人工操作'),(1407,NULL,134,'20221227000365551808','36.134.84.241','2022-12-27 11:21:29','2022-12-27 11:21:29','订单回调','人工操作'),(1408,NULL,134,'20221227000365551820','36.134.84.241','2022-12-27 11:22:23','2022-12-27 11:22:23','订单回调','人工操作'),(1409,NULL,134,'20221227000365552759','36.134.84.241','2022-12-27 12:20:07','2022-12-27 12:20:07','订单回调','人工操作'),(1410,NULL,134,'20221227000365552808','36.134.84.241','2022-12-27 12:21:59','2022-12-27 12:21:59','订单回调','人工操作'),(1411,NULL,134,'20221227000365552982','124.120.192.125','2022-12-27 12:32:25','2022-12-27 12:32:25','订单回调','人工操作'),(1412,NULL,134,'20221227000365553048','36.134.84.241','2022-12-27 12:38:04','2022-12-27 12:38:04','订单回调','人工操作'),(1413,NULL,134,'20221227000365553253','36.134.84.241','2022-12-27 12:47:27','2022-12-27 12:47:27','订单回调','人工操作'),(1414,NULL,134,'20221227000365553489','36.134.84.241','2022-12-27 12:58:36','2022-12-27 12:58:36','订单回调','人工操作'),(1415,NULL,134,'20221227000365554523','36.134.84.241','2022-12-27 13:25:14','2022-12-27 13:25:14','订单回调','人工操作'),(1416,NULL,134,'20221227000365555003','36.134.84.241','2022-12-27 13:40:09','2022-12-27 13:40:09','订单回调','人工操作'),(1417,NULL,134,'20221227000365555106','36.134.84.241','2022-12-27 13:42:45','2022-12-27 13:42:45','订单回调','人工操作'),(1418,NULL,134,'20221227000365555113','36.134.84.241','2022-12-27 13:43:24','2022-12-27 13:43:24','订单回调','人工操作'),(1419,NULL,134,'20221227000365555339','36.134.84.241','2022-12-27 13:51:19','2022-12-27 13:51:19','订单回调','人工操作'),(1420,NULL,134,'20221227000365555392','36.134.84.241','2022-12-27 13:54:08','2022-12-27 13:54:08','订单回调','人工操作'),(1421,NULL,134,'20221227000365555622','1.47.8.50','2022-12-27 14:03:03','2022-12-27 14:03:03','订单回调','人工操作'),(1422,NULL,134,'20221227000365556186','1.47.8.50','2022-12-27 14:22:42','2022-12-27 14:22:42','订单回调','人工操作'),(1423,NULL,134,'20221227000365556285','1.47.8.50','2022-12-27 14:27:05','2022-12-27 14:27:05','订单回调','人工操作'),(1424,NULL,134,'20221227000365556369','1.47.8.50','2022-12-27 14:30:25','2022-12-27 14:30:25','订单回调','人工操作'),(1425,NULL,134,'20221227000365556543','1.47.8.50','2022-12-27 14:36:39','2022-12-27 14:36:39','订单回调','人工操作'),(1426,NULL,134,'20221227000365556617','27.54.228.250','2022-12-27 14:40:18','2022-12-27 14:40:18','订单回调','人工操作'),(1427,NULL,134,'20221227000365556837','27.54.228.250','2022-12-27 14:48:33','2022-12-27 14:48:33','订单回调','人工操作'),(1428,NULL,1,'127','','2022-12-27 15:12:17','2022-12-27 15:12:17','佣金操作','佣金操作减33689'),(1429,NULL,1,'11434161414889','1.47.7.23','2022-12-27 15:49:22','2022-12-27 15:49:22','卡商分配','人工操作'),(1430,NULL,1,'11434161414889','1.47.7.23','2022-12-27 16:13:23','2022-12-27 16:13:23','订单回调','人工操作'),(1431,NULL,134,'20221227000365559281','1.47.8.50','2022-12-27 16:25:17','2022-12-27 16:25:17','订单回调','人工操作'),(1432,NULL,134,'20221227000365559469','1.47.8.50','2022-12-27 16:31:51','2022-12-27 16:31:51','订单回调','人工操作'),(1433,NULL,1,'8382503661037','1.47.7.23','2022-12-27 16:32:18','2022-12-27 16:32:18','卡商分配','人工操作'),(1434,NULL,1,'8382503661037','1.47.7.23','2022-12-27 16:33:24','2022-12-27 16:33:24','订单回调','人工操作'),(1435,NULL,134,'20221227000365559595','1.47.8.50','2022-12-27 16:36:30','2022-12-27 16:36:30','订单回调','人工操作'),(1436,NULL,134,'20221227000365559936','27.54.228.250','2022-12-27 16:50:04','2022-12-27 16:50:04','订单回调','人工操作'),(1437,NULL,134,'20221227000365560699','1.47.8.50','2022-12-27 17:10:01','2022-12-27 17:10:01','订单回调','人工操作'),(1438,NULL,134,'20221227000365561237','1.47.8.50','2022-12-27 17:26:48','2022-12-27 17:26:48','订单回调','人工操作'),(1439,NULL,134,'20221227000365561667','1.47.8.50','2022-12-27 17:37:24','2022-12-27 17:37:24','订单回调','人工操作'),(1440,NULL,134,'20221227000365562296','1.47.8.50','2022-12-27 17:58:25','2022-12-27 17:58:25','订单回调','人工操作'),(1441,NULL,1,'61900201981960','1.47.7.23','2022-12-27 18:14:42','2022-12-27 18:14:42','卡商分配','人工操作'),(1442,NULL,1,'61900201981960','1.47.7.23','2022-12-27 18:14:45','2022-12-27 18:14:45','订单回调','人工操作'),(1443,NULL,134,'20221227000365564466','124.120.192.125','2022-12-27 18:55:28','2022-12-27 18:55:28','订单回调','人工操作'),(1444,NULL,134,'20221227000365565412','124.120.192.125','2022-12-27 19:26:20','2022-12-27 19:26:20','订单回调','人工操作'),(1445,NULL,134,'20221227000365565669','1.47.8.50','2022-12-27 19:31:35','2022-12-27 19:31:35','订单回调','人工操作'),(1446,NULL,131,'1057384523534172160','124.120.192.125','2022-12-27 19:50:50','2022-12-27 19:50:50','订单回调','人工操作'),(1447,NULL,131,'1057388679393181696','124.120.192.125','2022-12-27 20:13:07','2022-12-27 20:13:07','订单回调','人工操作'),(1448,NULL,131,'1057390382200913920','124.120.192.125','2022-12-27 20:14:47','2022-12-27 20:14:47','订单回调','人工操作'),(1449,NULL,1,'10038970395388','1.47.7.23','2022-12-27 20:33:16','2022-12-27 20:33:16','卡商分配','人工操作'),(1450,NULL,1,'10038970395388','1.47.7.23','2022-12-27 20:33:19','2022-12-27 20:33:19','订单回调','人工操作'),(1451,NULL,131,'1057401772642926592','124.120.192.125','2022-12-27 20:59:58','2022-12-27 20:59:58','订单回调','人工操作'),(1452,NULL,1,'26566310486686','1.47.7.23','2022-12-27 21:02:02','2022-12-27 21:02:02','卡商分配','人工操作'),(1453,NULL,1,'26566310486686','1.47.7.23','2022-12-27 21:11:16','2022-12-27 21:11:16','订单回调','人工操作'),(1454,NULL,131,'1057405470907564032','124.120.192.125','2022-12-27 21:14:14','2022-12-27 21:14:14','订单回调','人工操作'),(1455,NULL,131,'1057413547694227456','124.120.192.125','2022-12-27 22:11:56','2022-12-27 22:11:56','订单回调','人工操作'),(1456,NULL,134,'20221228000365596871','1.47.8.50','2022-12-28 12:41:02','2022-12-28 12:41:02','订单回调','人工操作'),(1457,NULL,134,'20221228000365597325','1.47.8.50','2022-12-28 12:58:45','2022-12-28 12:58:45','订单回调','人工操作'),(1458,NULL,134,'20221228000365597546','1.47.8.50','2022-12-28 13:03:23','2022-12-28 13:03:23','订单回调','人工操作'),(1459,NULL,134,'20221228000365597804','1.47.8.50','2022-12-28 13:09:06','2022-12-28 13:09:06','订单回调','人工操作'),(1460,NULL,134,'20221228000365598658','1.47.8.50','2022-12-28 13:56:21','2022-12-28 13:56:21','订单回调','人工操作'),(1461,NULL,134,'20221228000365598868','1.47.8.50','2022-12-28 13:58:20','2022-12-28 13:58:20','订单回调','人工操作'),(1462,NULL,1,'TestOTM99870MFRE01','1.47.7.23','2022-12-28 14:08:33','2022-12-28 14:08:33','订单回调','人工操作'),(1463,NULL,1,'TestOTM99877MFRE01','1.47.7.23','2022-12-28 14:34:49','2022-12-28 14:34:49','订单回调','人工操作'),(1464,NULL,1,'TestOTM0035MFRE01','1.47.7.23','2022-12-28 14:45:22','2022-12-28 14:45:22','卡商分配','人工操作'),(1465,NULL,1,'TestOTM0035MFRE01','1.47.7.23','2022-12-28 14:45:28','2022-12-28 14:45:28','订单回调','人工操作'),(1466,NULL,1,'TestOTM0036MFRE01','1.47.7.23','2022-12-28 14:49:51','2022-12-28 14:49:51','订单驳回','人工操作'),(1467,NULL,134,'20221228000365600630','124.120.192.125','2022-12-28 14:51:23','2022-12-28 14:51:23','订单回调','人工操作'),(1468,NULL,134,'20221228000365601166','36.134.84.224','2022-12-28 15:11:55','2022-12-28 15:11:55','订单回调','人工操作'),(1469,NULL,134,'20221228000365601505','124.120.192.125','2022-12-28 15:21:32','2022-12-28 15:21:32','订单回调','人工操作'),(1470,NULL,134,'20221228000365601862','124.120.192.125','2022-12-28 15:34:03','2022-12-28 15:34:03','订单回调','人工操作'),(1471,NULL,1,'SCN22C2800QE01','1.47.7.23','2022-12-28 15:38:12','2022-12-28 15:38:12','订单驳回','人工操作'),(1472,NULL,1,'SCN22C2800QF01','1.47.7.23','2022-12-28 15:50:47','2022-12-28 15:50:47','卡商分配','人工操作'),(1473,NULL,1,'SCN22C2800QF01','1.47.7.23','2022-12-28 15:50:52','2022-12-28 15:50:52','订单回调','人工操作'),(1474,NULL,1,'TestOTM99877MFRE01','1.47.7.23','2022-12-28 15:56:51','2022-12-28 15:56:51','订单驳回','人工操作'),(1475,NULL,1,'TestOTM99870MFRE01','1.47.7.23','2022-12-28 15:56:54','2022-12-28 15:56:54','订单驳回','人工操作'),(1476,NULL,134,'20221228000365603149','124.120.192.125','2022-12-28 16:33:36','2022-12-28 16:33:36','订单回调','人工操作'),(1477,NULL,1,'88908666977339','1.47.7.23','2022-12-28 17:20:33','2022-12-28 17:20:33','卡商分配','人工操作'),(1478,NULL,138,'88908666977339','1.47.7.23','2022-12-28 17:34:53','2022-12-28 17:34:53','订单回调','人工操作'),(1479,NULL,1,'ZCN22C30U38V','1.47.192.208','2022-12-30 12:46:02','2022-12-30 12:46:02','订单回调','人工操作'),(1480,NULL,1,'ZCN22C30U38V','1.47.192.208','2022-12-30 12:46:27','2022-12-30 12:46:27','订单回调','人工操作'),(1481,NULL,1,'DOGG03CN22C301VSNX','1.47.192.208','2022-12-30 12:57:38','2022-12-30 12:57:38','订单回调','人工操作'),(1482,NULL,1,'ZCN22C30U38V','1.47.192.208','2022-12-30 13:01:35','2022-12-30 13:01:35','订单驳回','人工操作'),(1483,NULL,1,'DOGG03CN22C301VSNX','1.47.192.208','2022-12-30 13:02:39','2022-12-30 13:02:39','订单驳回','人工操作'),(1484,NULL,1,'1058362210474000384','1.47.192.208','2022-12-30 14:47:08','2022-12-30 14:47:08','订单回调','人工操作'),(1485,NULL,1,'15247196919612','1.47.192.208','2022-12-31 16:01:47','2022-12-31 16:01:47','卡商分配','人工操作'),(1486,NULL,1,'15247196919612','1.47.192.208','2022-12-31 16:01:49','2022-12-31 16:01:49','订单回调','人工操作'),(1487,NULL,134,'20230109000366129033','36.137.17.37','2023-01-09 14:26:50','2023-01-09 14:26:50','订单回调','人工操作'),(1488,NULL,134,'20230109000366130036','36.133.78.216','2023-01-09 15:04:27','2023-01-09 15:04:27','订单回调','人工操作'),(1489,NULL,134,'20230109000366130197','171.96.191.174','2023-01-09 15:37:38','2023-01-09 15:37:38','订单回调','人工操作'),(1490,NULL,134,'20230109000366131066','171.96.191.174','2023-01-09 15:41:30','2023-01-09 15:41:30','订单回调','人工操作'),(1491,NULL,134,'20230109000366131397','36.137.17.37','2023-01-09 15:54:25','2023-01-09 15:54:25','订单回调','人工操作'),(1492,NULL,1,'20230109155839143NGGW','124.122.125.51','2023-01-09 16:00:40','2023-01-09 16:00:40','订单回调','人工操作'),(1493,NULL,134,'20230109000366139329','171.96.191.174','2023-01-09 16:40:02','2023-01-09 16:40:02','订单回调','人工操作'),(1494,NULL,131,'20230109000366139520','124.122.125.51','2023-01-09 17:11:51','2023-01-09 17:11:51','订单回调','人工操作'),(1495,NULL,134,'20230109000366140851','36.137.17.37','2023-01-09 17:23:22','2023-01-09 17:23:22','订单回调','人工操作'),(1496,NULL,131,'20230109000366141052','124.122.125.51','2023-01-09 17:25:39','2023-01-09 17:25:39','订单回调','人工操作'),(1497,NULL,131,'20230109000366141369','124.122.125.51','2023-01-09 17:33:18','2023-01-09 17:33:18','订单回调','人工操作'),(1498,NULL,134,'20230109000366141348','36.137.17.37','2023-01-09 17:33:19','2023-01-09 17:33:19','订单回调','人工操作'),(1499,NULL,134,'20230109000366142187','36.137.180.202','2023-01-09 18:00:12','2023-01-09 18:00:12','订单回调','人工操作'),(1500,NULL,131,'20230109000366142204','124.122.125.51','2023-01-09 18:03:26','2023-01-09 18:03:26','订单回调','人工操作'),(1501,NULL,134,'20230109000366143244','36.137.180.202','2023-01-09 18:19:37','2023-01-09 18:19:37','订单回调','人工操作'),(1502,NULL,131,'20230109000366143335','124.122.125.51','2023-01-09 18:22:05','2023-01-09 18:22:05','订单回调','人工操作'),(1503,NULL,1,'20230109155839143NGGW','124.122.125.51','2023-01-09 18:34:08','2023-01-09 18:34:08','订单驳回','人工操作'),(1504,NULL,134,'20230109000366144952','36.137.180.202','2023-01-09 19:09:58','2023-01-09 19:09:58','订单回调','人工操作'),(1505,NULL,131,'20230109000366145571','124.122.125.51','2023-01-09 19:33:02','2023-01-09 19:33:02','订单回调','人工操作'),(1506,NULL,131,'20230109000366145902','124.122.125.51','2023-01-09 19:49:01','2023-01-09 19:49:01','订单回调','人工操作'),(1507,NULL,134,'20230109000366146683','36.137.180.202','2023-01-09 20:06:13','2023-01-09 20:06:13','订单回调','人工操作'),(1508,NULL,131,'20230109000366147835','124.122.125.51','2023-01-09 20:23:53','2023-01-09 20:23:53','订单回调','人工操作'),(1509,NULL,134,'20230109000366154693','36.137.180.202','2023-01-09 20:25:27','2023-01-09 20:25:27','订单回调','人工操作'),(1510,NULL,134,'20230109000366154775','36.137.180.202','2023-01-09 20:26:50','2023-01-09 20:26:50','订单回调','人工操作'),(1511,NULL,134,'20230109000366155371','36.137.180.202','2023-01-09 20:50:16','2023-01-09 20:50:16','订单回调','人工操作'),(1512,NULL,134,'20230109000366156223','36.137.180.202','2023-01-09 21:09:51','2023-01-09 21:09:51','订单回调','人工操作'),(1513,NULL,131,'20230109000366157289','124.122.125.51','2023-01-09 21:21:46','2023-01-09 21:21:46','订单回调','人工操作'),(1514,NULL,134,'20230109000366158782','36.137.180.202','2023-01-09 21:42:53','2023-01-09 21:42:53','订单回调','人工操作'),(1515,NULL,131,'20230109000366159313','124.122.125.51','2023-01-09 21:52:02','2023-01-09 21:52:02','订单回调','人工操作'),(1516,NULL,131,'20230109000366159676','124.122.125.51','2023-01-09 21:57:43','2023-01-09 21:57:43','订单回调','人工操作'),(1517,NULL,134,'20230109000366159491','36.137.180.202','2023-01-09 21:58:38','2023-01-09 21:58:38','订单回调','人工操作'),(1518,NULL,131,'20230109000366160055','124.122.125.51','2023-01-09 22:04:50','2023-01-09 22:04:50','订单回调','人工操作'),(1519,NULL,134,'20230109000366160378','36.137.180.202','2023-01-09 22:11:56','2023-01-09 22:11:56','订单回调','人工操作'),(1520,NULL,131,'20230109000366160525','124.122.125.51','2023-01-09 22:15:35','2023-01-09 22:15:35','订单回调','人工操作'),(1521,NULL,1,'35606782630344','124.122.125.51','2023-01-09 22:19:08','2023-01-09 22:19:08','卡商分配','人工操作'),(1522,NULL,1,'22483459391720','124.122.125.51','2023-01-09 22:19:11','2023-01-09 22:19:11','卡商分配','人工操作'),(1523,NULL,1,'35606782630344','124.122.125.51','2023-01-09 22:19:13','2023-01-09 22:19:13','订单回调','人工操作'),(1524,NULL,1,'22483459391720','124.122.125.51','2023-01-09 22:19:15','2023-01-09 22:19:15','订单回调','人工操作'),(1525,NULL,134,'20230109000366161064','36.137.180.202','2023-01-09 22:25:13','2023-01-09 22:25:13','订单回调','人工操作'),(1526,NULL,134,'20230109000366161361','36.137.180.202','2023-01-09 22:34:21','2023-01-09 22:34:21','订单回调','人工操作'),(1527,NULL,1,'20230109000366160716','124.122.125.51','2023-01-09 23:02:20','2023-01-09 23:02:20','订单回调','人工操作'),(1528,NULL,134,'20230109000366164348','171.96.191.174','2023-01-09 23:23:56','2023-01-09 23:23:56','订单回调','人工操作'),(1529,NULL,134,'20230109000366164411','36.137.180.202','2023-01-09 23:25:28','2023-01-09 23:25:28','订单回调','人工操作'),(1530,NULL,134,'20230109000366164657','36.137.180.202','2023-01-09 23:32:17','2023-01-09 23:32:17','订单回调','人工操作'),(1531,NULL,134,'20230109000366164660','36.137.180.202','2023-01-09 23:32:57','2023-01-09 23:32:57','订单回调','人工操作'),(1532,NULL,134,'20230109000366164729','36.137.180.202','2023-01-09 23:33:28','2023-01-09 23:33:28','订单回调','人工操作'),(1533,NULL,134,'20230109000366165620','36.137.180.202','2023-01-09 23:45:20','2023-01-09 23:45:20','订单回调','人工操作'),(1534,NULL,134,'20230109000366165986','36.137.180.202','2023-01-09 23:50:59','2023-01-09 23:50:59','订单回调','人工操作'),(1535,NULL,134,'20230109000366166143','36.137.180.202','2023-01-09 23:54:41','2023-01-09 23:54:41','订单回调','人工操作'),(1536,NULL,134,'20230109000366166385','36.137.180.202','2023-01-09 23:56:59','2023-01-09 23:56:59','订单回调','人工操作'),(1537,NULL,134,'20230109000366166569','36.137.180.202','2023-01-10 00:01:03','2023-01-10 00:01:03','订单回调','人工操作'),(1538,NULL,134,'20230110000366166774','36.137.180.202','2023-01-10 00:02:58','2023-01-10 00:02:58','订单回调','人工操作'),(1539,NULL,134,'20230110000366167227','36.137.180.202','2023-01-10 00:09:36','2023-01-10 00:09:36','订单回调','人工操作'),(1540,NULL,134,'20230110000366167539','36.137.180.202','2023-01-10 00:16:37','2023-01-10 00:16:37','订单回调','人工操作'),(1541,NULL,134,'20230110000366167735','36.137.180.202','2023-01-10 00:22:19','2023-01-10 00:22:19','订单回调','人工操作'),(1542,NULL,134,'20230110000366167917','36.137.180.202','2023-01-10 00:25:01','2023-01-10 00:25:01','订单回调','人工操作'),(1543,NULL,134,'20230110000366167924','36.137.180.202','2023-01-10 00:25:40','2023-01-10 00:25:40','订单回调','人工操作'),(1544,NULL,134,'20230110000366168046','36.137.180.202','2023-01-10 00:28:42','2023-01-10 00:28:42','订单回调','人工操作'),(1545,NULL,134,'20230110000366168133','36.137.180.202','2023-01-10 00:31:28','2023-01-10 00:31:28','订单回调','人工操作'),(1546,NULL,134,'20230110000366168162','36.137.180.202','2023-01-10 00:32:05','2023-01-10 00:32:05','订单回调','人工操作'),(1547,NULL,134,'20230110000366168508','36.137.180.202','2023-01-10 00:41:08','2023-01-10 00:41:08','订单回调','人工操作'),(1548,NULL,134,'20230110000366168896','36.137.180.202','2023-01-10 00:51:39','2023-01-10 00:51:39','订单回调','人工操作'),(1549,NULL,134,'20230110000366169054','36.137.180.202','2023-01-10 00:56:33','2023-01-10 00:56:33','订单回调','人工操作'),(1550,NULL,134,'20230110000366169182','36.137.180.202','2023-01-10 00:57:26','2023-01-10 00:57:26','订单回调','人工操作'),(1551,NULL,1,'81289135317093','124.122.125.51','2023-01-10 01:00:01','2023-01-10 01:00:01','卡商分配','人工操作'),(1552,NULL,1,'81289135317093','124.122.125.51','2023-01-10 01:00:03','2023-01-10 01:00:03','订单回调','人工操作'),(1553,NULL,134,'20230110000366169454','171.96.191.174','2023-01-10 01:04:57','2023-01-10 01:04:57','订单回调','人工操作'),(1554,NULL,134,'20230110000366169732','171.96.191.174','2023-01-10 01:12:30','2023-01-10 01:12:30','订单回调','人工操作'),(1555,NULL,134,'20230110000366169879','171.96.191.174','2023-01-10 01:15:41','2023-01-10 01:15:41','订单回调','人工操作'),(1556,NULL,134,'20230110000366169982','171.96.191.174','2023-01-10 01:18:21','2023-01-10 01:18:21','订单回调','人工操作'),(1557,NULL,134,'20230110000366170424','171.96.191.174','2023-01-10 01:28:43','2023-01-10 01:28:43','订单回调','人工操作'),(1558,NULL,134,'20230110000366170772','171.96.191.174','2023-01-10 01:40:15','2023-01-10 01:40:15','订单回调','人工操作'),(1559,NULL,134,'20230110000366170968','171.96.191.174','2023-01-10 01:46:44','2023-01-10 01:46:44','订单回调','人工操作'),(1560,NULL,134,'20230110000366171337','171.96.191.174','2023-01-10 01:56:27','2023-01-10 01:56:27','订单回调','人工操作'),(1561,NULL,134,'20230110000366171385','171.96.191.174','2023-01-10 01:58:31','2023-01-10 01:58:31','订单回调','人工操作'),(1562,NULL,134,'20230110000366171565','171.96.191.174','2023-01-10 02:03:31','2023-01-10 02:03:31','订单回调','人工操作'),(1563,NULL,134,'20230110000366184246','171.96.191.174','2023-01-10 11:52:32','2023-01-10 11:52:32','订单回调','人工操作'),(1564,NULL,134,'20230110000366184270','171.96.191.174','2023-01-10 11:53:12','2023-01-10 11:53:12','订单回调','人工操作'),(1565,NULL,134,'20230110000366184295','171.96.191.174','2023-01-10 11:55:29','2023-01-10 11:55:29','订单回调','人工操作'),(1566,NULL,134,'20230110000366184307','171.96.191.174','2023-01-10 11:57:17','2023-01-10 11:57:17','订单回调','人工操作'),(1567,NULL,134,'2023011012051443255W9','171.96.191.174','2023-01-10 12:07:33','2023-01-10 12:07:33','订单回调','人工操作'),(1568,NULL,134,'202301101207051559IFL','36.133.79.235','2023-01-10 12:10:15','2023-01-10 12:10:15','订单回调','人工操作'),(1569,NULL,134,'20230110000366184561','36.133.79.235','2023-01-10 12:11:07','2023-01-10 12:11:07','订单回调','人工操作'),(1570,NULL,134,'20230110000366185154','36.133.79.235','2023-01-10 12:37:51','2023-01-10 12:37:51','订单回调','人工操作'),(1571,NULL,134,'20230110000366188033','36.133.79.235','2023-01-10 14:01:06','2023-01-10 14:01:06','订单回调','人工操作'),(1572,NULL,134,'20230110000366188102','36.133.79.235','2023-01-10 14:02:35','2023-01-10 14:02:35','订单回调','人工操作'),(1573,NULL,134,'20230110000366188216','36.133.79.235','2023-01-10 14:03:57','2023-01-10 14:03:57','订单回调','人工操作'),(1574,NULL,134,'20230110000366188311','36.133.79.235','2023-01-10 14:06:16','2023-01-10 14:06:16','订单回调','人工操作'),(1575,NULL,131,'20230110000366189145','124.122.125.51','2023-01-10 14:30:46','2023-01-10 14:30:46','订单回调','人工操作'),(1576,NULL,131,'20230110000366190254','124.122.125.51','2023-01-10 15:06:37','2023-01-10 15:06:37','订单回调','人工操作'),(1577,NULL,131,'20230110150818888CHI0','124.122.125.51','2023-01-10 15:09:12','2023-01-10 15:09:12','订单回调','人工操作'),(1578,NULL,134,'20230110150756494EK0P','171.96.191.174','2023-01-10 15:09:35','2023-01-10 15:09:35','订单回调','人工操作'),(1579,NULL,131,'20230110150925890GRP8','124.122.125.51','2023-01-10 15:11:19','2023-01-10 15:11:19','订单回调','人工操作'),(1580,NULL,134,'20230110000366190365','171.96.191.174','2023-01-10 15:11:33','2023-01-10 15:11:33','订单回调','人工操作'),(1581,NULL,131,'20230110151102661AN2T','124.122.125.51','2023-01-10 15:12:31','2023-01-10 15:12:31','订单回调','人工操作'),(1582,NULL,134,'20230110151059874XIV3','171.96.191.174','2023-01-10 15:12:38','2023-01-10 15:12:38','订单回调','人工操作'),(1583,NULL,134,'20230110150917309JH7T','171.96.191.174','2023-01-10 15:13:25','2023-01-10 15:13:25','订单回调','人工操作'),(1584,NULL,131,'202301101510531103XQG','124.122.125.51','2023-01-10 15:13:28','2023-01-10 15:13:28','订单回调','人工操作'),(1585,NULL,134,'202301101510359032G0T','171.96.191.174','2023-01-10 15:14:45','2023-01-10 15:14:45','订单回调','人工操作'),(1586,NULL,134,'20230110151143223VEGX','171.96.191.174','2023-01-10 15:16:03','2023-01-10 15:16:03','订单回调','人工操作'),(1587,NULL,131,'20230110151147468HD3F','124.122.125.51','2023-01-10 15:16:38','2023-01-10 15:16:38','订单回调','人工操作'),(1588,NULL,131,'20230110000366190552','124.122.125.51','2023-01-10 15:18:38','2023-01-10 15:18:38','订单回调','人工操作'),(1589,NULL,134,'20230110151826439GQ7Q','171.96.191.174','2023-01-10 15:19:47','2023-01-10 15:19:47','订单回调','人工操作'),(1590,NULL,134,'2023011015193864271X8','171.96.191.174','2023-01-10 15:20:57','2023-01-10 15:20:57','订单回调','人工操作'),(1591,NULL,131,'20230110151840204MQQN','124.122.125.51','2023-01-10 15:21:33','2023-01-10 15:21:33','订单回调','人工操作'),(1592,NULL,1,'92288628380893','124.122.125.51','2023-01-10 15:21:50','2023-01-10 15:21:50','卡商分配','人工操作'),(1593,NULL,131,'202301101520305323EOH','124.122.125.51','2023-01-10 15:23:04','2023-01-10 15:23:04','订单回调','人工操作'),(1594,NULL,134,'202301101524331194YE3','171.96.191.174','2023-01-10 15:26:22','2023-01-10 15:26:22','订单回调','人工操作'),(1595,NULL,134,'202301101525157870Y0Q','171.96.191.174','2023-01-10 15:28:14','2023-01-10 15:28:14','订单回调','人工操作'),(1596,NULL,134,'20230110152635464L66J','171.96.191.174','2023-01-10 15:29:31','2023-01-10 15:29:31','订单回调','人工操作'),(1597,NULL,134,'20230110152828250OP7C','171.96.191.174','2023-01-10 15:30:23','2023-01-10 15:30:23','订单回调','人工操作'),(1598,NULL,131,'20230110153012349JFIA','124.122.125.51','2023-01-10 15:31:45','2023-01-10 15:31:45','订单回调','人工操作'),(1599,NULL,134,'20230110152903036UDL2','171.96.191.174','2023-01-10 15:31:50','2023-01-10 15:31:50','订单回调','人工操作'),(1600,NULL,131,'20230110153049221WB1S','124.122.125.51','2023-01-10 15:32:20','2023-01-10 15:32:20','订单回调','人工操作'),(1601,NULL,131,'20230110153104373ZUH8','124.122.125.51','2023-01-10 15:33:04','2023-01-10 15:33:04','订单回调','人工操作'),(1602,NULL,134,'20230110153053346L3W1','171.96.191.174','2023-01-10 15:33:41','2023-01-10 15:33:41','订单回调','人工操作'),(1603,NULL,131,'202301101533067913IMB','124.122.125.51','2023-01-10 15:34:37','2023-01-10 15:34:37','订单回调','人工操作'),(1604,NULL,134,'20230110153114286ZCI6','171.96.191.174','2023-01-10 15:35:06','2023-01-10 15:35:06','订单回调','人工操作'),(1605,NULL,131,'20230110153332894X05K','124.122.125.51','2023-01-10 15:35:30','2023-01-10 15:35:30','订单回调','人工操作'),(1606,NULL,134,'20230110153338837C7YO','171.96.191.174','2023-01-10 15:36:12','2023-01-10 15:36:12','订单回调','人工操作'),(1607,NULL,131,'202301101533298182MCI','124.122.125.51','2023-01-10 15:36:36','2023-01-10 15:36:36','订单回调','人工操作'),(1608,NULL,131,'20230110153339504S6OR','124.122.125.51','2023-01-10 15:37:15','2023-01-10 15:37:15','订单回调','人工操作'),(1609,NULL,134,'20230110153349265371C','171.96.191.174','2023-01-10 15:37:24','2023-01-10 15:37:24','订单回调','人工操作'),(1610,NULL,134,'20230110153346310QUBT','171.96.191.174','2023-01-10 15:38:13','2023-01-10 15:38:13','订单回调','人工操作'),(1611,NULL,131,'20230110153438576KGXY','124.122.125.51','2023-01-10 15:38:28','2023-01-10 15:38:28','订单回调','人工操作'),(1612,NULL,134,'2023011015355034560H2','171.96.191.174','2023-01-10 15:39:08','2023-01-10 15:39:08','订单回调','人工操作'),(1613,NULL,131,'20230110153738537KU3I','124.122.125.51','2023-01-10 15:39:51','2023-01-10 15:39:51','订单回调','人工操作'),(1614,NULL,134,'20230110153920324GVEH','171.96.191.174','2023-01-10 15:41:31','2023-01-10 15:41:31','订单回调','人工操作'),(1615,NULL,131,'20230110152756504KVAQ','124.122.125.51','2023-01-10 15:41:35','2023-01-10 15:41:35','订单回调','人工操作'),(1616,NULL,134,'2023011015434506985RN','171.96.191.174','2023-01-10 15:45:02','2023-01-10 15:45:02','订单回调','人工操作'),(1617,NULL,131,'20230110154405911NLFH','124.122.125.51','2023-01-10 15:45:26','2023-01-10 15:45:26','订单回调','人工操作'),(1618,NULL,134,'202301101544022989C06','171.96.191.174','2023-01-10 15:46:23','2023-01-10 15:46:23','订单回调','人工操作'),(1619,NULL,131,'2023011015454171532J6','124.122.125.51','2023-01-10 15:47:12','2023-01-10 15:47:12','订单回调','人工操作'),(1620,NULL,134,'20230110154435535XBBG','171.96.191.174','2023-01-10 15:47:31','2023-01-10 15:47:31','订单回调','人工操作'),(1621,NULL,131,'20230110154505705NSQP','124.122.125.51','2023-01-10 15:48:12','2023-01-10 15:48:12','订单回调','人工操作'),(1622,NULL,131,'20230110154759352ZLXO','124.122.125.51','2023-01-10 15:50:27','2023-01-10 15:50:27','订单回调','人工操作'),(1623,NULL,134,'20230110155024613DVEF','171.96.191.174','2023-01-10 15:51:47','2023-01-10 15:51:47','订单回调','人工操作'),(1624,NULL,134,'20230110155037808WJIM','171.96.191.174','2023-01-10 15:52:17','2023-01-10 15:52:17','订单回调','人工操作'),(1625,NULL,134,'202301101551079970LO3','171.96.191.174','2023-01-10 15:52:40','2023-01-10 15:52:40','订单回调','人工操作'),(1626,NULL,131,'202301101551236235QBN','124.122.125.51','2023-01-10 15:52:43','2023-01-10 15:52:43','订单回调','人工操作'),(1627,NULL,134,'20230110155137263ZBDH','171.96.191.174','2023-01-10 15:53:05','2023-01-10 15:53:05','订单回调','人工操作'),(1628,NULL,1,'92288628380893','124.122.125.51','2023-01-10 15:53:51','2023-01-10 15:53:51','订单回调','人工操作'),(1629,NULL,131,'202301101552271040JOF','124.122.125.51','2023-01-10 15:54:48','2023-01-10 15:54:48','订单回调','人工操作'),(1630,NULL,134,'20230110155229817LGOA','171.96.191.174','2023-01-10 15:55:47','2023-01-10 15:55:47','订单回调','人工操作'),(1631,NULL,131,'20230110155346383XIDU','124.122.125.51','2023-01-10 15:55:59','2023-01-10 15:55:59','订单回调','人工操作'),(1632,NULL,134,'20230110153315861KTUU','171.96.191.174','2023-01-10 15:56:49','2023-01-10 15:56:49','订单回调','人工操作'),(1633,NULL,131,'20230110154306179HIUT','124.122.125.51','2023-01-10 15:57:31','2023-01-10 15:57:31','订单回调','人工操作'),(1634,NULL,134,'20230110155310656XYHG','171.96.191.174','2023-01-10 15:58:02','2023-01-10 15:58:02','订单回调','人工操作'),(1635,NULL,131,'20230110155629740NBNM','124.122.125.51','2023-01-10 15:58:19','2023-01-10 15:58:19','订单回调','人工操作'),(1636,NULL,134,'20230110155447029A7P2','171.96.191.174','2023-01-10 15:59:01','2023-01-10 15:59:01','订单回调','人工操作'),(1637,NULL,131,'20230110155741498PMG2','124.122.125.51','2023-01-10 15:59:15','2023-01-10 15:59:15','订单回调','人工操作'),(1638,NULL,134,'20230110155755153WZ96','171.96.191.174','2023-01-10 15:59:43','2023-01-10 15:59:43','订单回调','人工操作'),(1639,NULL,131,'20230110155900461XFNN','124.122.125.51','2023-01-10 16:00:27','2023-01-10 16:00:27','订单回调','人工操作'),(1640,NULL,131,'20230110160020128QZBD','124.122.125.51','2023-01-10 16:01:02','2023-01-10 16:01:02','订单回调','人工操作'),(1641,NULL,134,'20230110160011321Q0Y7','171.96.191.174','2023-01-10 16:01:37','2023-01-10 16:01:37','订单回调','人工操作'),(1642,NULL,134,'20230110160034153Y4PU','171.96.191.174','2023-01-10 16:02:41','2023-01-10 16:02:41','订单回调','人工操作'),(1643,NULL,131,'20230110160144814UC4Y','124.122.125.51','2023-01-10 16:03:11','2023-01-10 16:03:11','订单回调','人工操作'),(1644,NULL,134,'20230110160119068V9UG','171.96.191.174','2023-01-10 16:03:34','2023-01-10 16:03:34','订单回调','人工操作'),(1645,NULL,134,'20230110160230733KLIN','171.96.191.174','2023-01-10 16:04:15','2023-01-10 16:04:15','订单回调','人工操作'),(1646,NULL,134,'20230110160507666OLDK','171.96.191.174','2023-01-10 16:06:25','2023-01-10 16:06:25','订单回调','人工操作'),(1647,NULL,131,'20230110160538530D92N','124.122.125.51','2023-01-10 16:06:32','2023-01-10 16:06:32','订单回调','人工操作'),(1648,NULL,131,'202301101606061122M0K','124.122.125.51','2023-01-10 16:07:37','2023-01-10 16:07:37','订单回调','人工操作'),(1649,NULL,131,'20230110160909811HY3D','124.122.125.51','2023-01-10 16:10:02','2023-01-10 16:10:02','订单回调','人工操作'),(1650,NULL,134,'20230110160938638XHAJ','171.96.191.174','2023-01-10 16:10:51','2023-01-10 16:10:51','订单回调','人工操作'),(1651,NULL,131,'20230110161409719V042','124.122.125.51','2023-01-10 16:15:05','2023-01-10 16:15:05','订单回调','人工操作'),(1652,NULL,131,'20230110161452862NX0J','124.122.125.51','2023-01-10 16:15:53','2023-01-10 16:15:53','订单回调','人工操作'),(1653,NULL,134,'202301101614241985QW4','171.96.191.174','2023-01-10 16:16:17','2023-01-10 16:16:17','订单回调','人工操作'),(1654,NULL,134,'20230110161454488YRAC','171.96.191.174','2023-01-10 16:16:42','2023-01-10 16:16:42','订单回调','人工操作'),(1655,NULL,131,'20230110161555198PFGX','124.122.125.51','2023-01-10 16:17:03','2023-01-10 16:17:03','订单回调','人工操作'),(1656,NULL,131,'20230110161737879EL2D','124.122.125.51','2023-01-10 16:19:04','2023-01-10 16:19:04','订单回调','人工操作'),(1657,NULL,131,'2023011016205296488PM','124.122.125.51','2023-01-10 16:23:50','2023-01-10 16:23:50','订单回调','人工操作'),(1658,NULL,131,'20230110162221330YZDO','124.122.125.51','2023-01-10 16:24:18','2023-01-10 16:24:18','订单回调','人工操作'),(1659,NULL,131,'20230110162256373CGI2','124.122.125.51','2023-01-10 16:25:44','2023-01-10 16:25:44','订单回调','人工操作'),(1660,NULL,134,'20230110162308712GVL7','171.96.191.174','2023-01-10 16:25:53','2023-01-10 16:25:53','订单回调','人工操作'),(1661,NULL,131,'20230110162327183WP9N','124.122.125.51','2023-01-10 16:26:10','2023-01-10 16:26:10','订单回调','人工操作'),(1662,NULL,134,'20230110162403495IYDP','171.96.191.174','2023-01-10 16:26:49','2023-01-10 16:26:49','订单回调','人工操作'),(1663,NULL,131,'202301101626451471DC8','124.122.125.51','2023-01-10 16:27:45','2023-01-10 16:27:45','订单回调','人工操作'),(1664,NULL,134,'20230110162711530V68T','171.96.191.174','2023-01-10 16:28:56','2023-01-10 16:28:56','订单回调','人工操作'),(1665,NULL,131,'20230110162949017JPLG','124.122.125.51','2023-01-10 16:31:40','2023-01-10 16:31:40','订单回调','人工操作'),(1666,NULL,134,'20230110163100845S9NO','171.96.191.174','2023-01-10 16:32:19','2023-01-10 16:32:19','订单回调','人工操作'),(1667,NULL,131,'20230110163123977L0RI','124.122.125.51','2023-01-10 16:32:43','2023-01-10 16:32:43','订单回调','人工操作'),(1668,NULL,134,'20230110163058289DEQP','171.96.191.174','2023-01-10 16:32:50','2023-01-10 16:32:50','订单回调','人工操作'),(1669,NULL,134,'20230110163204815Y6AU','171.96.191.174','2023-01-10 16:33:29','2023-01-10 16:33:29','订单回调','人工操作'),(1670,NULL,131,'20230110163133353AMJY','124.122.125.51','2023-01-10 16:33:51','2023-01-10 16:33:51','订单回调','人工操作'),(1671,NULL,134,'202301101631574094TL2','171.96.191.174','2023-01-10 16:33:53','2023-01-10 16:33:53','订单回调','人工操作'),(1672,NULL,134,'20230110163132411XJ18','171.96.191.174','2023-01-10 16:34:36','2023-01-10 16:34:36','订单回调','人工操作'),(1673,NULL,131,'20230110163405689I8VX','124.122.125.51','2023-01-10 16:35:45','2023-01-10 16:35:45','订单回调','人工操作'),(1674,NULL,134,'20230110163404937V867','171.96.191.174','2023-01-10 16:36:00','2023-01-10 16:36:00','订单回调','人工操作'),(1675,NULL,131,'20230110163438443C2VV','124.122.125.51','2023-01-10 16:36:26','2023-01-10 16:36:26','订单回调','人工操作'),(1676,NULL,134,'20230110163442744O1Q4','171.96.191.174','2023-01-10 16:36:58','2023-01-10 16:36:58','订单回调','人工操作'),(1677,NULL,131,'202301101634423792WU5','124.122.125.51','2023-01-10 16:37:12','2023-01-10 16:37:12','订单回调','人工操作'),(1678,NULL,134,'20230110163547130Y2YJ','171.96.191.174','2023-01-10 16:37:27','2023-01-10 16:37:27','订单回调','人工操作'),(1679,NULL,131,'20230110163457353LDX0','124.122.125.51','2023-01-10 16:37:52','2023-01-10 16:37:52','订单回调','人工操作'),(1680,NULL,131,'202301101636511543D72','124.122.125.51','2023-01-10 16:38:44','2023-01-10 16:38:44','订单回调','人工操作'),(1681,NULL,134,'20230110163446736RDUG','171.96.191.174','2023-01-10 16:39:27','2023-01-10 16:39:27','订单回调','人工操作'),(1682,NULL,131,'20230110163841118BGKT','124.122.125.51','2023-01-10 16:39:37','2023-01-10 16:39:37','订单回调','人工操作'),(1683,NULL,134,'202301101638413537D0O','171.96.191.174','2023-01-10 16:41:06','2023-01-10 16:41:06','订单回调','人工操作'),(1684,NULL,134,'20230110163919031U285','171.96.191.174','2023-01-10 16:41:35','2023-01-10 16:41:35','订单回调','人工操作'),(1685,NULL,131,'20230110164009139RWOP','124.122.125.51','2023-01-10 16:41:37','2023-01-10 16:41:37','订单回调','人工操作'),(1686,NULL,134,'202301101639380169PLO','171.96.191.174','2023-01-10 16:42:15','2023-01-10 16:42:15','订单回调','人工操作'),(1687,NULL,134,'20230110164015434I2FC','171.96.191.174','2023-01-10 16:42:46','2023-01-10 16:42:46','订单回调','人工操作'),(1688,NULL,134,'202301101641186357DKZ','171.96.191.174','2023-01-10 16:43:21','2023-01-10 16:43:21','订单回调','人工操作'),(1689,NULL,134,'20230110164129625BEPT','171.96.191.174','2023-01-10 16:43:44','2023-01-10 16:43:44','订单回调','人工操作'),(1690,NULL,131,'20230110164159187JMO5','124.122.125.51','2023-01-10 16:45:05','2023-01-10 16:45:05','订单回调','人工操作'),(1691,NULL,134,'20230110163921669EG32','171.96.191.174','2023-01-10 16:45:15','2023-01-10 16:45:15','订单回调','人工操作'),(1692,NULL,131,'2023011016433123771XR','124.122.125.51','2023-01-10 16:45:35','2023-01-10 16:45:35','订单回调','人工操作'),(1693,NULL,131,'202301101645217858E9Y','124.122.125.51','2023-01-10 16:46:06','2023-01-10 16:46:06','订单回调','人工操作'),(1694,NULL,134,'20230110164700530M8QW','171.96.191.174','2023-01-10 16:48:16','2023-01-10 16:48:16','订单回调','人工操作'),(1695,NULL,131,'20230110164712477ZMHY','124.122.125.51','2023-01-10 16:49:25','2023-01-10 16:49:25','订单回调','人工操作'),(1696,NULL,131,'20230110165014772JNPH','124.122.125.51','2023-01-10 16:51:15','2023-01-10 16:51:15','订单回调','人工操作'),(1697,NULL,134,'202301101649397139ITB','171.96.191.174','2023-01-10 16:51:26','2023-01-10 16:51:26','订单回调','人工操作'),(1698,NULL,134,'20230110165046306EYYE','171.96.191.174','2023-01-10 16:52:09','2023-01-10 16:52:09','订单回调','人工操作'),(1699,NULL,134,'20230110165225595KDKD','36.133.79.235','2023-01-10 16:58:13','2023-01-10 16:58:13','订单回调','人工操作'),(1700,NULL,134,'20230110165715249NQHW','171.96.191.174','2023-01-10 16:58:53','2023-01-10 16:58:53','订单回调','人工操作'),(1701,NULL,131,'20230110165053357X9SR','124.122.125.51','2023-01-10 16:59:30','2023-01-10 16:59:30','订单回调','人工操作'),(1702,NULL,134,'20230110000366193177','171.96.191.174','2023-01-10 16:59:41','2023-01-10 16:59:41','订单回调','人工操作'),(1703,NULL,1,'20230110165014772JNPH','124.122.125.51','2023-01-10 17:01:21','2023-01-10 17:01:21','订单驳回','人工操作'),(1704,NULL,134,'20230110165640214G7LE','171.96.191.174','2023-01-10 17:01:55','2023-01-10 17:01:55','订单回调','人工操作'),(1705,NULL,134,'20230110000366193323','171.96.191.174','2023-01-10 17:03:22','2023-01-10 17:03:22','订单回调','人工操作'),(1706,NULL,134,'20230110165715894CGRG','171.96.191.174','2023-01-10 17:04:40','2023-01-10 17:04:40','订单回调','人工操作'),(1707,NULL,134,'20230110165822789LTQ5','171.96.191.174','2023-01-10 17:05:20','2023-01-10 17:05:20','订单回调','人工操作'),(1708,NULL,134,'20230110165909791GGZ0','171.96.191.174','2023-01-10 17:06:41','2023-01-10 17:06:41','订单回调','人工操作'),(1709,NULL,134,'20230110165844324M35T','171.96.191.174','2023-01-10 17:07:58','2023-01-10 17:07:58','订单回调','人工操作'),(1710,NULL,134,'20230110165926402K9TF','171.96.191.174','2023-01-10 17:09:41','2023-01-10 17:09:41','订单回调','人工操作'),(1711,NULL,134,'20230110165929081RPPD','171.96.191.174','2023-01-10 17:10:17','2023-01-10 17:10:17','订单回调','人工操作'),(1712,NULL,134,'20230110165950677ZRBW','171.96.191.174','2023-01-10 17:10:47','2023-01-10 17:10:47','订单回调','人工操作'),(1713,NULL,134,'20230110170002989FJKC','171.96.191.174','2023-01-10 17:11:14','2023-01-10 17:11:14','订单回调','人工操作'),(1714,NULL,131,'20230110171236760R1YH','124.122.125.51','2023-01-10 17:14:18','2023-01-10 17:14:18','订单回调','人工操作'),(1715,NULL,134,'20230110000366194176','171.96.191.174','2023-01-10 17:16:28','2023-01-10 17:16:28','订单回调','人工操作'),(1716,NULL,131,'20230110000366194234','124.122.125.51','2023-01-10 17:18:27','2023-01-10 17:18:27','订单回调','人工操作'),(1717,NULL,134,'202301101717442701757','171.96.191.174','2023-01-10 17:20:00','2023-01-10 17:20:00','订单回调','人工操作'),(1718,NULL,134,'202301101719417005FT7','36.133.79.235','2023-01-10 17:21:50','2023-01-10 17:21:50','订单回调','人工操作'),(1719,NULL,131,'20230110172045778TOOS','124.122.125.51','2023-01-10 17:22:54','2023-01-10 17:22:54','订单回调','人工操作'),(1720,NULL,134,'20230110000366194395','36.133.79.235','2023-01-10 17:23:11','2023-01-10 17:23:11','订单回调','人工操作'),(1721,NULL,131,'20230110171937064897N','124.122.125.51','2023-01-10 17:24:33','2023-01-10 17:24:33','订单回调','人工操作'),(1722,NULL,131,'20230110000366194389','124.122.125.51','2023-01-10 17:25:06','2023-01-10 17:25:06','订单回调','人工操作'),(1723,NULL,131,'20230110000366194440','124.122.125.51','2023-01-10 17:25:26','2023-01-10 17:25:26','订单回调','人工操作'),(1724,NULL,134,'202301101715231660QMP','171.96.191.174','2023-01-10 17:26:21','2023-01-10 17:26:21','订单回调','人工操作'),(1725,NULL,131,'20230110172449336KWT5','124.122.125.51','2023-01-10 17:27:09','2023-01-10 17:27:09','订单回调','人工操作'),(1726,NULL,134,'202301101727281159E9E','171.96.191.174','2023-01-10 17:28:26','2023-01-10 17:28:26','订单回调','人工操作'),(1727,NULL,134,'20230110172904610RX38','171.96.191.174','2023-01-10 17:31:11','2023-01-10 17:31:11','订单回调','人工操作'),(1728,NULL,134,'20230110172938662N2OP','171.96.191.174','2023-01-10 17:31:59','2023-01-10 17:31:59','订单回调','人工操作'),(1729,NULL,134,'20230110173029222ZR90','171.96.191.174','2023-01-10 17:32:56','2023-01-10 17:32:56','订单回调','人工操作'),(1730,NULL,134,'20230110000366194767','36.133.79.235','2023-01-10 17:35:12','2023-01-10 17:35:12','订单回调','人工操作'),(1731,NULL,134,'202301101732592754L3P','36.133.79.235','2023-01-10 17:36:31','2023-01-10 17:36:31','订单回调','人工操作'),(1732,NULL,134,'20230110000366194822','36.133.79.235','2023-01-10 17:38:03','2023-01-10 17:38:03','订单回调','人工操作'),(1733,NULL,134,'20230110000366194897','36.133.79.235','2023-01-10 17:39:07','2023-01-10 17:39:07','订单回调','人工操作'),(1734,NULL,134,'20230110000366194920','36.133.79.235','2023-01-10 17:41:11','2023-01-10 17:41:11','订单回调','人工操作'),(1735,NULL,134,'20230110173544807MASX','36.133.79.235','2023-01-10 17:41:45','2023-01-10 17:41:45','订单回调','人工操作'),(1736,NULL,134,'202301101736314028IJ1','36.133.79.235','2023-01-10 17:43:02','2023-01-10 17:43:02','订单回调','人工操作'),(1737,NULL,134,'20230110173654693F9JP','36.133.79.235','2023-01-10 17:43:51','2023-01-10 17:43:51','订单回调','人工操作'),(1738,NULL,134,'20230110173713447B9AE','36.133.79.235','2023-01-10 17:45:10','2023-01-10 17:45:10','订单回调','人工操作'),(1739,NULL,131,'20230110174027016MXU0','124.122.125.51','2023-01-10 17:45:49','2023-01-10 17:45:49','订单回调','人工操作'),(1740,NULL,131,'20230110174049830TO7Z','124.122.125.51','2023-01-10 17:46:41','2023-01-10 17:46:41','订单回调','人工操作'),(1741,NULL,134,'20230110000366195036','36.133.79.235','2023-01-10 17:46:52','2023-01-10 17:46:52','订单回调','人工操作'),(1742,NULL,134,'20230110174018667DHTC','36.133.79.235','2023-01-10 17:47:59','2023-01-10 17:47:59','订单回调','人工操作'),(1743,NULL,134,'20230110174149549SCPW','36.133.79.235','2023-01-10 17:49:17','2023-01-10 17:49:17','订单回调','人工操作'),(1744,NULL,134,'202301101746055044WX1','36.133.79.235','2023-01-10 17:50:28','2023-01-10 17:50:28','订单回调','人工操作'),(1745,NULL,131,'20230110174225426T4BA','124.122.125.51','2023-01-10 17:51:35','2023-01-10 17:51:35','订单回调','人工操作'),(1746,NULL,131,'202301101746272452KOC','124.122.125.51','2023-01-10 17:53:17','2023-01-10 17:53:17','订单回调','人工操作'),(1747,NULL,134,'20230110175126309JKCY','36.133.79.235','2023-01-10 17:53:54','2023-01-10 17:53:54','订单回调','人工操作'),(1748,NULL,134,'20230110175251188UBRU','36.133.79.235','2023-01-10 17:54:29','2023-01-10 17:54:29','订单回调','人工操作'),(1749,NULL,131,'20230110174809553G0D3','124.122.125.51','2023-01-10 17:54:35','2023-01-10 17:54:35','订单回调','人工操作'),(1750,NULL,131,'202301101752162396R60','124.122.125.51','2023-01-10 17:55:48','2023-01-10 17:55:48','订单回调','人工操作'),(1751,NULL,131,'20230110175255020ONC8','124.122.125.51','2023-01-10 17:57:46','2023-01-10 17:57:46','订单回调','人工操作'),(1752,NULL,131,'20230110175526712FHA9','124.122.125.51','2023-01-10 17:58:46','2023-01-10 17:58:46','订单回调','人工操作'),(1753,NULL,134,'202301101757400087CBZ','36.133.79.235','2023-01-10 17:58:58','2023-01-10 17:58:58','订单回调','人工操作'),(1754,NULL,131,'202301101758592239TD3','124.122.125.51','2023-01-10 18:00:10','2023-01-10 18:00:10','订单回调','人工操作'),(1755,NULL,134,'202301101759389228P26','36.133.79.235','2023-01-10 18:00:32','2023-01-10 18:00:32','订单回调','人工操作'),(1756,NULL,134,'2023011018001997323OB','36.133.79.235','2023-01-10 18:02:03','2023-01-10 18:02:03','订单回调','人工操作'),(1757,NULL,131,'20230110180116081PD3C','124.122.125.51','2023-01-10 18:02:48','2023-01-10 18:02:48','订单回调','人工操作'),(1758,NULL,134,'202301101801118480P2N','36.133.79.235','2023-01-10 18:02:56','2023-01-10 18:02:56','订单回调','人工操作'),(1759,NULL,131,'20230110174300681KFJ6','124.122.125.51','2023-01-10 18:05:17','2023-01-10 18:05:17','订单回调','人工操作'),(1760,NULL,134,'20230110000366196140','36.133.79.235','2023-01-10 18:06:21','2023-01-10 18:06:21','订单回调','人工操作'),(1761,NULL,131,'20230110180549609OT9U','124.122.125.51','2023-01-10 18:07:22','2023-01-10 18:07:22','订单回调','人工操作'),(1762,NULL,134,'20230110180630828IREL','36.133.79.235','2023-01-10 18:07:53','2023-01-10 18:07:53','订单回调','人工操作'),(1763,NULL,131,'20230110180639881LQDQ','124.122.125.51','2023-01-10 18:09:04','2023-01-10 18:09:04','订单回调','人工操作'),(1764,NULL,131,'20230110000366196387','124.122.125.51','2023-01-10 18:10:05','2023-01-10 18:10:05','订单回调','人工操作'),(1765,NULL,131,'20230110180655937T70K','124.122.125.51','2023-01-10 18:11:02','2023-01-10 18:11:02','订单回调','人工操作'),(1766,NULL,134,'20230110181416337HP0U','36.133.79.235','2023-01-10 18:16:49','2023-01-10 18:16:49','订单回调','人工操作'),(1767,NULL,131,'20230110181502003Q3PB','124.122.125.51','2023-01-10 18:17:15','2023-01-10 18:17:15','订单回调','人工操作'),(1768,NULL,134,'202301101815117694N3Y','36.133.79.235','2023-01-10 18:18:09','2023-01-10 18:18:09','订单回调','人工操作'),(1769,NULL,1,'20230110172651877CRMK','124.122.125.51','2023-01-10 18:19:00','2023-01-10 18:19:00','订单回调','人工操作'),(1770,NULL,131,'202301101814450388VVD','124.122.125.51','2023-01-10 18:19:09','2023-01-10 18:19:09','订单回调','人工操作'),(1771,NULL,131,'20230110182137024OLAH','124.122.125.51','2023-01-10 18:22:48','2023-01-10 18:22:48','订单回调','人工操作'),(1772,NULL,134,'20230110000366196983','36.133.79.235','2023-01-10 18:22:56','2023-01-10 18:22:56','订单回调','人工操作'),(1773,NULL,134,'202301101821449861R16','36.133.79.235','2023-01-10 18:23:32','2023-01-10 18:23:32','订单回调','人工操作'),(1774,NULL,131,'20230110182149990Y4JO','124.122.125.51','2023-01-10 18:23:33','2023-01-10 18:23:33','订单回调','人工操作'),(1775,NULL,134,'202301101822001824OGO','36.133.79.235','2023-01-10 18:24:04','2023-01-10 18:24:04','订单回调','人工操作'),(1776,NULL,134,'20230110182312228O1ZK','36.133.79.235','2023-01-10 18:24:35','2023-01-10 18:24:35','订单回调','人工操作'),(1777,NULL,134,'20230110182506678KZM7','36.133.79.235','2023-01-10 18:26:08','2023-01-10 18:26:08','订单回调','人工操作'),(1778,NULL,131,'20230110182540230R7A6','124.122.125.51','2023-01-10 18:29:28','2023-01-10 18:29:28','订单回调','人工操作'),(1779,NULL,131,'20230110182303952MOX2','124.122.125.51','2023-01-10 18:31:28','2023-01-10 18:31:28','订单回调','人工操作'),(1780,NULL,134,'20230110183100815QNG1','36.133.79.235','2023-01-10 18:32:53','2023-01-10 18:32:53','订单回调','人工操作'),(1781,NULL,131,'20230110183018827RL7Z','124.122.125.51','2023-01-10 18:32:54','2023-01-10 18:32:54','订单回调','人工操作'),(1782,NULL,131,'20230110183051610L5MB','124.122.125.51','2023-01-10 18:33:49','2023-01-10 18:33:49','订单回调','人工操作'),(1783,NULL,134,'202301101833077825FIV','36.133.79.235','2023-01-10 18:34:48','2023-01-10 18:34:48','订单回调','人工操作'),(1784,NULL,131,'20230110183210838NEOA','124.122.125.51','2023-01-10 18:35:25','2023-01-10 18:35:25','订单回调','人工操作'),(1785,NULL,134,'20230110184250645BS3I','36.133.79.235','2023-01-10 18:45:17','2023-01-10 18:45:17','订单回调','人工操作'),(1786,NULL,131,'20230110184331180GKCU','124.122.125.51','2023-01-10 18:46:22','2023-01-10 18:46:22','订单回调','人工操作'),(1787,NULL,134,'20230110184357044RSMN','36.133.79.235','2023-01-10 18:47:01','2023-01-10 18:47:01','订单回调','人工操作'),(1788,NULL,131,'20230110184337443C4B0','124.122.125.51','2023-01-10 18:47:06','2023-01-10 18:47:06','订单回调','人工操作'),(1789,NULL,134,'20230110000366197702','36.133.79.235','2023-01-10 18:47:42','2023-01-10 18:47:42','订单回调','人工操作'),(1790,NULL,131,'20230110000366197671','124.122.125.51','2023-01-10 18:47:54','2023-01-10 18:47:54','订单回调','人工操作'),(1791,NULL,134,'20230110184522343XV4N','36.133.79.235','2023-01-10 18:48:14','2023-01-10 18:48:14','订单回调','人工操作'),(1792,NULL,131,'202301101845346395VYU','124.122.125.51','2023-01-10 18:50:11','2023-01-10 18:50:11','订单回调','人工操作'),(1793,NULL,131,'20230110184646214COVZ','124.122.125.51','2023-01-10 18:50:58','2023-01-10 18:50:58','订单回调','人工操作'),(1794,NULL,131,'202301101849386381ZJ8','124.122.125.51','2023-01-10 18:52:16','2023-01-10 18:52:16','订单回调','人工操作'),(1795,NULL,134,'20230110185221460AMRX','171.96.191.174','2023-01-10 18:54:04','2023-01-10 18:54:04','订单回调','人工操作'),(1796,NULL,131,'20230110185209437CWX7','124.122.125.51','2023-01-10 18:55:32','2023-01-10 18:55:32','订单回调','人工操作'),(1797,NULL,134,'20230110185436669EEAX','171.96.191.174','2023-01-10 18:56:01','2023-01-10 18:56:01','订单回调','人工操作'),(1798,NULL,134,'20230110000366198135','171.96.191.174','2023-01-10 18:57:37','2023-01-10 18:57:37','订单回调','人工操作'),(1799,NULL,1,'88888824394429','124.122.125.51','2023-01-10 18:59:31','2023-01-10 18:59:31','卡商分配','人工操作'),(1800,NULL,1,'88888824394429','124.122.125.51','2023-01-10 18:59:46','2023-01-10 18:59:46','订单回调','人工操作'),(1801,NULL,131,'20230110000366198286','124.122.125.51','2023-01-10 19:03:02','2023-01-10 19:03:02','订单回调','人工操作'),(1802,NULL,131,'20230110190421360887Q','124.122.125.51','2023-01-10 19:05:22','2023-01-10 19:05:22','订单回调','人工操作'),(1803,NULL,134,'20230110190055923WB93','171.96.191.174','2023-01-10 19:06:10','2023-01-10 19:06:10','订单回调','人工操作'),(1804,NULL,134,'20230110190449378TWOM','171.96.191.174','2023-01-10 19:07:37','2023-01-10 19:07:37','订单回调','人工操作'),(1805,NULL,131,'202301101905380790W15','124.122.125.51','2023-01-10 19:08:47','2023-01-10 19:08:47','订单回调','人工操作'),(1806,NULL,134,'20230110190703183XVM9','171.96.191.174','2023-01-10 19:09:44','2023-01-10 19:09:44','订单回调','人工操作'),(1807,NULL,134,'20230110190139997QJ1M','171.96.191.174','2023-01-10 19:11:18','2023-01-10 19:11:18','订单回调','人工操作'),(1808,NULL,131,'20230110191003861HK17','124.122.125.51','2023-01-10 19:11:19','2023-01-10 19:11:19','订单回调','人工操作'),(1809,NULL,134,'202301101902326943K16','171.96.191.174','2023-01-10 19:11:55','2023-01-10 19:11:55','订单回调','人工操作'),(1810,NULL,134,'20230110191057218Z47W','171.96.191.174','2023-01-10 19:12:23','2023-01-10 19:12:23','订单回调','人工操作'),(1811,NULL,134,'20230110191251191JZA3','171.96.191.174','2023-01-10 19:13:47','2023-01-10 19:13:47','订单回调','人工操作'),(1812,NULL,134,'20230110191420058PFHG','171.96.191.174','2023-01-10 19:16:16','2023-01-10 19:16:16','订单回调','人工操作'),(1813,NULL,131,'20230110191550567K9VS','124.122.125.51','2023-01-10 19:17:21','2023-01-10 19:17:21','订单回调','人工操作'),(1814,NULL,131,'20230110191633197Y2D2','124.122.125.51','2023-01-10 19:18:26','2023-01-10 19:18:26','订单回调','人工操作'),(1815,NULL,134,'20230110192013290QYXQ','36.133.79.235','2023-01-10 19:21:42','2023-01-10 19:21:42','订单回调','人工操作'),(1816,NULL,131,'20230110000366198967','124.122.125.51','2023-01-10 19:22:18','2023-01-10 19:22:18','订单回调','人工操作'),(1817,NULL,134,'202301101853332837L8V','36.133.79.235','2023-01-10 19:23:34','2023-01-10 19:23:34','订单回调','人工操作'),(1818,NULL,131,'20230110192156467NPDN','124.122.125.51','2023-01-10 19:23:55','2023-01-10 19:23:55','订单回调','人工操作'),(1819,NULL,134,'20230110192417210RCPS','36.133.79.235','2023-01-10 19:26:28','2023-01-10 19:26:28','订单回调','人工操作'),(1820,NULL,134,'20230110192747384XKM8','36.133.79.235','2023-01-10 19:29:04','2023-01-10 19:29:04','订单回调','人工操作'),(1821,NULL,131,'20230110192620793PP2P','124.122.125.51','2023-01-10 19:30:35','2023-01-10 19:30:35','订单回调','人工操作'),(1822,NULL,134,'20230110192955185LUW6','36.133.79.235','2023-01-10 19:31:41','2023-01-10 19:31:41','订单回调','人工操作'),(1823,NULL,131,'2023011019285753988SE','124.122.125.51','2023-01-10 19:31:52','2023-01-10 19:31:52','订单回调','人工操作'),(1824,NULL,134,'202301101921283698U8Y','36.133.79.235','2023-01-10 19:32:28','2023-01-10 19:32:28','订单回调','人工操作'),(1825,NULL,131,'20230110193102650259O','124.122.125.51','2023-01-10 19:33:21','2023-01-10 19:33:21','订单回调','人工操作'),(1826,NULL,134,'20230110191131573WYMY','171.96.191.174','2023-01-10 19:33:42','2023-01-10 19:33:42','订单回调','人工操作'),(1827,NULL,131,'20230110000366199404','124.122.125.51','2023-01-10 19:34:50','2023-01-10 19:34:50','订单回调','人工操作'),(1828,NULL,134,'20230110193106185YYJ6','171.96.191.174','2023-01-10 19:35:43','2023-01-10 19:35:43','订单回调','人工操作'),(1829,NULL,131,'20230110193328388SY7L','124.122.125.51','2023-01-10 19:35:55','2023-01-10 19:35:55','订单回调','人工操作'),(1830,NULL,1,'8799063076945','124.122.125.51','2023-01-10 19:36:05','2023-01-10 19:36:05','卡商分配','人工操作'),(1831,NULL,1,'8799063076945','124.122.125.51','2023-01-10 19:36:10','2023-01-10 19:36:10','订单回调','人工操作'),(1832,NULL,134,'20230110193433293SNEZ','171.96.191.174','2023-01-10 19:36:57','2023-01-10 19:36:57','订单回调','人工操作'),(1833,NULL,131,'20230110193501976F2VG','124.122.125.51','2023-01-10 19:37:03','2023-01-10 19:37:03','订单回调','人工操作'),(1834,NULL,134,'20230110193521368NF1G','171.96.191.174','2023-01-10 19:37:45','2023-01-10 19:37:45','订单回调','人工操作'),(1835,NULL,131,'202301101935373549U7A','124.122.125.51','2023-01-10 19:37:48','2023-01-10 19:37:48','订单回调','人工操作'),(1836,NULL,131,'202301101936488807OYX','124.122.125.51','2023-01-10 19:38:40','2023-01-10 19:38:40','订单回调','人工操作'),(1837,NULL,134,'20230110193650117XQNT','171.96.191.174','2023-01-10 19:39:53','2023-01-10 19:39:53','订单回调','人工操作'),(1838,NULL,131,'20230110193724944BDV6','124.122.125.51','2023-01-10 19:40:13','2023-01-10 19:40:13','订单回调','人工操作'),(1839,NULL,134,'20230110193937764Q3MS','171.96.191.174','2023-01-10 19:41:31','2023-01-10 19:41:31','订单回调','人工操作'),(1840,NULL,131,'20230110192231059T86C','124.122.125.51','2023-01-10 19:41:56','2023-01-10 19:41:56','订单回调','人工操作'),(1841,NULL,134,'20230110193958495NI1Z','171.96.191.174','2023-01-10 19:42:16','2023-01-10 19:42:16','订单回调','人工操作'),(1842,NULL,134,'20230110194010807ON7W','171.96.191.174','2023-01-10 19:43:11','2023-01-10 19:43:11','订单回调','人工操作'),(1843,NULL,131,'20230110194110009A74P','124.122.125.51','2023-01-10 19:44:30','2023-01-10 19:44:30','订单回调','人工操作'),(1844,NULL,131,'2023011019211140707H3','124.122.125.51','2023-01-10 19:45:22','2023-01-10 19:45:22','订单回调','人工操作'),(1845,NULL,134,'20230110194143348HA98','171.96.191.174','2023-01-10 19:45:58','2023-01-10 19:45:58','订单回调','人工操作'),(1846,NULL,131,'20230110194133057DPGN','124.122.125.51','2023-01-10 19:46:31','2023-01-10 19:46:31','订单回调','人工操作'),(1847,NULL,131,'2023011019433139860OD','124.122.125.51','2023-01-10 19:47:50','2023-01-10 19:47:50','订单回调','人工操作'),(1848,NULL,134,'202301101947193002YBY','171.96.191.174','2023-01-10 19:49:25','2023-01-10 19:49:25','订单回调','人工操作'),(1849,NULL,131,'202301101947380327N5G','124.122.125.51','2023-01-10 19:49:52','2023-01-10 19:49:52','订单回调','人工操作'),(1850,NULL,131,'20230110194800418KP4N','124.122.125.51','2023-01-10 19:50:47','2023-01-10 19:50:47','订单回调','人工操作'),(1851,NULL,134,'20230110194250765DUIG','171.96.191.174','2023-01-10 19:52:13','2023-01-10 19:52:13','订单回调','人工操作'),(1852,NULL,134,'20230110000366199319','171.96.191.174','2023-01-10 19:56:13','2023-01-10 19:56:13','订单回调','人工操作'),(1853,NULL,131,'202301101955556800DR8','124.122.125.51','2023-01-10 19:57:57','2023-01-10 19:57:57','订单回调','人工操作'),(1854,NULL,131,'20230110195527621GOKU','124.122.125.51','2023-01-10 19:58:41','2023-01-10 19:58:41','订单回调','人工操作'),(1855,NULL,131,'202301101956035199YQZ','124.122.125.51','2023-01-10 19:59:33','2023-01-10 19:59:33','订单回调','人工操作'),(1856,NULL,131,'20230110000366200569','124.122.125.51','2023-01-10 20:00:25','2023-01-10 20:00:25','订单回调','人工操作'),(1857,NULL,134,'202301101957321188KWS','36.133.79.235','2023-01-10 20:00:31','2023-01-10 20:00:31','订单回调','人工操作'),(1858,NULL,131,'20230110195747042P0E8','124.122.125.51','2023-01-10 20:00:52','2023-01-10 20:00:52','订单回调','人工操作'),(1859,NULL,131,'20230110200006317VRE8','124.122.125.51','2023-01-10 20:01:17','2023-01-10 20:01:17','订单回调','人工操作'),(1860,NULL,131,'20230110195632235XSIW','124.122.125.51','2023-01-10 20:02:14','2023-01-10 20:02:14','订单回调','人工操作'),(1861,NULL,131,'20230110200054804C949','124.122.125.51','2023-01-10 20:02:30','2023-01-10 20:02:30','订单回调','人工操作'),(1862,NULL,131,'20230110200142391O2RB','124.122.125.51','2023-01-10 20:02:33','2023-01-10 20:02:33','订单回调','人工操作'),(1863,NULL,134,'20230110000366200538','36.133.79.235','2023-01-10 20:02:50','2023-01-10 20:02:50','订单回调','人工操作'),(1864,NULL,1,'20230110000366200538','124.122.125.51','2023-01-10 20:03:05','2023-01-10 20:03:05','订单回调','人工操作'),(1865,NULL,134,'20230110200221442CFK6','36.133.79.235','2023-01-10 20:03:39','2023-01-10 20:03:39','订单回调','人工操作'),(1866,NULL,134,'20230110000366200814','36.133.79.235','2023-01-10 20:04:28','2023-01-10 20:04:28','订单回调','人工操作'),(1867,NULL,134,'20230110000366200823','36.133.79.235','2023-01-10 20:05:12','2023-01-10 20:05:12','订单回调','人工操作'),(1868,NULL,134,'202301102003376745Q02','36.133.79.235','2023-01-10 20:06:03','2023-01-10 20:06:03','订单回调','人工操作'),(1869,NULL,134,'20230110200452478T966','36.133.79.235','2023-01-10 20:06:38','2023-01-10 20:06:38','订单回调','人工操作'),(1870,NULL,131,'202301101957371221JXY','124.122.125.51','2023-01-10 20:07:07','2023-01-10 20:07:07','订单回调','人工操作'),(1871,NULL,134,'20230110200454902L2YN','36.133.79.235','2023-01-10 20:07:25','2023-01-10 20:07:25','订单回调','人工操作'),(1872,NULL,134,'20230110200641331QQRM','36.133.79.235','2023-01-10 20:09:03','2023-01-10 20:09:03','订单回调','人工操作'),(1873,NULL,134,'20230110200824834B413','36.133.79.235','2023-01-10 20:10:13','2023-01-10 20:10:13','订单回调','人工操作'),(1874,NULL,134,'20230110195556739FF2R','36.133.79.235','2023-01-10 20:12:25','2023-01-10 20:12:25','订单回调','人工操作'),(1875,NULL,134,'20230110200056955NZJN','36.133.79.235','2023-01-10 20:13:16','2023-01-10 20:13:16','订单回调','人工操作'),(1876,NULL,131,'20230110195848015YA3E','124.122.125.51','2023-01-10 20:14:27','2023-01-10 20:14:27','订单回调','人工操作'),(1877,NULL,134,'20230110195102466UYGI','36.133.79.235','2023-01-10 20:15:55','2023-01-10 20:15:55','订单回调','人工操作'),(1878,NULL,134,'20230110201350984R6G9','36.133.79.235','2023-01-10 20:18:30','2023-01-10 20:18:30','订单回调','人工操作'),(1879,NULL,134,'2023011020140031939VG','36.133.79.235','2023-01-10 20:19:09','2023-01-10 20:19:09','订单回调','人工操作'),(1880,NULL,134,'20230110201443611ZPFO','36.133.79.235','2023-01-10 20:20:39','2023-01-10 20:20:39','订单回调','人工操作'),(1881,NULL,134,'202301102017185598L2D','36.133.79.235','2023-01-10 20:22:29','2023-01-10 20:22:29','订单回调','人工操作'),(1882,NULL,134,'20230110201748274UF7R','36.133.79.235','2023-01-10 20:23:00','2023-01-10 20:23:00','订单回调','人工操作'),(1883,NULL,134,'20230110201837006IK4V','36.133.79.235','2023-01-10 20:23:55','2023-01-10 20:23:55','订单回调','人工操作'),(1884,NULL,134,'202301102019223375RRP','36.133.79.235','2023-01-10 20:24:46','2023-01-10 20:24:46','订单回调','人工操作'),(1885,NULL,134,'20230110000366201597','36.133.79.235','2023-01-10 20:26:24','2023-01-10 20:26:24','订单回调','人工操作'),(1886,NULL,134,'2023011020240477680GI','36.133.79.235','2023-01-10 20:26:52','2023-01-10 20:26:52','订单回调','人工操作'),(1887,NULL,134,'20230110202414650HOKV','36.133.79.235','2023-01-10 20:27:18','2023-01-10 20:27:18','订单回调','人工操作'),(1888,NULL,134,'20230110000366201790','36.133.79.235','2023-01-10 20:30:06','2023-01-10 20:30:06','订单回调','人工操作'),(1889,NULL,134,'20230110000366201880','36.133.79.235','2023-01-10 20:33:02','2023-01-10 20:33:02','订单回调','人工操作'),(1890,NULL,134,'20230110203343324218H','36.133.79.235','2023-01-10 20:38:26','2023-01-10 20:38:26','订单回调','人工操作'),(1891,NULL,134,'20230110203413790W2RH','36.133.79.235','2023-01-10 20:38:59','2023-01-10 20:38:59','订单回调','人工操作'),(1892,NULL,134,'20230110203523207DYCS','36.133.79.235','2023-01-10 20:39:35','2023-01-10 20:39:35','订单回调','人工操作'),(1893,NULL,134,'202301102035422116S2G','36.133.79.235','2023-01-10 20:40:19','2023-01-10 20:40:19','订单回调','人工操作'),(1894,NULL,134,'202301102036186504VF5','36.133.79.235','2023-01-10 20:41:20','2023-01-10 20:41:20','订单回调','人工操作'),(1895,NULL,134,'20230110203625598TDJH','36.133.79.235','2023-01-10 20:42:08','2023-01-10 20:42:08','订单回调','人工操作'),(1896,NULL,134,'20230110203654809K4MC','36.133.79.235','2023-01-10 20:42:46','2023-01-10 20:42:46','订单回调','人工操作'),(1897,NULL,134,'202301102039594641DCP','36.133.79.235','2023-01-10 20:44:13','2023-01-10 20:44:13','订单回调','人工操作'),(1898,NULL,134,'20230110204057154E2FD','36.133.79.235','2023-01-10 20:45:14','2023-01-10 20:45:14','订单回调','人工操作'),(1899,NULL,134,'20230110204100472CN2H','36.133.79.235','2023-01-10 20:45:52','2023-01-10 20:45:52','订单回调','人工操作'),(1900,NULL,134,'20230110204135405NJ54','36.133.79.235','2023-01-10 20:47:18','2023-01-10 20:47:18','订单回调','人工操作'),(1901,NULL,134,'20230110204150237ASCK','36.133.79.235','2023-01-10 20:48:15','2023-01-10 20:48:15','订单回调','人工操作'),(1902,NULL,134,'20230110204408197HD8L','36.133.79.235','2023-01-10 20:50:58','2023-01-10 20:50:58','订单回调','人工操作'),(1903,NULL,134,'20230110000366202310','36.133.79.235','2023-01-10 20:51:36','2023-01-10 20:51:36','订单回调','人工操作'),(1904,NULL,134,'20230110000366202369','36.133.79.235','2023-01-10 20:52:13','2023-01-10 20:52:13','订单回调','人工操作'),(1905,NULL,134,'20230110204718265FNQA','36.133.79.235','2023-01-10 20:55:23','2023-01-10 20:55:23','订单回调','人工操作'),(1906,NULL,134,'202301102047525662WCS','36.133.79.235','2023-01-10 20:56:19','2023-01-10 20:56:19','订单回调','人工操作'),(1907,NULL,134,'202301102047542715IFK','36.133.79.235','2023-01-10 20:57:13','2023-01-10 20:57:13','订单回调','人工操作'),(1908,NULL,134,'20230110205123851EGIJ','36.133.79.235','2023-01-10 20:57:54','2023-01-10 20:57:54','订单回调','人工操作'),(1909,NULL,134,'20230110205223148736O','36.133.79.235','2023-01-10 20:59:01','2023-01-10 20:59:01','订单回调','人工操作'),(1910,NULL,134,'20230110000366202765','36.133.79.235','2023-01-10 20:59:56','2023-01-10 20:59:56','订单回调','人工操作'),(1911,NULL,134,'20230110205530025PVCZ','36.133.79.235','2023-01-10 21:00:32','2023-01-10 21:00:32','订单回调','人工操作'),(1912,NULL,134,'20230110205532663V9XD','36.133.79.235','2023-01-10 21:01:02','2023-01-10 21:01:02','订单回调','人工操作'),(1913,NULL,134,'20230110205624996BATC','36.133.79.235','2023-01-10 21:02:09','2023-01-10 21:02:09','订单回调','人工操作'),(1914,NULL,134,'20230110205641135UI0R','36.133.79.235','2023-01-10 21:02:52','2023-01-10 21:02:52','订单回调','人工操作'),(1915,NULL,134,'20230110205750006KPWV','36.133.79.235','2023-01-10 21:03:43','2023-01-10 21:03:43','订单回调','人工操作'),(1916,NULL,134,'202301102057559616QY2','36.133.79.235','2023-01-10 21:04:11','2023-01-10 21:04:11','订单回调','人工操作'),(1917,NULL,134,'20230110210437409G8T8','171.96.191.174','2023-01-10 21:06:34','2023-01-10 21:06:34','订单回调','人工操作'),(1918,NULL,134,'20230110210057778ZGL0','36.133.79.235','2023-01-10 21:06:39','2023-01-10 21:06:39','订单回调','人工操作'),(1919,NULL,134,'202301102106250064EWL','171.96.191.174','2023-01-10 21:08:13','2023-01-10 21:08:13','订单回调','人工操作'),(1920,NULL,134,'202301102101227888MW9','171.96.191.174','2023-01-10 21:11:46','2023-01-10 21:11:46','订单回调','人工操作'),(1921,NULL,134,'20230110210131172HW5R','171.96.191.174','2023-01-10 21:12:52','2023-01-10 21:12:52','订单回调','人工操作'),(1922,NULL,134,'20230110210606678PFUO','171.96.191.174','2023-01-10 21:15:42','2023-01-10 21:15:42','订单回调','人工操作'),(1923,NULL,134,'20230110210756117JMRU','171.96.191.174','2023-01-10 21:17:04','2023-01-10 21:17:04','订单回调','人工操作'),(1924,NULL,134,'20230110210819758TM14','171.96.191.174','2023-01-10 21:17:32','2023-01-10 21:17:32','订单回调','人工操作'),(1925,NULL,134,'20230110211124424SJQJ','171.96.191.174','2023-01-10 21:18:18','2023-01-10 21:18:18','订单回调','人工操作'),(1926,NULL,134,'20230110210217407OAP7','171.96.191.174','2023-01-10 21:18:29','2023-01-10 21:18:29','订单回调','人工操作'),(1927,NULL,134,'20230110211810604T4MY','171.96.191.174','2023-01-10 21:19:19','2023-01-10 21:19:19','订单回调','人工操作'),(1928,NULL,134,'20230110210159619LX46','171.96.191.174','2023-01-10 21:19:30','2023-01-10 21:19:30','订单回调','人工操作'),(1929,NULL,134,'20230110211845561UTEZ','171.96.191.174','2023-01-10 21:20:09','2023-01-10 21:20:09','订单回调','人工操作'),(1930,NULL,1,'20230110204231796EK39','124.122.125.51','2023-01-10 21:20:23','2023-01-10 21:20:23','订单回调','人工操作'),(1931,NULL,134,'202301102119133065NOP','171.96.191.174','2023-01-10 21:23:23','2023-01-10 21:23:23','订单回调','人工操作'),(1932,NULL,134,'20230110210321545TRDS','171.96.191.174','2023-01-10 21:23:55','2023-01-10 21:23:55','订单回调','人工操作'),(1933,NULL,134,'20230110211333811FHRT','171.96.191.174','2023-01-10 21:26:20','2023-01-10 21:26:20','订单回调','人工操作'),(1934,NULL,134,'2023011021134230559W6','171.96.191.174','2023-01-10 21:27:11','2023-01-10 21:27:11','订单回调','人工操作'),(1935,NULL,134,'20230110211349563XJT5','171.96.191.174','2023-01-10 21:28:07','2023-01-10 21:28:07','订单回调','人工操作'),(1936,NULL,1,'20230110210217479DZCO','124.122.125.51','2023-01-10 22:00:03','2023-01-10 22:00:03','订单回调','人工操作'),(1937,NULL,1,'82969466046580','124.122.125.51','2023-01-10 22:02:18','2023-01-10 22:02:18','卡商分配','人工操作'),(1938,NULL,1,'20230110172747113SQ62','124.122.125.51','2023-01-10 22:03:35','2023-01-10 22:03:35','订单回调','人工操作'),(1939,NULL,1,'202301102103531087GUW','124.122.125.51','2023-01-10 22:05:28','2023-01-10 22:05:28','订单回调','人工操作'),(1940,NULL,1,'1334550904114','124.122.125.51','2023-01-10 22:07:56','2023-01-10 22:07:56','订单回调','人工操作'),(1941,NULL,1,'82969466046580','124.122.125.51','2023-01-10 23:09:10','2023-01-10 23:09:10','订单回调','人工操作'),(1942,NULL,1,'2023011018170064320Y9','124.122.125.51','2023-01-11 00:31:13','2023-01-11 00:31:13','订单回调','人工操作'),(1943,NULL,131,'20230111000366237736','124.122.125.51','2023-01-11 13:01:17','2023-01-11 13:01:17','订单回调','人工操作'),(1944,NULL,131,'20230111000366238599','124.122.125.51','2023-01-11 13:16:15','2023-01-11 13:16:15','订单回调','人工操作'),(1945,NULL,1,'20230110175013349UO7Q','124.122.125.51','2023-01-11 13:29:01','2023-01-11 13:29:01','订单回调','人工操作'),(1946,NULL,131,'20230111000366239122','124.122.125.51','2023-01-11 13:31:47','2023-01-11 13:31:47','订单回调','人工操作'),(1947,NULL,1,'91399053325409','124.122.125.51','2023-01-11 13:36:51','2023-01-11 13:36:51','卡商分配','人工操作'),(1948,NULL,131,'20230111000366239265','124.122.125.51','2023-01-11 13:37:18','2023-01-11 13:37:18','订单回调','人工操作'),(1949,NULL,131,'20230111133629013HRJ0','124.122.125.51','2023-01-11 13:39:49','2023-01-11 13:39:49','订单回调','人工操作'),(1950,NULL,131,'20230111133337807VIAY','124.122.125.51','2023-01-11 13:41:06','2023-01-11 13:41:06','订单回调','人工操作'),(1951,NULL,131,'20230111133654554YLRP','124.122.125.51','2023-01-11 13:42:45','2023-01-11 13:42:45','订单回调','人工操作'),(1952,NULL,131,'20230111133717144JTGB','124.122.125.51','2023-01-11 13:43:56','2023-01-11 13:43:56','订单回调','人工操作'),(1953,NULL,131,'20230111133729484M6WH','124.122.125.51','2023-01-11 13:44:32','2023-01-11 13:44:32','订单回调','人工操作'),(1954,NULL,131,'202301111337469379SB8','124.122.125.51','2023-01-11 13:46:00','2023-01-11 13:46:00','订单回调','人工操作'),(1955,NULL,131,'20230111000366239416','124.122.125.51','2023-01-11 13:48:47','2023-01-11 13:48:47','订单回调','人工操作'),(1956,NULL,131,'20230111134228914STZN','124.122.125.51','2023-01-11 13:50:44','2023-01-11 13:50:44','订单回调','人工操作'),(1957,NULL,131,'20230111134238109THK0','124.122.125.51','2023-01-11 13:51:40','2023-01-11 13:51:40','订单回调','人工操作'),(1958,NULL,131,'20230111134324967USZU','124.122.125.51','2023-01-11 13:52:46','2023-01-11 13:52:46','订单回调','人工操作'),(1959,NULL,131,'20230111134424201N2KI','124.122.125.51','2023-01-11 13:53:37','2023-01-11 13:53:37','订单回调','人工操作'),(1960,NULL,131,'20230111134519285MKQK','124.122.125.51','2023-01-11 13:54:43','2023-01-11 13:54:43','订单回调','人工操作'),(1961,NULL,131,'20230111000366239668','124.122.125.51','2023-01-11 13:57:30','2023-01-11 13:57:30','订单回调','人工操作'),(1962,NULL,131,'20230111134900962FV8U','124.122.125.51','2023-01-11 13:58:56','2023-01-11 13:58:56','订单回调','人工操作'),(1963,NULL,131,'20230111134900117LFTF','124.122.125.51','2023-01-11 13:59:39','2023-01-11 13:59:39','订单回调','人工操作'),(1964,NULL,131,'2023011113490361937PW','124.122.125.51','2023-01-11 14:01:31','2023-01-11 14:01:31','订单回调','人工操作'),(1965,NULL,131,'20230111000366239818','124.122.125.51','2023-01-11 14:02:45','2023-01-11 14:02:45','订单回调','人工操作'),(1966,NULL,131,'20230111000366239954','124.122.125.51','2023-01-11 14:07:00','2023-01-11 14:07:00','订单回调','人工操作'),(1967,NULL,131,'20230111135838371TWPB','124.122.125.51','2023-01-11 14:08:04','2023-01-11 14:08:04','订单回调','人工操作'),(1968,NULL,131,'20230111140141705P06U','124.122.125.51','2023-01-11 14:09:43','2023-01-11 14:09:43','订单回调','人工操作'),(1969,NULL,131,'20230111140145958XI2Y','124.122.125.51','2023-01-11 14:10:48','2023-01-11 14:10:48','订单回调','人工操作'),(1970,NULL,131,'202301111402126680FNR','124.122.125.51','2023-01-11 14:11:29','2023-01-11 14:11:29','订单回调','人工操作'),(1971,NULL,131,'202301111402464027SWN','124.122.125.51','2023-01-11 14:13:26','2023-01-11 14:13:26','订单回调','人工操作'),(1972,NULL,131,'20230111140458276471P','124.122.125.51','2023-01-11 14:15:03','2023-01-11 14:15:03','订单回调','人工操作'),(1973,NULL,134,'20230111141411325EMRH','171.96.191.174','2023-01-11 14:15:41','2023-01-11 14:15:41','订单回调','人工操作'),(1974,NULL,131,'20230111140815590BP3Y','124.122.125.51','2023-01-11 14:18:33','2023-01-11 14:18:33','订单回调','人工操作'),(1975,NULL,131,'20230111140825556S39A','124.122.125.51','2023-01-11 14:19:19','2023-01-11 14:19:19','订单回调','人工操作'),(1976,NULL,131,'20230111140924993ZO2F','124.122.125.51','2023-01-11 14:20:51','2023-01-11 14:20:51','订单回调','人工操作'),(1977,NULL,134,'20230111142007981O9PO','171.96.191.174','2023-01-11 14:21:20','2023-01-11 14:21:20','订单回调','人工操作'),(1978,NULL,131,'20230111141021914P95Z','124.122.125.51','2023-01-11 14:21:45','2023-01-11 14:21:45','订单回调','人工操作'),(1979,NULL,134,'20230111142105350O6C7','171.96.191.174','2023-01-11 14:22:29','2023-01-11 14:22:29','订单回调','人工操作'),(1980,NULL,131,'20230111000366240440','124.122.125.51','2023-01-11 14:22:36','2023-01-11 14:22:36','订单回调','人工操作'),(1981,NULL,131,'20230111141513740K1TN','124.122.125.51','2023-01-11 14:23:31','2023-01-11 14:23:31','订单回调','人工操作'),(1982,NULL,131,'202301111409412730RWJ','124.122.125.51','2023-01-11 14:25:15','2023-01-11 14:25:15','订单回调','人工操作'),(1983,NULL,131,'20230111141706732LZI0','124.122.125.51','2023-01-11 14:26:22','2023-01-11 14:26:22','订单回调','人工操作'),(1984,NULL,134,'2023011114235860941UD','171.96.191.174','2023-01-11 14:26:48','2023-01-11 14:26:48','订单回调','人工操作'),(1985,NULL,131,'20230111142225292JUDR','124.122.125.51','2023-01-11 14:28:07','2023-01-11 14:28:07','订单回调','人工操作'),(1986,NULL,131,'20230111142244683NP9B','124.122.125.51','2023-01-11 14:29:03','2023-01-11 14:29:03','订单回调','人工操作'),(1987,NULL,134,'20230111142702883GSWN','171.96.191.174','2023-01-11 14:29:19','2023-01-11 14:29:19','订单回调','人工操作'),(1988,NULL,131,'202301111429070639E3E','124.122.125.51','2023-01-11 14:31:19','2023-01-11 14:31:19','订单回调','人工操作'),(1989,NULL,134,'2023011114163270274RW','171.96.191.174','2023-01-11 14:36:07','2023-01-11 14:36:07','订单回调','人工操作'),(1990,NULL,134,'20230111000366241633','36.137.17.37','2023-01-11 14:47:20','2023-01-11 14:47:20','订单回调','人工操作'),(1991,NULL,131,'20230111000366241514','124.122.125.51','2023-01-11 14:50:52','2023-01-11 14:50:52','订单回调','人工操作'),(1992,NULL,134,'20230111000366242178','36.137.182.166','2023-01-11 15:03:27','2023-01-11 15:03:27','订单回调','人工操作'),(1993,NULL,131,'20230111000366241981','124.122.125.51','2023-01-11 15:06:35','2023-01-11 15:06:35','订单回调','人工操作'),(1994,NULL,134,'20230111000366242479','171.96.191.174','2023-01-11 15:17:27','2023-01-11 15:17:27','订单回调','人工操作'),(1995,NULL,131,'202301111517516731KJU','124.122.125.51','2023-01-11 15:20:09','2023-01-11 15:20:09','订单回调','人工操作'),(1996,NULL,131,'20230111151839847MU4C','124.122.125.51','2023-01-11 15:21:06','2023-01-11 15:21:06','订单回调','人工操作'),(1997,NULL,131,'20230111151927885U86L','124.122.125.51','2023-01-11 15:23:06','2023-01-11 15:23:06','订单回调','人工操作'),(1998,NULL,131,'20230111152015336OT0T','124.122.125.51','2023-01-11 15:24:12','2023-01-11 15:24:12','订单回调','人工操作'),(1999,NULL,1,'91399053325409','124.122.125.51','2023-01-11 15:25:36','2023-01-11 15:25:36','订单回调','人工操作'),(2000,NULL,131,'202301111523250393R2B','124.122.125.51','2023-01-11 15:26:29','2023-01-11 15:26:29','订单回调','人工操作'),(2001,NULL,131,'2023011115243452028XG','124.122.125.51','2023-01-11 15:28:06','2023-01-11 15:28:06','订单回调','人工操作'),(2002,NULL,134,'20230111151811535UQUF','36.137.17.16','2023-01-11 15:28:41','2023-01-11 15:28:41','订单回调','人工操作'),(2003,NULL,134,'202301111519340820STJ','36.137.17.16','2023-01-11 15:30:19','2023-01-11 15:30:19','订单回调','人工操作'),(2004,NULL,134,'20230111152254926YD75','36.137.17.16','2023-01-11 15:31:08','2023-01-11 15:31:08','订单回调','人工操作'),(2005,NULL,134,'20230111152105049563G','36.137.17.16','2023-01-11 15:32:23','2023-01-11 15:32:23','订单回调','人工操作'),(2006,NULL,131,'20230111000366242696','124.122.125.51','2023-01-11 15:33:02','2023-01-11 15:33:02','订单回调','人工操作'),(2007,NULL,134,'20230111152332147CTBW','36.137.17.16','2023-01-11 15:34:33','2023-01-11 15:34:33','订单回调','人工操作'),(2008,NULL,134,'20230111152339127OOY3','36.137.17.16','2023-01-11 15:35:01','2023-01-11 15:35:01','订单回调','人工操作'),(2009,NULL,134,'20230111152528125NW40','36.137.17.16','2023-01-11 15:36:14','2023-01-11 15:36:14','订单回调','人工操作'),(2010,NULL,134,'20230111152723495RYJF','36.137.17.16','2023-01-11 15:37:01','2023-01-11 15:37:01','订单回调','人工操作'),(2011,NULL,134,'202301111527359176NTM','36.137.17.16','2023-01-11 15:37:46','2023-01-11 15:37:46','订单回调','人工操作'),(2012,NULL,134,'20230111153156150CW38','36.137.17.16','2023-01-11 15:38:49','2023-01-11 15:38:49','订单回调','人工操作'),(2013,NULL,134,'20230111152847432JHEJ','36.137.17.16','2023-01-11 15:39:23','2023-01-11 15:39:23','订单回调','人工操作'),(2014,NULL,134,'202301111530423576ZJK','36.137.17.16','2023-01-11 15:39:51','2023-01-11 15:39:51','订单回调','人工操作'),(2015,NULL,134,'20230111153338172RD2P','36.137.17.16','2023-01-11 15:40:40','2023-01-11 15:40:40','订单回调','人工操作'),(2016,NULL,134,'20230111153408419PK2Z','36.137.17.16','2023-01-11 15:41:13','2023-01-11 15:41:13','订单回调','人工操作'),(2017,NULL,134,'202301111535074853THB','36.137.17.16','2023-01-11 15:41:40','2023-01-11 15:41:40','订单回调','人工操作'),(2018,NULL,131,'202301111539453745FIR','124.122.125.51','2023-01-11 15:42:13','2023-01-11 15:42:13','订单回调','人工操作'),(2019,NULL,134,'20230111153601662WO3S','36.137.17.16','2023-01-11 15:42:19','2023-01-11 15:42:19','订单回调','人工操作'),(2020,NULL,131,'20230111152830200ZT0W','124.122.125.51','2023-01-11 15:42:58','2023-01-11 15:42:58','订单回调','人工操作'),(2021,NULL,134,'202301111541163928P2K','36.137.17.16','2023-01-11 15:43:49','2023-01-11 15:43:49','订单回调','人工操作'),(2022,NULL,131,'20230111154316971F1UQ','124.122.125.51','2023-01-11 15:45:39','2023-01-11 15:45:39','订单回调','人工操作'),(2023,NULL,131,'20230111154447573D6PS','124.122.125.51','2023-01-11 15:46:35','2023-01-11 15:46:35','订单回调','人工操作'),(2024,NULL,134,'202301111545598218W0C','36.137.17.16','2023-01-11 15:46:41','2023-01-11 15:46:41','订单回调','人工操作'),(2025,NULL,131,'20230111154655799I51N','124.122.125.51','2023-01-11 15:49:07','2023-01-11 15:49:07','订单回调','人工操作'),(2026,NULL,134,'20230111154952404GB44','171.96.191.174','2023-01-11 15:51:29','2023-01-11 15:51:29','订单回调','人工操作'),(2027,NULL,131,'20230111155057433GLAC','124.122.125.51','2023-01-11 15:52:06','2023-01-11 15:52:06','订单回调','人工操作'),(2028,NULL,134,'20230111154414641DPG7','171.96.191.174','2023-01-11 15:52:53','2023-01-11 15:52:53','订单回调','人工操作'),(2029,NULL,131,'2023011115530382982HK','124.122.125.51','2023-01-11 15:55:27','2023-01-11 15:55:27','订单回调','人工操作'),(2030,NULL,134,'20230111155457287UV7P','171.96.191.174','2023-01-11 15:55:58','2023-01-11 15:55:58','订单回调','人工操作'),(2031,NULL,131,'20230111160111871FVBZ','124.122.125.51','2023-01-11 16:02:25','2023-01-11 16:02:25','订单回调','人工操作'),(2032,NULL,131,'202301111602090970VI3','124.122.125.51','2023-01-11 16:03:09','2023-01-11 16:03:09','订单回调','人工操作'),(2033,NULL,134,'2023011116012643721D3','171.96.191.174','2023-01-11 16:03:22','2023-01-11 16:03:22','订单回调','人工操作'),(2034,NULL,134,'20230111160135193Z3Q8','171.96.191.174','2023-01-11 16:04:07','2023-01-11 16:04:07','订单回调','人工操作'),(2035,NULL,134,'20230111160334982GD9B','171.96.191.174','2023-01-11 16:05:46','2023-01-11 16:05:46','订单回调','人工操作'),(2036,NULL,131,'20230111160355975C3BK','124.122.125.51','2023-01-11 16:06:25','2023-01-11 16:06:25','订单回调','人工操作'),(2037,NULL,134,'20230111160353407ZLTB','171.96.191.174','2023-01-11 16:06:38','2023-01-11 16:06:38','订单回调','人工操作'),(2038,NULL,134,'20230111160440737WSA2','171.96.191.174','2023-01-11 16:08:17','2023-01-11 16:08:17','订单回调','人工操作'),(2039,NULL,134,'20230111160749890CPW7','171.96.191.174','2023-01-11 16:10:22','2023-01-11 16:10:22','订单回调','人工操作'),(2040,NULL,131,'20230111160947550IC4Y','124.122.125.51','2023-01-11 16:11:05','2023-01-11 16:11:05','订单回调','人工操作'),(2041,NULL,134,'20230111160456881XFT1','36.137.17.16','2023-01-11 16:11:31','2023-01-11 16:11:31','订单回调','人工操作'),(2042,NULL,131,'20230111161130969ZGVK','124.122.125.51','2023-01-11 16:12:16','2023-01-11 16:12:16','订单回调','人工操作'),(2043,NULL,134,'20230111160844298L3TL','36.137.17.16','2023-01-11 16:12:44','2023-01-11 16:12:44','订单回调','人工操作'),(2044,NULL,134,'20230111000366244165','36.137.17.16','2023-01-11 16:13:31','2023-01-11 16:13:31','订单回调','人工操作'),(2045,NULL,134,'202301111609288761QUN','36.137.17.16','2023-01-11 16:14:53','2023-01-11 16:14:53','订单回调','人工操作'),(2046,NULL,134,'20230111161133006OMLF','36.137.17.16','2023-01-11 16:16:02','2023-01-11 16:16:02','订单回调','人工操作'),(2047,NULL,134,'202301111611140523MIC','36.137.17.16','2023-01-11 16:16:38','2023-01-11 16:16:38','订单回调','人工操作'),(2048,NULL,131,'20230111161543957K7RS','124.122.125.51','2023-01-11 16:17:04','2023-01-11 16:17:04','订单回调','人工操作'),(2049,NULL,134,'20230111161432386YV7Q','36.137.17.16','2023-01-11 16:18:40','2023-01-11 16:18:40','订单回调','人工操作'),(2050,NULL,134,'20230111000366244485','36.137.17.16','2023-01-11 16:19:41','2023-01-11 16:19:41','订单回调','人工操作'),(2051,NULL,134,'20230111000366244540','36.137.17.16','2023-01-11 16:20:44','2023-01-11 16:20:44','订单回调','人工操作'),(2052,NULL,134,'20230111161852780CJEM','36.137.17.16','2023-01-11 16:21:11','2023-01-11 16:21:11','订单回调','人工操作'),(2053,NULL,131,'20230111161658791Y96E','124.122.125.51','2023-01-11 16:22:00','2023-01-11 16:22:00','订单回调','人工操作'),(2054,NULL,134,'202301111625577046GZ4','36.137.17.16','2023-01-11 16:26:50','2023-01-11 16:26:50','订单回调','人工操作'),(2055,NULL,134,'20230111162606629XYWS','36.137.17.16','2023-01-11 16:27:21','2023-01-11 16:27:21','订单回调','人工操作'),(2056,NULL,134,'20230111162634137X2QV','36.137.17.16','2023-01-11 16:29:03','2023-01-11 16:29:03','订单回调','人工操作'),(2057,NULL,134,'20230111162647449KO26','36.137.17.16','2023-01-11 16:29:31','2023-01-11 16:29:31','订单回调','人工操作'),(2058,NULL,134,'20230111162728323Y4PL','36.137.17.16','2023-01-11 16:29:59','2023-01-11 16:29:59','订单回调','人工操作'),(2059,NULL,134,'20230111162827715Q6JI','36.137.17.16','2023-01-11 16:30:41','2023-01-11 16:30:41','订单回调','人工操作'),(2060,NULL,134,'20230111000366244891','36.137.17.16','2023-01-11 16:31:33','2023-01-11 16:31:33','订单回调','人工操作'),(2061,NULL,134,'20230111162856876D8IA','36.137.17.16','2023-01-11 16:31:55','2023-01-11 16:31:55','订单回调','人工操作'),(2062,NULL,131,'20230111162936737LUSX','124.122.125.51','2023-01-11 16:32:36','2023-01-11 16:32:36','订单回调','人工操作'),(2063,NULL,134,'20230111162932323EASN','36.137.17.16','2023-01-11 16:33:11','2023-01-11 16:33:11','订单回调','人工操作'),(2064,NULL,131,'20230111162401435ZWDB','124.122.125.51','2023-01-11 16:33:26','2023-01-11 16:33:26','订单回调','人工操作'),(2065,NULL,131,'20230111162944884TU7I','124.122.125.51','2023-01-11 16:34:18','2023-01-11 16:34:18','订单回调','人工操作'),(2066,NULL,134,'20230111163013667QD8R','36.137.17.16','2023-01-11 16:34:41','2023-01-11 16:34:41','订单回调','人工操作'),(2067,NULL,131,'20230111163241094XNPR','124.122.125.51','2023-01-11 16:36:48','2023-01-11 16:36:48','订单回调','人工操作'),(2068,NULL,131,'20230111163452518FNF4','124.122.125.51','2023-01-11 16:37:46','2023-01-11 16:37:46','订单回调','人工操作'),(2069,NULL,134,'20230111163237630RUAM','36.137.17.16','2023-01-11 16:37:48','2023-01-11 16:37:48','订单回调','人工操作'),(2070,NULL,131,'202301111639359441WZH','124.122.125.51','2023-01-11 16:40:31','2023-01-11 16:40:31','订单回调','人工操作'),(2071,NULL,134,'20230111163848051WYO5','36.137.17.16','2023-01-11 16:43:06','2023-01-11 16:43:06','订单回调','人工操作'),(2072,NULL,131,'20230111000366245296','124.122.125.51','2023-01-11 16:45:21','2023-01-11 16:45:21','订单回调','人工操作'),(2073,NULL,134,'20230111162632702VCP2','36.137.17.16','2023-01-11 16:53:03','2023-01-11 16:53:03','订单回调','人工操作'),(2074,NULL,131,'20230111000366245791','124.122.125.51','2023-01-11 17:03:21','2023-01-11 17:03:21','订单回调','人工操作'),(2075,NULL,134,'20230111000366245734','171.96.191.174','2023-01-11 17:08:04','2023-01-11 17:08:04','订单回调','人工操作'),(2076,NULL,131,'20230111000366246768','124.122.125.51','2023-01-11 17:22:52','2023-01-11 17:22:52','订单回调','人工操作'),(2077,NULL,134,'20230111000366246706','171.96.191.174','2023-01-11 17:38:30','2023-01-11 17:38:30','订单回调','人工操作'),(2078,NULL,131,'20230111000366247278','124.122.125.51','2023-01-11 17:40:37','2023-01-11 17:40:37','订单回调','人工操作'),(2079,NULL,134,'20230111000366247611','171.96.191.174','2023-01-11 17:45:26','2023-01-11 17:45:26','订单回调','人工操作'),(2080,NULL,1,'72930696869491','124.122.125.51','2023-01-11 17:59:23','2023-01-11 17:59:23','订单回调','人工操作'),(2081,NULL,134,'20230111000366248163','171.96.191.174','2023-01-11 18:01:24','2023-01-11 18:01:24','订单回调','人工操作'),(2082,NULL,131,'20230111000366247701','124.122.125.51','2023-01-11 18:12:06','2023-01-11 18:12:06','订单回调','人工操作'),(2083,NULL,131,'20230111000366247948','124.122.125.51','2023-01-11 18:12:57','2023-01-11 18:12:57','订单回调','人工操作'),(2084,NULL,131,'20230111000366248128','124.122.125.51','2023-01-11 18:14:41','2023-01-11 18:14:41','订单回调','人工操作'),(2085,NULL,131,'20230111000366249079','124.122.125.51','2023-01-11 18:15:52','2023-01-11 18:15:52','订单回调','人工操作'),(2086,NULL,134,'20230111000366249416','171.96.191.174','2023-01-11 18:27:59','2023-01-11 18:27:59','订单回调','人工操作'),(2087,NULL,131,'20230111000366249565','124.122.125.51','2023-01-11 18:33:26','2023-01-11 18:33:26','订单回调','人工操作'),(2088,NULL,131,'20230111000366250568','124.122.125.51','2023-01-11 18:59:12','2023-01-11 18:59:12','订单回调','人工操作'),(2089,NULL,131,'20230111000366250746','124.122.125.51','2023-01-11 19:03:27','2023-01-11 19:03:27','订单回调','人工操作'),(2090,NULL,131,'20230111000366251154','124.122.125.51','2023-01-11 19:15:01','2023-01-11 19:15:01','订单回调','人工操作'),(2091,NULL,134,'20230111000366251722','171.96.191.174','2023-01-11 19:45:14','2023-01-11 19:45:14','订单回调','人工操作'),(2092,NULL,134,'20230111000366252761','171.96.191.174','2023-01-11 19:57:01','2023-01-11 19:57:01','订单回调','人工操作'),(2093,NULL,131,'20230111000366253095','124.122.125.51','2023-01-11 20:14:22','2023-01-11 20:14:22','订单回调','人工操作'),(2094,NULL,131,'20230111000366252688','124.122.125.51','2023-01-11 20:15:28','2023-01-11 20:15:28','订单回调','人工操作'),(2095,NULL,134,'20230111000366254468','171.96.191.174','2023-01-11 20:41:38','2023-01-11 20:41:38','订单回调','人工操作'),(2096,NULL,1,'20230111000366253965','124.122.125.51','2023-01-11 21:09:19','2023-01-11 21:09:19','订单回调','人工操作'),(2097,NULL,134,'20230111000366257281','171.96.191.174','2023-01-11 21:29:17','2023-01-11 21:29:17','订单回调','人工操作'),(2098,NULL,134,'20230111000366258654','171.96.191.174','2023-01-11 21:48:12','2023-01-11 21:48:12','订单回调','人工操作'),(2099,NULL,134,'20230111000366259631','171.96.191.174','2023-01-11 22:06:10','2023-01-11 22:06:10','订单回调','人工操作'),(2100,NULL,134,'20230111000366260116','171.96.191.174','2023-01-11 22:14:42','2023-01-11 22:14:42','订单回调','人工操作'),(2101,NULL,134,'20230111000366260827','171.96.191.174','2023-01-11 22:27:58','2023-01-11 22:27:58','订单回调','人工操作'),(2102,NULL,134,'20230111000366261630','171.96.191.174','2023-01-11 22:44:30','2023-01-11 22:44:30','订单回调','人工操作'),(2103,NULL,134,'20230111000366262061','36.137.17.16','2023-01-11 23:00:33','2023-01-11 23:00:33','订单回调','人工操作'),(2104,NULL,134,'20230111000366262677','36.137.17.16','2023-01-11 23:06:25','2023-01-11 23:06:25','订单回调','人工操作'),(2105,NULL,134,'20230111000366262755','36.137.17.16','2023-01-11 23:07:12','2023-01-11 23:07:12','订单回调','人工操作'),(2106,NULL,134,'20230111000366263059','36.137.17.16','2023-01-11 23:11:57','2023-01-11 23:11:57','订单回调','人工操作'),(2107,NULL,134,'20230111000366263067','36.137.17.16','2023-01-11 23:12:43','2023-01-11 23:12:43','订单回调','人工操作'),(2108,NULL,134,'20230111000366263313','36.137.17.16','2023-01-11 23:16:24','2023-01-11 23:16:24','订单回调','人工操作'),(2109,NULL,134,'20230111000366263478','36.137.17.16','2023-01-11 23:19:05','2023-01-11 23:19:05','订单回调','人工操作'),(2110,NULL,134,'20230111000366263564','36.137.17.16','2023-01-11 23:21:18','2023-01-11 23:21:18','订单回调','人工操作'),(2111,NULL,134,'20230111000366263898','36.137.17.16','2023-01-11 23:26:34','2023-01-11 23:26:34','订单回调','人工操作'),(2112,NULL,134,'20230111000366264887','36.137.17.16','2023-01-11 23:41:21','2023-01-11 23:41:21','订单回调','人工操作'),(2113,NULL,134,'20230111000366265352','171.96.191.174','2023-01-11 23:48:07','2023-01-11 23:48:07','订单回调','人工操作'),(2114,NULL,134,'20230111000366265400','171.96.191.174','2023-01-11 23:48:51','2023-01-11 23:48:51','订单回调','人工操作'),(2115,NULL,134,'20230111000366265294','36.137.17.16','2023-01-11 23:52:05','2023-01-11 23:52:05','订单回调','人工操作'),(2116,NULL,134,'20230111000366265807','171.96.191.174','2023-01-11 23:56:46','2023-01-11 23:56:46','订单回调','人工操作'),(2117,NULL,134,'20230111000366265884','171.96.191.174','2023-01-12 00:00:30','2023-01-12 00:00:30','订单回调','人工操作'),(2118,NULL,134,'20230111000366266206','171.96.191.174','2023-01-12 00:01:37','2023-01-12 00:01:37','订单回调','人工操作'),(2119,NULL,134,'20230111000366265924','171.96.191.174','2023-01-12 00:03:36','2023-01-12 00:03:36','订单回调','人工操作'),(2120,NULL,134,'20230112000366266409','171.96.191.174','2023-01-12 00:03:51','2023-01-12 00:03:51','订单回调','人工操作'),(2121,NULL,134,'20230111000366266150','171.96.191.174','2023-01-12 00:05:49','2023-01-12 00:05:49','订单回调','人工操作'),(2122,NULL,134,'20230112000366267083','171.96.191.174','2023-01-12 00:14:14','2023-01-12 00:14:14','订单回调','人工操作'),(2123,NULL,134,'20230112000366267330','171.96.191.174','2023-01-12 00:19:39','2023-01-12 00:19:39','订单回调','人工操作'),(2124,NULL,134,'20230112000366267475','171.96.191.174','2023-01-12 00:21:54','2023-01-12 00:21:54','订单回调','人工操作'),(2125,NULL,134,'20230112000366268168','171.96.191.174','2023-01-12 00:35:38','2023-01-12 00:35:38','订单回调','人工操作'),(2126,NULL,134,'20230112000366268799','171.96.191.174','2023-01-12 00:47:35','2023-01-12 00:47:35','订单回调','人工操作'),(2127,NULL,134,'20230112000366268891','171.96.191.174','2023-01-12 00:49:42','2023-01-12 00:49:42','订单回调','人工操作'),(2128,NULL,134,'20230112000366268997','171.96.191.174','2023-01-12 00:53:39','2023-01-12 00:53:39','订单回调','人工操作'),(2129,NULL,1,'1947468104793','1.47.77.215','2023-01-12 00:58:15','2023-01-12 00:58:15','卡商分配','人工操作'),(2130,NULL,134,'20230112000366269384','171.96.191.174','2023-01-12 01:00:47','2023-01-12 01:00:47','订单回调','人工操作'),(2131,NULL,1,'1947468104793','1.47.77.215','2023-01-12 01:02:23','2023-01-12 01:02:23','订单回调','人工操作'),(2132,NULL,134,'20230112000366269524','171.96.191.174','2023-01-12 01:03:39','2023-01-12 01:03:39','订单回调','人工操作'),(2133,NULL,134,'20230112000366270068','171.96.191.174','2023-01-12 01:24:46','2023-01-12 01:24:46','订单回调','人工操作'),(2134,NULL,134,'20230112000366271068','171.96.191.174','2023-01-12 01:52:45','2023-01-12 01:52:45','订单回调','人工操作'),(2135,NULL,1,'93116674648339','1.47.77.215','2023-01-12 02:05:02','2023-01-12 02:05:02','卡商分配','人工操作'),(2136,NULL,1,'93116674648339','1.47.77.215','2023-01-12 02:05:10','2023-01-12 02:05:10','订单回调','人工操作'),(2137,NULL,134,'20230112000366271917','171.96.191.174','2023-01-12 02:08:37','2023-01-12 02:08:37','订单回调','人工操作'),(2138,NULL,134,'20230112000366283959','171.96.191.174','2023-01-12 10:47:47','2023-01-12 10:47:47','订单回调','人工操作'),(2139,NULL,134,'20230112000366284121','36.137.17.43','2023-01-12 11:03:31','2023-01-12 11:03:31','订单回调','人工操作'),(2140,NULL,134,'20230112000366284389','36.137.17.43','2023-01-12 11:16:03','2023-01-12 11:16:03','订单回调','人工操作'),(2141,NULL,134,'202301121155359726ZNP','36.137.17.43','2023-01-12 11:56:26','2023-01-12 11:56:26','订单回调','人工操作'),(2142,NULL,134,'202301121156110399182','36.137.17.43','2023-01-12 11:57:31','2023-01-12 11:57:31','订单回调','人工操作'),(2143,NULL,143,'202301121156378939BE7','36.137.17.16','2023-01-12 11:58:06','2023-01-12 11:58:06','订单回调','人工操作'),(2144,NULL,134,'20230112115822693UBZ3','36.137.17.43','2023-01-12 12:00:26','2023-01-12 12:00:26','订单回调','人工操作'),(2145,NULL,143,'20230112115805295THBJ','36.137.17.16','2023-01-12 12:00:53','2023-01-12 12:00:53','订单回调','人工操作'),(2146,NULL,134,'20230112115944337XM0K','36.137.17.43','2023-01-12 12:01:30','2023-01-12 12:01:30','订单回调','人工操作'),(2147,NULL,143,'202301121206518607GQ3','36.137.17.16','2023-01-12 12:08:22','2023-01-12 12:08:22','订单回调','人工操作'),(2148,NULL,143,'20230112120715566BW8E','36.137.17.16','2023-01-12 12:09:07','2023-01-12 12:09:07','订单回调','人工操作'),(2149,NULL,134,'2023011212093311604X0','36.137.17.43','2023-01-12 12:10:59','2023-01-12 12:10:59','订单回调','人工操作'),(2150,NULL,134,'202301121214082349Z4Q','36.137.17.43','2023-01-12 12:16:57','2023-01-12 12:16:57','订单回调','人工操作'),(2151,NULL,134,'20230112121444091H8G4','36.137.17.43','2023-01-12 12:17:34','2023-01-12 12:17:34','订单回调','人工操作'),(2152,NULL,143,'20230112121610936YRR5','171.96.191.174','2023-01-12 12:17:50','2023-01-12 12:17:50','订单回调','人工操作'),(2153,NULL,134,'20230112121622247BZJN','36.137.17.43','2023-01-12 12:18:23','2023-01-12 12:18:23','订单回调','人工操作'),(2154,NULL,134,'2023011212165219894GK','36.137.17.43','2023-01-12 12:19:16','2023-01-12 12:19:16','订单回调','人工操作'),(2155,NULL,143,'20230112121924340TU8E','171.96.191.174','2023-01-12 12:20:59','2023-01-12 12:20:59','订单回调','人工操作'),(2156,NULL,143,'20230112121956255I5MY','171.96.191.174','2023-01-12 12:21:41','2023-01-12 12:21:41','订单回调','人工操作'),(2157,NULL,143,'20230112122653323TQ2N','171.96.191.174','2023-01-12 12:28:24','2023-01-12 12:28:24','订单回调','人工操作'),(2158,NULL,134,'20230112120137167H9WT','171.96.191.174','2023-01-12 12:30:21','2023-01-12 12:30:21','订单回调','人工操作'),(2159,NULL,134,'20230112122713140T67K','171.96.191.174','2023-01-12 12:31:28','2023-01-12 12:31:28','订单回调','人工操作'),(2160,NULL,143,'202301121230372506PHA','171.96.191.174','2023-01-12 12:31:41','2023-01-12 12:31:41','订单回调','人工操作'),(2161,NULL,134,'2023011212284348851YG','171.96.191.174','2023-01-12 12:32:34','2023-01-12 12:32:34','订单回调','人工操作'),(2162,NULL,134,'202301121230404275VOI','171.96.191.174','2023-01-12 12:33:28','2023-01-12 12:33:28','订单回调','人工操作'),(2163,NULL,143,'20230112123330404W3QV','171.96.191.174','2023-01-12 12:34:22','2023-01-12 12:34:22','订单回调','人工操作'),(2164,NULL,134,'20230112123436638CNKX','171.96.191.174','2023-01-12 12:37:43','2023-01-12 12:37:43','订单回调','人工操作'),(2165,NULL,143,'20230112124115437Z9FZ','171.96.191.174','2023-01-12 12:42:29','2023-01-12 12:42:29','订单回调','人工操作'),(2166,NULL,134,'20230112124104148S6O5','171.96.191.174','2023-01-12 12:42:55','2023-01-12 12:42:55','订单回调','人工操作'),(2167,NULL,134,'20230112124202747IP86','171.96.191.174','2023-01-12 12:43:18','2023-01-12 12:43:18','订单回调','人工操作'),(2168,NULL,134,'202301121242010244OD4','171.96.191.174','2023-01-12 12:44:10','2023-01-12 12:44:10','订单回调','人工操作'),(2169,NULL,143,'202301121244319079HLX','171.96.191.174','2023-01-12 12:47:24','2023-01-12 12:47:24','订单回调','人工操作'),(2170,NULL,143,'20230112124554337FGR6','171.96.191.174','2023-01-12 12:48:22','2023-01-12 12:48:22','订单回调','人工操作'),(2171,NULL,143,'20230112124646753G8VA','171.96.191.174','2023-01-12 12:48:30','2023-01-12 12:48:30','订单回调','人工操作'),(2172,NULL,143,'20230112124715575OZ11','171.96.191.174','2023-01-12 12:49:01','2023-01-12 12:49:01','订单回调','人工操作'),(2173,NULL,143,'20230112124959293QZTM','171.96.191.174','2023-01-12 12:50:58','2023-01-12 12:50:58','订单回调','人工操作'),(2174,NULL,134,'20230112125157659ZW01','171.96.191.174','2023-01-12 12:53:31','2023-01-12 12:53:31','订单回调','人工操作'),(2175,NULL,143,'20230112125147359QNWK','171.96.191.174','2023-01-12 12:53:34','2023-01-12 12:53:34','订单回调','人工操作'),(2176,NULL,1,'20230112124554337FGR6','1.47.77.215','2023-01-12 12:53:41','2023-01-12 12:53:41','订单回调','人工操作'),(2177,NULL,134,'2023011212563360783LF','171.96.191.174','2023-01-12 12:57:44','2023-01-12 12:57:44','订单回调','人工操作'),(2178,NULL,134,'20230112125709735XM3C','171.96.191.174','2023-01-12 12:58:19','2023-01-12 12:58:19','订单回调','人工操作'),(2179,NULL,143,'2023011212564712186FN','171.96.191.174','2023-01-12 12:58:40','2023-01-12 12:58:40','订单回调','人工操作'),(2180,NULL,143,'20230112125721334P0QI','171.96.191.174','2023-01-12 12:59:01','2023-01-12 12:59:01','订单回调','人工操作'),(2181,NULL,134,'20230112125850802L8QE','171.96.191.174','2023-01-12 13:00:28','2023-01-12 13:00:28','订单回调','人工操作'),(2182,NULL,134,'202301121300089052G3O','171.96.191.174','2023-01-12 13:02:18','2023-01-12 13:02:18','订单回调','人工操作'),(2183,NULL,143,'20230112130124615IW77','171.96.191.174','2023-01-12 13:03:07','2023-01-12 13:03:07','订单回调','人工操作'),(2184,NULL,134,'20230112130215621OTLE','171.96.191.174','2023-01-12 13:03:17','2023-01-12 13:03:17','订单回调','人工操作'),(2185,NULL,143,'2023011213020050743DL','171.96.191.174','2023-01-12 13:04:26','2023-01-12 13:04:26','订单回调','人工操作'),(2186,NULL,134,'20230112130152283V5OI','171.96.191.174','2023-01-12 13:05:07','2023-01-12 13:05:07','订单回调','人工操作'),(2187,NULL,143,'20230112130633461RHHC','171.96.191.174','2023-01-12 13:09:09','2023-01-12 13:09:09','订单回调','人工操作'),(2188,NULL,134,'20230112130736659P5PL','171.96.191.174','2023-01-12 13:09:10','2023-01-12 13:09:10','订单回调','人工操作'),(2189,NULL,143,'20230112130752646ZONP','171.96.191.174','2023-01-12 13:09:42','2023-01-12 13:09:42','订单回调','人工操作'),(2190,NULL,143,'20230112130915976UU96','171.96.191.174','2023-01-12 13:10:55','2023-01-12 13:10:55','订单回调','人工操作'),(2191,NULL,143,'20230112131048240XLVW','171.96.191.174','2023-01-12 13:11:28','2023-01-12 13:11:28','订单回调','人工操作'),(2192,NULL,134,'20230112131453051A1ZJ','171.96.191.174','2023-01-12 13:16:54','2023-01-12 13:16:54','订单回调','人工操作'),(2193,NULL,134,'20230112132347069P5QJ','171.96.191.174','2023-01-12 13:26:31','2023-01-12 13:26:31','订单回调','人工操作'),(2194,NULL,134,'20230112132408078E171','171.96.191.174','2023-01-12 13:27:09','2023-01-12 13:27:09','订单回调','人工操作'),(2195,NULL,134,'202301121323511646S08','171.96.191.174','2023-01-12 13:28:00','2023-01-12 13:28:00','订单回调','人工操作'),(2196,NULL,1,'74023062613851','1.47.77.215','2023-01-12 13:28:19','2023-01-12 13:28:19','卡商分配','人工操作'),(2197,NULL,1,'74023062613851','1.47.77.215','2023-01-12 13:28:23','2023-01-12 13:28:23','订单回调','人工操作'),(2198,NULL,134,'202301121326263723PBU','171.96.191.174','2023-01-12 13:29:17','2023-01-12 13:29:17','订单回调','人工操作'),(2199,NULL,134,'20230112132803137ZSOF','171.96.191.174','2023-01-12 13:30:08','2023-01-12 13:30:08','订单回调','人工操作'),(2200,NULL,134,'20230112000366288057','171.96.191.174','2023-01-12 13:31:08','2023-01-12 13:31:08','订单回调','人工操作'),(2201,NULL,134,'20230112132841844G0GS','171.96.191.174','2023-01-12 13:31:30','2023-01-12 13:31:30','订单回调','人工操作'),(2202,NULL,134,'20230112132958160VI49','171.96.191.174','2023-01-12 13:33:01','2023-01-12 13:33:01','订单回调','人工操作'),(2203,NULL,134,'20230112133228248IHQE','171.96.191.174','2023-01-12 13:33:39','2023-01-12 13:33:39','订单回调','人工操作'),(2204,NULL,134,'20230112132610599RBRY','171.96.191.174','2023-01-12 13:34:10','2023-01-12 13:34:10','订单回调','人工操作'),(2205,NULL,134,'20230112133940253N95V','171.96.191.174','2023-01-12 13:43:04','2023-01-12 13:43:04','订单回调','人工操作'),(2206,NULL,134,'20230112134122785I7CU','171.96.191.174','2023-01-12 13:43:32','2023-01-12 13:43:32','订单回调','人工操作'),(2207,NULL,134,'20230112134144548163O','171.96.191.174','2023-01-12 13:44:20','2023-01-12 13:44:20','订单回调','人工操作'),(2208,NULL,143,'20230112134548298ZVT8','171.96.191.174','2023-01-12 13:47:56','2023-01-12 13:47:56','订单回调','人工操作'),(2209,NULL,134,'20230112134728192YNVV','171.96.191.174','2023-01-12 13:49:10','2023-01-12 13:49:10','订单回调','人工操作'),(2210,NULL,134,'20230112000366288842','171.96.191.174','2023-01-12 13:50:07','2023-01-12 13:50:07','订单回调','人工操作'),(2211,NULL,143,'20230112134859229NKPA','171.96.191.174','2023-01-12 13:50:34','2023-01-12 13:50:34','订单回调','人工操作'),(2212,NULL,134,'20230112135336317X9IG','36.137.180.202','2023-01-12 13:54:58','2023-01-12 13:54:58','订单回调','人工操作'),(2213,NULL,134,'202301121354493895GYI','36.137.180.202','2023-01-12 13:56:13','2023-01-12 13:56:13','订单回调','人工操作'),(2214,NULL,134,'20230112135438932U6LH','36.137.180.202','2023-01-12 13:57:17','2023-01-12 13:57:17','订单回调','人工操作'),(2215,NULL,143,'20230112135547932JVCY','171.96.191.174','2023-01-12 13:57:23','2023-01-12 13:57:23','订单回调','人工操作'),(2216,NULL,134,'20230112135431047CTNP','36.137.180.202','2023-01-12 13:58:00','2023-01-12 13:58:00','订单回调','人工操作'),(2217,NULL,134,'20230112135625573UXLR','36.137.180.202','2023-01-12 13:59:29','2023-01-12 13:59:29','订单回调','人工操作'),(2218,NULL,143,'20230112135909400N217','171.96.191.174','2023-01-12 13:59:54','2023-01-12 13:59:54','订单回调','人工操作'),(2219,NULL,134,'20230112135657817CFYY','36.137.180.202','2023-01-12 13:59:58','2023-01-12 13:59:58','订单回调','人工操作'),(2220,NULL,134,'202301121355295786TF1','36.137.180.202','2023-01-12 14:00:43','2023-01-12 14:00:43','订单回调','人工操作'),(2221,NULL,143,'20230112000366289196','171.96.191.174','2023-01-12 14:01:22','2023-01-12 14:01:22','订单回调','人工操作'),(2222,NULL,134,'20230112135812739NTGX','36.137.180.202','2023-01-12 14:02:05','2023-01-12 14:02:05','订单回调','人工操作'),(2223,NULL,134,'20230112135600665FLOM','36.137.180.202','2023-01-12 14:02:49','2023-01-12 14:02:49','订单回调','人工操作'),(2224,NULL,134,'202301121358425686L4A','36.137.180.202','2023-01-12 14:03:44','2023-01-12 14:03:44','订单回调','人工操作'),(2225,NULL,134,'202301121353184114WU3','36.137.180.202','2023-01-12 14:03:48','2023-01-12 14:03:48','订单回调','人工操作'),(2226,NULL,143,'202301121402215811KXL','171.96.191.174','2023-01-12 14:04:06','2023-01-12 14:04:06','订单回调','人工操作'),(2227,NULL,134,'20230112135302635KI0D','36.137.180.202','2023-01-12 14:04:37','2023-01-12 14:04:37','订单回调','人工操作'),(2228,NULL,134,'20230112140000041CD5T','36.137.180.202','2023-01-12 14:05:04','2023-01-12 14:05:04','订单回调','人工操作'),(2229,NULL,143,'202301121404006589O11','171.96.191.174','2023-01-12 14:05:10','2023-01-12 14:05:10','订单回调','人工操作'),(2230,NULL,134,'20230112140341402QS1C','36.137.180.202','2023-01-12 14:05:40','2023-01-12 14:05:40','订单回调','人工操作'),(2231,NULL,134,'20230112000366289442','36.137.180.202','2023-01-12 14:10:27','2023-01-12 14:10:27','订单回调','人工操作'),(2232,NULL,143,'20230112140852972X0K4','171.96.191.174','2023-01-12 14:10:56','2023-01-12 14:10:56','订单回调','人工操作'),(2233,NULL,134,'20230112135245786F8SG','171.96.191.174','2023-01-12 14:12:12','2023-01-12 14:12:12','订单回调','人工操作'),(2234,NULL,134,'20230112140856569PN47','171.96.191.174','2023-01-12 14:13:06','2023-01-12 14:13:06','订单回调','人工操作'),(2235,NULL,134,'20230112141313952RJTM','171.96.191.174','2023-01-12 14:16:14','2023-01-12 14:16:14','订单回调','人工操作'),(2236,NULL,143,'20230112140956936HWHM','171.96.191.174','2023-01-12 14:20:42','2023-01-12 14:20:42','订单回调','人工操作'),(2237,NULL,134,'202301121421158145R54','171.96.191.174','2023-01-12 14:23:51','2023-01-12 14:23:51','订单回调','人工操作'),(2238,NULL,1,'8966937494736','1.47.77.215','2023-01-12 14:24:54','2023-01-12 14:24:54','订单回调','人工操作'),(2239,NULL,1,'40366767485448','1.47.77.215','2023-01-12 14:25:08','2023-01-12 14:25:08','订单回调','人工操作'),(2240,NULL,134,'20230112142352064XP7B','171.96.191.174','2023-01-12 14:27:40','2023-01-12 14:27:40','订单回调','人工操作'),(2241,NULL,134,'20230112142427981YREU','171.96.191.174','2023-01-12 14:28:42','2023-01-12 14:28:42','订单回调','人工操作'),(2242,NULL,134,'20230112142430472XJ4S','171.96.191.174','2023-01-12 14:29:14','2023-01-12 14:29:14','订单回调','人工操作'),(2243,NULL,134,'20230112142541490E745','171.96.191.174','2023-01-12 14:30:25','2023-01-12 14:30:25','订单回调','人工操作'),(2244,NULL,134,'20230112142700698UK1M','171.96.191.174','2023-01-12 14:33:42','2023-01-12 14:33:42','订单回调','人工操作'),(2245,NULL,134,'20230112142838290UJ8A','171.96.191.174','2023-01-12 14:34:48','2023-01-12 14:34:48','订单回调','人工操作'),(2246,NULL,134,'20230112143451228V3F6','171.96.191.174','2023-01-12 14:38:23','2023-01-12 14:38:23','订单回调','人工操作'),(2247,NULL,134,'202301121427023887RWM','171.96.191.174','2023-01-12 14:39:02','2023-01-12 14:39:02','订单回调','人工操作'),(2248,NULL,134,'20230112143930382X5PZ','171.96.191.174','2023-01-12 14:41:01','2023-01-12 14:41:01','订单回调','人工操作'),(2249,NULL,134,'202301121442397037131','36.137.180.202','2023-01-12 14:45:20','2023-01-12 14:45:20','订单回调','人工操作'),(2250,NULL,134,'20230112144753006FZLW','36.137.180.202','2023-01-12 14:49:54','2023-01-12 14:49:54','订单回调','人工操作'),(2251,NULL,134,'202301121447357620Q1K','171.96.191.174','2023-01-12 14:51:59','2023-01-12 14:51:59','订单回调','人工操作'),(2252,NULL,134,'20230112144743164RRC0','36.137.180.202','2023-01-12 14:53:52','2023-01-12 14:53:52','订单回调','人工操作'),(2253,NULL,131,'202301121449000747U6Z','171.96.189.161','2023-01-12 14:54:23','2023-01-12 14:54:23','订单回调','人工操作'),(2254,NULL,134,'20230112000366290797','36.137.180.202','2023-01-12 14:55:49','2023-01-12 14:55:49','订单回调','人工操作'),(2255,NULL,134,'202301121448119008PAF','36.137.180.202','2023-01-12 14:56:51','2023-01-12 14:56:51','订单回调','人工操作'),(2256,NULL,134,'20230112000366290816','36.137.180.202','2023-01-12 14:57:27','2023-01-12 14:57:27','订单回调','人工操作'),(2257,NULL,131,'202301121454242587TS3','171.96.189.161','2023-01-12 14:57:50','2023-01-12 14:57:50','订单回调','人工操作'),(2258,NULL,134,'20230112145042725KGCO','36.137.180.202','2023-01-12 14:58:46','2023-01-12 14:58:46','订单回调','人工操作'),(2259,NULL,131,'20230112145538559E89G','171.96.189.161','2023-01-12 14:59:16','2023-01-12 14:59:16','订单回调','人工操作'),(2260,NULL,131,'20230112145552194IUME','171.96.189.161','2023-01-12 15:00:03','2023-01-12 15:00:03','订单回调','人工操作'),(2261,NULL,134,'20230112145446905FYQK','36.137.180.202','2023-01-12 15:00:22','2023-01-12 15:00:22','订单回调','人工操作'),(2262,NULL,134,'2023011214555500297BH','36.137.180.202','2023-01-12 15:00:59','2023-01-12 15:00:59','订单回调','人工操作'),(2263,NULL,131,'20230112145721903Z95T','171.96.189.161','2023-01-12 15:01:21','2023-01-12 15:01:21','订单回调','人工操作'),(2264,NULL,134,'20230112145709013EK1C','36.137.180.202','2023-01-12 15:02:04','2023-01-12 15:02:04','订单回调','人工操作'),(2265,NULL,131,'20230112145951768YH9Z','171.96.189.161','2023-01-12 15:02:29','2023-01-12 15:02:29','订单回调','人工操作'),(2266,NULL,134,'20230112145605219PIN3','36.137.180.202','2023-01-12 15:03:03','2023-01-12 15:03:03','订单回调','人工操作'),(2267,NULL,134,'20230112150401919B0FP','171.96.191.174','2023-01-12 15:06:09','2023-01-12 15:06:09','订单回调','人工操作'),(2268,NULL,131,'20230112000366291175','171.96.189.161','2023-01-12 15:06:18','2023-01-12 15:06:18','订单回调','人工操作'),(2269,NULL,131,'20230112150357950QEMI','171.96.189.161','2023-01-12 15:07:05','2023-01-12 15:07:05','订单回调','人工操作'),(2270,NULL,134,'20230112150537599220M','171.96.191.174','2023-01-12 15:07:24','2023-01-12 15:07:24','订单回调','人工操作'),(2271,NULL,134,'202301121506081515I4T','171.96.191.174','2023-01-12 15:08:51','2023-01-12 15:08:51','订单回调','人工操作'),(2272,NULL,134,'20230112000366291474','171.96.191.174','2023-01-12 15:13:09','2023-01-12 15:13:09','订单回调','人工操作'),(2273,NULL,131,'20230112151006544IRK6','171.96.189.161','2023-01-12 15:14:16','2023-01-12 15:14:16','订单回调','人工操作'),(2274,NULL,134,'20230112151328434RNOR','171.96.191.174','2023-01-12 15:15:15','2023-01-12 15:15:15','订单回调','人工操作'),(2275,NULL,134,'20230112151649792FMCY','171.96.191.174','2023-01-12 15:18:28','2023-01-12 15:18:28','订单回调','人工操作'),(2276,NULL,134,'20230112151718928CDNO','171.96.191.174','2023-01-12 15:19:48','2023-01-12 15:19:48','订单回调','人工操作'),(2277,NULL,134,'20230112152015249FGNU','36.137.180.202','2023-01-12 15:22:46','2023-01-12 15:22:46','订单回调','人工操作'),(2278,NULL,131,'202301121515030746J18','171.96.189.161','2023-01-12 15:23:33','2023-01-12 15:23:33','订单回调','人工操作'),(2279,NULL,131,'202301121516276348G5L','171.96.189.161','2023-01-12 15:24:34','2023-01-12 15:24:34','订单回调','人工操作'),(2280,NULL,134,'20230112152310582UH27','36.137.180.202','2023-01-12 15:25:03','2023-01-12 15:25:03','订单回调','人工操作'),(2281,NULL,131,'202301121517260479UDR','171.96.189.161','2023-01-12 15:26:41','2023-01-12 15:26:41','订单回调','人工操作'),(2282,NULL,143,'202301121525432031EDO','171.96.191.174','2023-01-12 15:26:43','2023-01-12 15:26:43','订单回调','人工操作'),(2283,NULL,143,'20230112152353935V7G9','171.96.191.174','2023-01-12 15:27:24','2023-01-12 15:27:24','订单回调','人工操作'),(2284,NULL,131,'202301121519020454YVN','171.96.189.161','2023-01-12 15:27:29','2023-01-12 15:27:29','订单回调','人工操作'),(2285,NULL,131,'202301121522460880URQ','171.96.189.161','2023-01-12 15:29:47','2023-01-12 15:29:47','订单回调','人工操作'),(2286,NULL,134,'20230112152807297ZV7O','36.137.180.202','2023-01-12 15:29:54','2023-01-12 15:29:54','订单回调','人工操作'),(2287,NULL,131,'2023011215274920469EI','171.96.189.161','2023-01-12 15:31:06','2023-01-12 15:31:06','订单回调','人工操作'),(2288,NULL,134,'20230112153254567HS15','36.137.180.202','2023-01-12 15:34:47','2023-01-12 15:34:47','订单回调','人工操作'),(2289,NULL,134,'20230112153518186S4LG','36.137.180.202','2023-01-12 15:37:11','2023-01-12 15:37:11','订单回调','人工操作'),(2290,NULL,1,'59003193971467','1.47.77.215','2023-01-12 15:38:31','2023-01-12 15:38:31','卡商分配','人工操作'),(2291,NULL,1,'13240326594347','1.47.77.215','2023-01-12 15:38:34','2023-01-12 15:38:34','卡商分配','人工操作'),(2292,NULL,1,'59003193971467','1.47.77.215','2023-01-12 15:38:36','2023-01-12 15:38:36','订单回调','人工操作'),(2293,NULL,131,'20230112000366292171','171.96.189.161','2023-01-12 15:38:57','2023-01-12 15:38:57','订单回调','人工操作'),(2294,NULL,131,'20230112153921711XGCL','171.96.189.161','2023-01-12 15:40:31','2023-01-12 15:40:31','订单回调','人工操作'),(2295,NULL,131,'20230112154106942FC84','171.96.189.161','2023-01-12 15:44:04','2023-01-12 15:44:04','订单回调','人工操作'),(2296,NULL,131,'202301121544597680FEV','171.96.189.161','2023-01-12 15:45:59','2023-01-12 15:45:59','订单回调','人工操作'),(2297,NULL,143,'2023011215420899531AR','171.96.191.174','2023-01-12 15:46:03','2023-01-12 15:46:03','订单回调','人工操作'),(2298,NULL,134,'202301121544360660XK9','36.137.180.202','2023-01-12 15:46:14','2023-01-12 15:46:14','订单回调','人工操作'),(2299,NULL,143,'20230112153436012YTRO','171.96.191.174','2023-01-12 15:46:27','2023-01-12 15:46:27','订单回调','人工操作'),(2300,NULL,1,'20230112151724229FPX9','36.137.180.202','2023-01-12 15:47:48','2023-01-12 15:47:48','订单回调','人工操作'),(2301,NULL,134,'20230112154618409RJTE','36.137.180.202','2023-01-12 15:49:03','2023-01-12 15:49:03','订单回调','人工操作'),(2302,NULL,131,'20230112154810218YYQ2','171.96.189.161','2023-01-12 15:49:12','2023-01-12 15:49:12','订单回调','人工操作'),(2303,NULL,143,'20230112154443204MBBR','171.96.191.174','2023-01-12 15:50:01','2023-01-12 15:50:01','订单回调','人工操作'),(2304,NULL,134,'2023011215474652401I8','36.137.180.202','2023-01-12 15:50:01','2023-01-12 15:50:01','订单回调','人工操作'),(2305,NULL,134,'20230112154651251WWSA','171.96.191.174','2023-01-12 15:51:04','2023-01-12 15:51:04','订单回调','人工操作'),(2306,NULL,1,'291609450074','1.47.77.215','2023-01-12 15:52:25','2023-01-12 15:52:25','卡商分配','人工操作'),(2307,NULL,1,'13240326594347','1.47.77.215','2023-01-12 15:52:28','2023-01-12 15:52:28','订单回调','人工操作'),(2308,NULL,131,'20230112155042171LQ52','171.96.189.161','2023-01-12 15:52:39','2023-01-12 15:52:39','订单回调','人工操作'),(2309,NULL,131,'20230112155229611XY2R','171.96.189.161','2023-01-12 15:53:50','2023-01-12 15:53:50','订单回调','人工操作'),(2310,NULL,143,'20230112155228753VY6K','171.96.191.174','2023-01-12 15:54:25','2023-01-12 15:54:25','订单回调','人工操作'),(2311,NULL,131,'20230112155258152SVAZ','171.96.189.161','2023-01-12 15:54:30','2023-01-12 15:54:30','订单回调','人工操作'),(2312,NULL,143,'20230112155243162DRQF','171.96.191.174','2023-01-12 15:54:45','2023-01-12 15:54:45','订单回调','人工操作'),(2313,NULL,134,'2023011215501826957QC','171.96.191.174','2023-01-12 15:57:09','2023-01-12 15:57:09','订单回调','人工操作'),(2314,NULL,134,'20230112155209487T3FA','171.96.191.174','2023-01-12 15:58:03','2023-01-12 15:58:03','订单回调','人工操作'),(2315,NULL,134,'20230112155225456ER42','171.96.191.174','2023-01-12 15:58:54','2023-01-12 15:58:54','订单回调','人工操作'),(2316,NULL,1,'13594217108081','1.47.77.215','2023-01-12 16:03:47','2023-01-12 16:03:47','卡商分配','人工操作'),(2317,NULL,143,'20230112000366293100','171.96.191.174','2023-01-12 16:12:31','2023-01-12 16:12:31','订单回调','人工操作'),(2318,NULL,134,'20230112000366293067','171.96.191.174','2023-01-12 16:13:09','2023-01-12 16:13:09','订单回调','人工操作'),(2319,NULL,143,'20230112000366293217','171.96.191.174','2023-01-12 16:17:01','2023-01-12 16:17:01','订单回调','人工操作'),(2320,NULL,131,'20230112000366293097','171.96.189.161','2023-01-12 16:20:14','2023-01-12 16:20:14','订单回调','人工操作'),(2321,NULL,131,'20230112000366293184','171.96.189.161','2023-01-12 16:21:14','2023-01-12 16:21:14','订单回调','人工操作'),(2322,NULL,131,'202301121613586003D4B','171.96.189.161','2023-01-12 16:21:58','2023-01-12 16:21:58','订单回调','人工操作'),(2323,NULL,1,'291609450074','1.47.77.215','2023-01-12 16:24:09','2023-01-12 16:24:09','订单回调','人工操作'),(2324,NULL,1,'13594217108081','1.47.77.215','2023-01-12 16:24:15','2023-01-12 16:24:15','卡商分配','人工操作'),(2325,NULL,131,'202301121615082914ARC','171.96.189.161','2023-01-12 16:24:15','2023-01-12 16:24:15','订单回调','人工操作'),(2326,NULL,143,'20230112162246803B8KI','171.96.191.174','2023-01-12 16:24:57','2023-01-12 16:24:57','订单回调','人工操作'),(2327,NULL,131,'2023011216162049221CH','171.96.189.161','2023-01-12 16:25:00','2023-01-12 16:25:00','订单回调','人工操作'),(2328,NULL,143,'20230112162119496EFBV','171.96.191.174','2023-01-12 16:25:15','2023-01-12 16:25:15','订单回调','人工操作'),(2329,NULL,131,'202301121627061649T64','171.96.189.161','2023-01-12 16:27:54','2023-01-12 16:27:54','订单回调','人工操作'),(2330,NULL,143,'20230112162824965OYL2','171.96.191.174','2023-01-12 16:30:34','2023-01-12 16:30:34','订单回调','人工操作'),(2331,NULL,131,'202301121627546559Y58','171.96.189.161','2023-01-12 16:31:18','2023-01-12 16:31:18','订单回调','人工操作'),(2332,NULL,134,'202301121631595836PQ3','171.96.191.174','2023-01-12 16:33:50','2023-01-12 16:33:50','订单回调','人工操作'),(2333,NULL,134,'20230112163242093KT3R','171.96.191.174','2023-01-12 16:34:39','2023-01-12 16:34:39','订单回调','人工操作'),(2334,NULL,28,'1000812488','192.168.3.188','2023-01-13 16:23:18','2023-01-13 16:23:18','卡商分配','人工操作'),(2335,NULL,28,'1000812488','192.168.3.188','2023-01-13 16:23:26','2023-01-13 16:23:26','订单回调','人工操作'),(2336,NULL,28,'1000812488','192.168.3.188','2023-01-13 16:25:00','2023-01-13 16:25:00','订单驳回','人工操作'),(2337,NULL,131,'1000812488','192.168.3.188','2023-01-13 18:46:21','2023-01-13 18:46:21','订单回调','人工操作');
/*!40000 ALTER TABLE `std_system_log` ENABLE KEYS */;
UNLOCK TABLES;

--
-- Table structure for table `std_user`
--

DROP TABLE IF EXISTS `std_user`;
/*!40101 SET @saved_cs_client     = @@character_set_client */;
/*!50503 SET character_set_client = utf8mb4 */;
CREATE TABLE `std_user` (
  `id` bigint NOT NULL AUTO_INCREMENT COMMENT '用户ID',
  `role_id` bigint DEFAULT NULL COMMENT '角色ID',
  `sex` bigint DEFAULT NULL COMMENT '性别',
  `prov` bigint DEFAULT NULL COMMENT '省市',
  `city` bigint DEFAULT NULL COMMENT '城市',
  `dist` bigint DEFAULT NULL COMMENT '区县',
  `status` bigint DEFAULT NULL COMMENT '状态',
  `refer_id` bigint DEFAULT NULL COMMENT '引用ID',
  `point` bigint DEFAULT NULL COMMENT '积分',
  `level` bigint DEFAULT NULL COMMENT '级别',
  `exp` bigint DEFAULT '0',
  `username` varchar(128) DEFAULT NULL COMMENT '账号',
  `password` varchar(128) DEFAULT NULL COMMENT '密码',
  `secret` varchar(255) DEFAULT NULL COMMENT '谷歌密钥',
  `unionid` varchar(128) DEFAULT NULL COMMENT '微信unionid',
  `openid` varchar(128) DEFAULT NULL COMMENT '微信openid',
  `avatar` varchar(255) DEFAULT NULL COMMENT '头像',
  `mobile` varchar(128) DEFAULT NULL COMMENT '电话',
  `email` varchar(128) DEFAULT NULL COMMENT '邮箱',
  `desc` varchar(255) DEFAULT NULL COMMENT '描述',
  `attach` varchar(512) DEFAULT NULL COMMENT '附件',
  `invite_code` varchar(6) DEFAULT NULL COMMENT '邀请码',
  `login_ip` varchar(32) DEFAULT NULL COMMENT '登录IP',
  `login_at` datetime DEFAULT NULL COMMENT '登录时间',
  `updated_at` datetime DEFAULT NULL COMMENT '更新时间',
  `created_at` datetime DEFAULT NULL COMMENT '创建时间',
  `birthady` datetime DEFAULT NULL COMMENT '用户日生',
  `health` bigint DEFAULT NULL COMMENT '生命值',
  `nickname` varchar(128) DEFAULT NULL COMMENT '昵称',
  `member_id` bigint DEFAULT NULL COMMENT '商户编号-&gt;std_member.id',
  `token` varchar(255) DEFAULT NULL COMMENT '用户token',
  `parent_id` bigint DEFAULT '0',
  `channel_id` bigint DEFAULT '0',
  `round_id` bigint DEFAULT '0',
  PRIMARY KEY (`id`)
) ENGINE=InnoDB AUTO_INCREMENT=147 DEFAULT CHARSET=utf8mb4 COLLATE=utf8mb4_0900_ai_ci;
/*!40101 SET character_set_client = @saved_cs_client */;

--
-- Dumping data for table `std_user`
--

LOCK TABLES `std_user` WRITE;
/*!40000 ALTER TABLE `std_user` DISABLE KEYS */;
INSERT INTO `std_user` VALUES (1,1,NULL,NULL,NULL,1,1,NULL,NULL,2,1,'admin','1055f689581bd03942e476bd9dfae32e','FPXI5HSB6Q7FIQVKW4XC4R7IF6XS32HV',NULL,NULL,NULL,NULL,NULL,NULL,NULL,NULL,'124.122.125.51','2023-01-09 15:20:25','2023-01-09 15:20:25',NULL,NULL,NULL,NULL,NULL,'ca0afac7cd23987189463b83e88b6c79',0,0,0),(20,3,NULL,NULL,NULL,1,1,0,NULL,2,1,'sh-test','e10adc3949ba59abbe56e057f20f883e','KNBKOEPWCR72VJXVKQUSLIZ2ENNTXACY',NULL,NULL,NULL,NULL,NULL,NULL,NULL,'218997','118.114.102.64','2023-01-11 21:37:00','2023-01-12 13:26:07','2021-03-27 09:29:16',NULL,NULL,NULL,NULL,'4feb4059b284e21a00e8c05ff9d94812',0,0,0),(25,2,NULL,NULL,NULL,1,1,NULL,NULL,2,1,'test','e10adc3949ba59abbe56e057f20f883e',NULL,NULL,NULL,NULL,NULL,NULL,NULL,NULL,'517805','49.237.39.32','2022-11-18 06:08:07','2022-11-23 13:47:29','2021-04-06 10:37:16',NULL,NULL,NULL,NULL,'4feb4059b284e21a00e8c05ff9d94812',0,0,0),(28,1,NULL,NULL,NULL,1,1,NULL,NULL,2,1,'root','02c007119f71d313db1a754a2298df29',NULL,NULL,NULL,NULL,NULL,NULL,NULL,NULL,'844567','192.168.3.188','2023-01-13 18:35:29','2023-01-13 18:35:29','2021-04-09 18:03:47',NULL,NULL,NULL,NULL,'93630aa2f32f43349cc88c8ce94335de',0,0,0),(103,1,NULL,NULL,NULL,1,1,NULL,NULL,2,2,'kefu01','e10adc3949ba59abbe56e057f20f883e',NULL,NULL,NULL,NULL,NULL,NULL,NULL,NULL,'444888','36.134.84.231','2023-01-05 23:14:40','2023-01-05 23:14:40','2022-10-03 19:01:43',NULL,NULL,NULL,NULL,'4feb4059b284e21a00e8c05ff9d94812',0,NULL,0),(121,4,NULL,NULL,NULL,2,1,NULL,NULL,2,2,'maoshu01','9c501e56c2a6c676765428d05971ea6a',NULL,NULL,NULL,NULL,NULL,NULL,NULL,NULL,'644856','171.96.191.174','2023-01-11 11:59:38','2023-01-12 02:09:00','2022-11-18 22:53:06',NULL,NULL,NULL,NULL,'c77ef8d44ec6a1a06781e6fd9947e49e',0,5,0),(122,4,NULL,NULL,NULL,2,1,NULL,NULL,2,2,'huangjia','4ec28c6b16a919f39fd70ee64c1fd1a7',NULL,NULL,NULL,NULL,NULL,NULL,NULL,NULL,'265737','103.65.43.76','2023-01-08 13:26:17','2023-01-12 02:09:00','2022-11-21 15:22:26',NULL,NULL,NULL,NULL,'675a4156274f2b5ced88b5413a98b9cf',0,4,0),(123,3,NULL,NULL,NULL,1,1,NULL,NULL,2,2,'GT88','e10adc3949ba59abbe56e057f20f883e',NULL,NULL,NULL,NULL,NULL,NULL,NULL,NULL,'420069','16.163.164.68','2023-01-10 15:58:36','2023-01-10 15:58:36','2022-11-24 17:12:53',NULL,NULL,NULL,NULL,'4feb4059b284e21a00e8c05ff9d94812',0,NULL,0),(125,5,NULL,NULL,NULL,1,1,NULL,NULL,2,2,'kf001','e10adc3949ba59abbe56e057f20f883e',NULL,NULL,NULL,NULL,NULL,NULL,NULL,NULL,'495836','1.47.7.23','2022-12-27 19:07:39','2022-12-27 19:07:39','2022-11-26 20:51:37',NULL,NULL,NULL,NULL,'4feb4059b284e21a00e8c05ff9d94812',0,NULL,0),(126,2,NULL,NULL,NULL,1,1,NULL,NULL,1,2,'xiaofei','e10adc3949ba59abbe56e057f20f883e','Y2HN2MYGRJRKVOUPEM5YURL3WQWENONH',NULL,NULL,NULL,NULL,NULL,NULL,NULL,'168045','109.166.36.182','2023-01-12 14:27:50','2023-01-12 14:27:50','2022-11-27 22:09:35',NULL,NULL,NULL,NULL,'4feb4059b284e21a00e8c05ff9d94812',0,NULL,0),(127,2,NULL,NULL,NULL,1,1,NULL,NULL,2,2,'bobo','e10adc3949ba59abbe56e057f20f883e','YQJW5L4RSX7W6WAY33REGJ54HJYGE7BO',NULL,NULL,NULL,NULL,NULL,NULL,NULL,'273465','109.166.36.182','2023-01-12 14:22:48','2023-01-12 14:22:48','2022-11-27 22:11:13',NULL,NULL,NULL,NULL,'4feb4059b284e21a00e8c05ff9d94812',126,NULL,0),(128,4,NULL,NULL,NULL,2,1,NULL,NULL,2,2,'laozhou','e10adc3949ba59abbe56e057f20f883e',NULL,NULL,NULL,NULL,NULL,NULL,NULL,NULL,'796898','46.232.120.169','2022-12-11 12:44:01','2023-01-12 02:09:00','2022-12-07 14:12:34',NULL,NULL,NULL,NULL,'4feb4059b284e21a00e8c05ff9d94812',0,5,0),(129,4,NULL,NULL,NULL,2,1,NULL,NULL,2,2,'cs01','e10adc3949ba59abbe56e057f20f883e',NULL,NULL,NULL,NULL,NULL,NULL,NULL,NULL,'988815','1.47.132.185','2022-12-23 10:18:04','2023-01-12 02:09:00','2022-12-11 21:15:39',NULL,NULL,NULL,NULL,'4feb4059b284e21a00e8c05ff9d94812',0,5,0),(130,3,NULL,NULL,NULL,1,1,NULL,NULL,2,2,'hongtu01','e10adc3949ba59abbe56e057f20f883e',NULL,NULL,NULL,NULL,NULL,NULL,NULL,NULL,'957720','89.116.88.35','2023-01-11 23:56:30','2023-01-11 23:56:30','2022-12-12 11:27:06',NULL,NULL,NULL,NULL,'4feb4059b284e21a00e8c05ff9d94812',0,NULL,0),(131,4,NULL,NULL,NULL,1,1,NULL,NULL,2,2,'ofo01','e10adc3949ba59abbe56e057f20f883e','X5C77DLBCP2ZKYVT7E7VG6VWAMTRGG7Y',NULL,NULL,NULL,NULL,NULL,NULL,NULL,'832540','192.168.3.188','2023-01-13 18:35:46','2023-01-13 18:35:46','2022-12-18 14:17:04',NULL,NULL,NULL,NULL,'4feb4059b284e21a00e8c05ff9d94812',0,4,0),(132,1,NULL,NULL,NULL,1,1,NULL,NULL,2,2,'xiaoguo','c45cff28bd72b25ee9268782bf0493c2',NULL,NULL,NULL,NULL,NULL,NULL,NULL,NULL,'49731',NULL,NULL,'2022-12-19 23:14:06','2022-12-19 23:14:06',NULL,NULL,NULL,NULL,NULL,0,NULL,0),(133,3,NULL,NULL,NULL,1,1,NULL,NULL,2,2,'tongzhen','1b476664ee251dd8b028f56be3eb08c9',NULL,NULL,NULL,NULL,NULL,NULL,NULL,NULL,'187630','49.157.13.70','2023-01-10 14:00:50','2023-01-10 14:00:50','2022-12-21 13:22:27',NULL,NULL,NULL,NULL,'bf480b694fead730c0eaba1133665c44',0,NULL,0),(134,4,NULL,NULL,NULL,1,1,NULL,NULL,2,2,'maoshu02','e10adc3949ba59abbe56e057f20f883e',NULL,NULL,NULL,NULL,NULL,NULL,NULL,NULL,'279972','192.168.3.188','2023-01-12 17:15:09','2023-01-12 17:15:09','2022-12-22 19:21:22',NULL,NULL,NULL,NULL,'4feb4059b284e21a00e8c05ff9d94812',0,4,0),(136,3,NULL,NULL,NULL,1,1,NULL,NULL,2,2,'jiaohua','e10adc3949ba59abbe56e057f20f883e',NULL,NULL,NULL,NULL,NULL,NULL,NULL,NULL,'729211','115.126.97.38','2023-01-11 21:09:14','2023-01-11 21:09:14','2022-12-25 15:09:48',NULL,NULL,NULL,NULL,'4feb4059b284e21a00e8c05ff9d94812',0,NULL,0),(137,3,NULL,NULL,NULL,1,1,NULL,NULL,2,2,'AG66','2b3876c71b20a806cf6eb78b4c30e506',NULL,NULL,NULL,NULL,NULL,NULL,NULL,NULL,'378215','203.168.226.2','2023-01-12 13:20:00','2023-01-12 13:20:00','2022-12-27 11:28:56',NULL,NULL,NULL,NULL,'daea9d72c0b0dd890533c849d5663bdc',0,NULL,0),(138,5,NULL,NULL,NULL,1,1,NULL,NULL,2,2,'tuoni','7e6e86e124d2ef4b57216683ac09f8d3',NULL,NULL,NULL,NULL,NULL,NULL,NULL,NULL,'341623','1.47.0.21','2023-01-01 16:50:18','2023-01-01 16:50:18','2022-12-27 12:16:41',NULL,NULL,NULL,NULL,'cac25e612098aa2ecf4c2f89ceaf0b2e',0,NULL,0),(141,3,NULL,NULL,NULL,1,1,NULL,NULL,1,2,'Otm118','e09d56e977035a9f2b4cc3a962fb28f1','W4LFCBESXDQKOIINB5SELYPFUKW36WLC',NULL,NULL,NULL,NULL,NULL,NULL,NULL,'263692','112.199.81.30','2023-01-02 17:19:45','2023-01-02 17:19:45','2022-12-27 18:41:07',NULL,NULL,NULL,NULL,'a7e58f69ac847aafaa13528390dfc698',0,NULL,0),(142,4,NULL,NULL,NULL,2,1,NULL,NULL,2,2,'facai01','e10adc3949ba59abbe56e057f20f883e',NULL,NULL,NULL,NULL,NULL,NULL,NULL,NULL,'856550','1.46.20.117','2023-01-07 21:19:39','2023-01-12 02:09:00','2023-01-07 16:07:48',NULL,NULL,NULL,NULL,'4feb4059b284e21a00e8c05ff9d94812',0,4,0),(143,4,NULL,NULL,NULL,1,1,NULL,NULL,2,2,'maoshu03','e10adc3949ba59abbe56e057f20f883e',NULL,NULL,NULL,NULL,NULL,NULL,NULL,NULL,'837711','171.96.191.174','2023-01-12 12:11:01','2023-01-12 14:48:10','2023-01-10 20:58:07',NULL,NULL,NULL,NULL,'4feb4059b284e21a00e8c05ff9d94812',0,4,0),(144,4,NULL,NULL,NULL,2,1,NULL,NULL,2,2,'mayi','e10adc3949ba59abbe56e057f20f883e',NULL,NULL,NULL,NULL,NULL,NULL,NULL,NULL,'448253','1.46.146.82','2023-01-12 11:34:24','2023-01-12 11:34:24','2023-01-10 23:12:15',NULL,NULL,NULL,NULL,'4feb4059b284e21a00e8c05ff9d94812',0,4,0),(145,4,NULL,NULL,NULL,2,1,NULL,NULL,2,2,'mayi1218','e10adc3949ba59abbe56e057f20f883e',NULL,NULL,NULL,NULL,NULL,NULL,NULL,NULL,'46117','124.122.125.51','2023-01-11 12:51:46','2023-01-12 02:09:00','2023-01-11 12:51:07',NULL,NULL,NULL,NULL,'4feb4059b284e21a00e8c05ff9d94812',0,4,0),(146,3,NULL,NULL,NULL,1,1,NULL,NULL,2,2,'DFtongzhen','e10adc3949ba59abbe56e057f20f883e',NULL,NULL,NULL,NULL,NULL,NULL,NULL,NULL,'247433',NULL,NULL,'2023-01-12 01:10:41','2023-01-12 01:10:09',NULL,NULL,NULL,NULL,NULL,0,NULL,0);
/*!40000 ALTER TABLE `std_user` ENABLE KEYS */;
UNLOCK TABLES;

--
-- Table structure for table `std_user_balance`
--

DROP TABLE IF EXISTS `std_user_balance`;
/*!40101 SET @saved_cs_client     = @@character_set_client */;
/*!50503 SET character_set_client = utf8mb4 */;
CREATE TABLE `std_user_balance` (
  `id` bigint NOT NULL AUTO_INCREMENT COMMENT '编号',
  `user_id` bigint DEFAULT '0' COMMENT '用户编号-&gt;std_user.id',
  `balance` decimal(18,6) DEFAULT '0.000000' COMMENT '余额',
  `frozen` decimal(18,6) DEFAULT '0.000000' COMMENT '冻结金额',
  `credit` decimal(18,6) DEFAULT '0.000000' COMMENT '额度',
  `updated_at` datetime DEFAULT NULL COMMENT '更新时间',
  `created_at` datetime DEFAULT NULL COMMENT '创建时间',
  PRIMARY KEY (`id`)
) ENGINE=InnoDB AUTO_INCREMENT=139 DEFAULT CHARSET=utf8mb4 COLLATE=utf8mb4_0900_ai_ci;
/*!40101 SET character_set_client = @saved_cs_client */;

--
-- Dumping data for table `std_user_balance`
--

LOCK TABLES `std_user_balance` WRITE;
/*!40000 ALTER TABLE `std_user_balance` DISABLE KEYS */;
INSERT INTO `std_user_balance` VALUES (1,1,0.000000,200.000000,0.000000,'2021-04-15 22:49:59',NULL),(12,20,73080.550000,0.000000,0.000000,'2023-01-13 18:08:06','2021-03-27 09:29:16'),(17,25,0.000000,0.000000,0.000000,'2022-10-09 17:03:46','2021-04-06 10:37:16'),(20,28,0.000000,0.000000,0.000000,'2021-04-09 18:03:47','2021-04-09 18:03:47'),(55,63,0.000000,0.000000,0.000000,'2022-01-25 15:37:01','2022-01-25 15:37:01'),(84,92,0.000000,0.000000,0.000000,'2022-03-31 09:00:49','2022-03-31 09:00:49'),(85,93,0.000000,0.000000,0.000000,'2022-05-13 19:27:29','2022-05-13 19:27:29'),(86,94,0.000000,0.000000,0.000000,'2022-05-24 20:05:23','2022-05-24 20:05:23'),(87,95,0.000000,0.000000,0.000000,'2022-05-25 20:21:21','2022-05-25 20:21:21'),(95,103,0.000000,0.000000,0.000000,'2022-10-03 19:01:43','2022-10-03 19:01:43'),(113,121,382722.000000,10000.000000,1007.109000,'2022-12-30 12:26:47','2022-11-18 22:53:06'),(114,122,425040.050000,0.000000,1277.966000,'2023-01-06 12:08:45','2022-11-21 15:22:26'),(115,123,63727.760000,0.000000,0.000000,'2022-12-30 14:47:08','2022-11-24 17:12:53'),(117,125,0.000000,0.000000,0.000000,'2022-11-26 20:51:37','2022-11-26 20:51:37'),(118,126,0.000000,0.000000,2423.898000,'2022-12-30 14:47:08','2022-11-27 22:09:35'),(119,127,0.000000,0.000000,245.572000,'2022-12-30 14:47:08','2022-11-27 22:11:14'),(120,128,100000.000000,0.000000,0.000000,'2022-12-11 18:07:26','2022-12-07 14:12:34'),(121,129,613487.000000,0.000000,0.000000,'2023-01-12 01:02:23','2022-12-11 21:15:39'),(122,130,0.000000,0.000000,0.000000,'2022-12-12 11:27:06','2022-12-12 11:27:06'),(123,131,329892.000000,0.000000,0.000000,'2023-01-13 18:46:21','2022-12-18 14:17:04'),(124,132,0.000000,0.000000,0.000000,'2022-12-19 23:14:06','2022-12-19 23:14:06'),(125,133,6694.050000,0.000000,0.000000,'2023-01-12 16:21:14','2022-12-21 13:22:27'),(126,134,337429.000000,0.000000,0.000000,'2023-01-13 16:17:07','2022-12-22 19:21:22'),(128,136,0.000000,0.000000,0.000000,'2022-12-26 18:40:12','2022-12-25 15:09:48'),(129,137,87781.380000,0.000000,0.000000,'2023-01-12 16:34:38','2022-12-27 11:28:56'),(130,138,0.000000,0.000000,0.000000,'2022-12-27 12:16:41','2022-12-27 12:16:41'),(133,141,0.000000,0.000000,0.000000,'2022-12-30 13:03:08','2022-12-27 18:41:07'),(134,142,0.000000,0.000000,0.000000,'2023-01-07 16:07:48','2023-01-07 16:07:48'),(135,143,973500.000000,0.000000,0.000000,'2023-01-12 16:39:06','2023-01-10 20:58:07'),(136,144,0.000000,0.000000,0.000000,'2023-01-10 23:12:15','2023-01-10 23:12:15'),(137,145,0.000000,0.000000,0.000000,'2023-01-11 12:51:07','2023-01-11 12:51:07'),(138,146,10000.000000,0.000000,0.000000,'2023-01-12 15:28:46','2023-01-12 01:10:09');
/*!40000 ALTER TABLE `std_user_balance` ENABLE KEYS */;
UNLOCK TABLES;

--
-- Table structure for table `std_version`
--

DROP TABLE IF EXISTS `std_version`;
/*!40101 SET @saved_cs_client     = @@character_set_client */;
/*!50503 SET character_set_client = utf8mb4 */;
CREATE TABLE `std_version` (
  `id` bigint NOT NULL AUTO_INCREMENT COMMENT 'id',
  `url` varchar(255) DEFAULT NULL COMMENT '下载地址',
  `title` varchar(255) DEFAULT NULL COMMENT '标题',
  `number` varchar(128) DEFAULT NULL COMMENT '版本号',
  `updated_at` datetime DEFAULT NULL COMMENT '更新时间',
  `created_at` datetime DEFAULT NULL COMMENT '建创时间',
  PRIMARY KEY (`id`)
) ENGINE=InnoDB AUTO_INCREMENT=2 DEFAULT CHARSET=utf8mb4 COLLATE=utf8mb4_0900_ai_ci;
/*!40101 SET character_set_client = @saved_cs_client */;

--
-- Dumping data for table `std_version`
--

LOCK TABLES `std_version` WRITE;
/*!40000 ALTER TABLE `std_version` DISABLE KEYS */;
INSERT INTO `std_version` VALUES (1,NULL,'Apk-1.0.5','1.0.2','2022-10-04 00:28:58',NULL);
/*!40000 ALTER TABLE `std_version` ENABLE KEYS */;
UNLOCK TABLES;

--
-- Table structure for table `std_withdrawal`
--

DROP TABLE IF EXISTS `std_withdrawal`;
/*!40101 SET @saved_cs_client     = @@character_set_client */;
/*!50503 SET character_set_client = utf8mb4 */;
CREATE TABLE `std_withdrawal` (
  `id` bigint NOT NULL AUTO_INCREMENT COMMENT '编号',
  `user_id` bigint DEFAULT '0' COMMENT '用户编号-&gt;std_user.id',
  `status` bigint DEFAULT '0' COMMENT '状态',
  `upload` varchar(255) DEFAULT NULL COMMENT '凭证地址',
  `bank_id` bigint DEFAULT '0' COMMENT '银行卡编号-&gt;std_bank_card.id',
  `amount` decimal(10,2) DEFAULT '0.00' COMMENT '金额',
  `bill_id` bigint DEFAULT '0' COMMENT '账单编号-&gt;std_biil.id',
  `updated_at` datetime DEFAULT NULL COMMENT '更新时间',
  `created_at` datetime DEFAULT NULL COMMENT '建创时间',
  `auth_id` bigint DEFAULT '0' COMMENT '审核者编号-&gt;std_user.id',
  `usdt` decimal(10,5) DEFAULT NULL,
  `rate` decimal(10,5) DEFAULT NULL,
  PRIMARY KEY (`id`)
) ENGINE=InnoDB AUTO_INCREMENT=18 DEFAULT CHARSET=utf8mb4 COLLATE=utf8mb4_0900_ai_ci;
/*!40101 SET character_set_client = @saved_cs_client */;

--
-- Dumping data for table `std_withdrawal`
--

LOCK TABLES `std_withdrawal` WRITE;
/*!40000 ALTER TABLE `std_withdrawal` DISABLE KEYS */;
INSERT INTO `std_withdrawal` VALUES (13,20,2,'234asdfasf',0,4500.00,0,'2021-08-28 12:31:59','2021-08-28 12:27:29',0,1000.00000,4.50000),(14,20,1,'asdfasdfasdf',0,4500.00,0,'2021-08-28 12:33:05','2021-08-28 12:32:49',0,1000.00000,4.50000),(15,20,3,'sdfasdfadf',0,900.00,0,'2021-08-28 12:48:51','2021-08-28 12:48:51',0,200.00000,4.50000),(16,39,3,'wwwwww',0,645.00,0,'2021-08-29 21:09:56','2021-08-29 21:09:56',0,100.00000,6.45000),(17,39,3,'TTsssseeee',0,322.00,0,'2021-08-30 14:53:21','2021-08-30 14:53:21',0,50.00000,6.44000);
/*!40000 ALTER TABLE `std_withdrawal` ENABLE KEYS */;
UNLOCK TABLES;
/*!40103 SET TIME_ZONE=@OLD_TIME_ZONE */;

/*!40101 SET SQL_MODE=@OLD_SQL_MODE */;
/*!40014 SET FOREIGN_KEY_CHECKS=@OLD_FOREIGN_KEY_CHECKS */;
/*!40014 SET UNIQUE_CHECKS=@OLD_UNIQUE_CHECKS */;
/*!40101 SET CHARACTER_SET_CLIENT=@OLD_CHARACTER_SET_CLIENT */;
/*!40101 SET CHARACTER_SET_RESULTS=@OLD_CHARACTER_SET_RESULTS */;
/*!40101 SET COLLATION_CONNECTION=@OLD_COLLATION_CONNECTION */;
/*!40111 SET SQL_NOTES=@OLD_SQL_NOTES */;

-- Dump completed on 2023-01-13 20:01:10
