-- MySQL dump 10.13  Distrib 8.0.21, for Linux (x86_64)
--
-- Host: localhost    Database: daifu
-- ------------------------------------------------------
-- Server version	8.0.21

/*!40101 SET @OLD_CHARACTER_SET_CLIENT=@@CHARACTER_SET_CLIENT */;
/*!40101 SET @OLD_CHARACTER_SET_RESULTS=@@CHARACTER_SET_RESULTS */;
/*!40101 SET @OLD_COLLATION_CONNECTION=@@COLLATION_CONNECTION */;
/*!50503 SET NAMES utf8mb4 */;
/*!40103 SET @OLD_TIME_ZONE=@@TIME_ZONE */;
/*!40103 SET TIME_ZONE='+00:00' */;
/*!40014 SET @OLD_UNIQUE_CHECKS=@@UNIQUE_CHECKS, UNIQUE_CHECKS=0 */;
/*!40014 SET @OLD_FOREIGN_KEY_CHECKS=@@FOREIGN_KEY_CHECKS, FOREIGN_KEY_CHECKS=0 */;
/*!40101 SET @OLD_SQL_MODE=@@SQL_MODE, SQL_MODE='NO_AUTO_VALUE_ON_ZERO' */;
/*!40111 SET @OLD_SQL_NOTES=@@SQL_NOTES, SQL_NOTES=0 */;

--
-- Table structure for table `admin_menu`
--

DROP TABLE IF EXISTS `admin_menu`;
/*!40101 SET @saved_cs_client     = @@character_set_client */;
/*!50503 SET character_set_client = utf8mb4 */;
CREATE TABLE `admin_menu` (
  `id` bigint NOT NULL AUTO_INCREMENT COMMENT '编号',
  `status` bigint DEFAULT NULL COMMENT '状态',
  `type` bigint DEFAULT NULL COMMENT '类型',
  `order_id` bigint DEFAULT NULL COMMENT '排序id',
  `target` bigint DEFAULT NULL COMMENT '打开方式',
  `parent_id` bigint DEFAULT NULL COMMENT '上级ID',
  `is_navi` bigint DEFAULT NULL COMMENT '导航',
  `show` bigint DEFAULT NULL COMMENT '显示',
  `path` varchar(255) DEFAULT NULL COMMENT '请求路径',
  `name` varchar(128) DEFAULT NULL COMMENT '菜单名称',
  `icon` varchar(255) DEFAULT NULL COMMENT '菜单图标',
  `desc` varchar(255) DEFAULT NULL COMMENT '描述',
  `args` varchar(255) DEFAULT NULL COMMENT '参数',
  `updated_at` datetime DEFAULT NULL COMMENT '更新时间',
  `created_at` datetime DEFAULT NULL COMMENT '创建时间',
  PRIMARY KEY (`id`)
) ENGINE=InnoDB AUTO_INCREMENT=94 DEFAULT CHARSET=utf8mb4 COLLATE=utf8mb4_0900_ai_ci;
/*!40101 SET character_set_client = @saved_cs_client */;

--
-- Dumping data for table `admin_menu`
--

LOCK TABLES `admin_menu` WRITE;
/*!40000 ALTER TABLE `admin_menu` DISABLE KEYS */;
INSERT INTO `admin_menu` VALUES (1,1,0,1,2,0,1,2,'/index','首页','shouye','desc','','2021-03-25 09:07:45','2021-03-25 08:58:37'),(2,1,0,2,1,0,1,1,'/member','会员','CPhezuo','desc','','2021-03-25 09:04:14','2021-03-25 08:58:58'),(4,1,0,4,1,0,1,2,'/order','订单','yemianliu','desc','','2021-03-25 09:10:17','2021-03-25 09:01:09'),(5,1,0,5,1,0,1,1,'/finance','财务','jinbi','','','2021-03-25 09:02:35','2021-03-25 09:02:35'),(6,1,0,6,1,0,1,1,'/sf','收付','fuwuguanli','','','2021-03-25 09:02:59','2021-03-25 09:02:59'),(7,1,0,7,1,0,1,1,'/setting','设置','kongzhizhongxin','','','2021-03-25 09:03:26','2021-03-25 09:03:26'),(8,1,0,1,1,2,1,1,'/member/index','会员首页','qunzu','desc','','2021-03-25 09:13:16','2021-03-25 09:13:05'),(10,1,0,1,1,7,1,1,'/setting/index','设置首页','shouye_o','','','2021-03-25 20:49:15','2021-03-25 20:49:15'),(11,1,0,2,1,7,1,1,'/setting/auth','权限管理','RectangleCopy173','','','2021-03-25 21:38:47','2021-03-25 20:50:10'),(12,1,0,1,1,1,0,1,'、','公共权限','','','','2021-03-25 20:53:34','2021-03-25 20:53:34'),(13,1,0,1,1,12,0,1,'/dev/user/menu','用户菜单获取','','','','2021-03-25 20:54:26','2021-03-25 20:54:26'),(14,1,0,1,1,11,1,1,'/setting/auth/group','角色管理','qunzu_o','平台角色管理','','2021-03-25 20:59:47','2021-03-25 20:59:47'),(15,1,0,2,1,11,1,1,'/setting/auth/menu','菜单配置','RectangleCopy51','系统菜单配置','','2021-03-25 21:01:25','2021-03-25 21:01:25'),(16,1,0,3,1,11,1,1,'/setting/auth/rule','权限配置','RectangleCopy176','分配访问权限','','2021-03-25 21:46:03','2021-03-25 21:02:05'),(17,1,0,1,1,15,0,1,'/dev/menu/fetch','菜单读取','','','','2021-03-25 21:04:10','2021-03-25 21:04:10'),(18,1,0,2,1,15,0,1,'/dev/menu/delete','删除菜单','','','','2021-03-25 21:04:33','2021-03-25 21:04:33'),(19,1,0,3,1,15,0,1,'/dev/menu/post','菜单修改','','','','2021-03-25 21:05:02','2021-03-25 21:05:02'),(20,1,0,4,1,15,0,1,'/dev/menu/order','顺序设置','','','','2021-03-25 21:05:36','2021-03-25 21:05:36'),(21,1,0,50,1,14,0,1,'/dev/role/fetch','角色读取','','','','2021-03-25 21:28:26','2021-03-25 21:28:26'),(22,1,0,50,1,14,0,1,'/dev/role/post','角色修改','','','','2021-03-25 21:28:44','2021-03-25 21:28:44'),(23,1,0,50,1,14,0,1,'/dev/role/menu','角色菜单','','','','2021-03-25 21:33:04','2021-03-25 21:33:04'),(24,1,0,50,1,12,0,1,'/dev/analysis/summary','数据汇总','','','','2021-03-26 09:20:21','2021-03-26 09:20:21'),(25,1,0,50,1,15,0,1,'/dev/role/grant','菜订授权','','','','2021-03-26 09:22:43','2021-03-26 09:22:43'),(26,1,0,50,1,12,0,1,'/dev/user/stat','用户金额信息','','','','2021-03-26 09:51:02','2021-03-26 09:51:02'),(27,1,0,2,1,2,1,1,'/member/user','账号管理','CPhezuo_o','商户账号信息维护','','2021-03-26 09:59:50','2021-03-26 09:58:03'),(28,1,0,1,1,27,1,1,'/member/biz','商户账号','jingliren','商户账号维护','','2021-03-27 09:02:10','2021-03-26 10:00:43'),(29,1,0,3,1,27,1,1,'/member/client','卡商账号','guanliyuanrenzheng','卡商账号管理','','2021-03-26 10:15:13','2021-03-26 10:03:58'),(30,1,0,2,1,27,1,1,'/member/agent','代理账号','cangku_cangneishicao','代理账号管理','','2021-03-27 16:19:54','2021-03-26 10:05:21'),(31,1,0,50,1,29,0,1,'/dev/user/post','账号创建','','','','2021-03-26 10:45:56','2021-03-26 10:45:56'),(32,1,0,50,1,29,0,1,'/dev/user/fetch','账号读取','','','','2021-03-26 10:46:50','2021-03-26 10:46:50'),(33,1,0,50,1,29,0,1,'/dev/user/delete','账号删除','','','','2021-03-26 11:32:20','2021-03-26 11:32:20'),(34,1,0,50,1,29,0,1,'/dev/user/status','状修设置','','','','2021-03-26 12:51:54','2021-03-26 12:51:54'),(35,1,0,50,1,29,0,1,'/dev/user/member','商户修改','','','','2021-03-27 19:18:51','2021-03-27 19:18:51'),(36,1,0,1,1,6,1,1,'/sf/index','收付首页','fuwuguanli','','','2021-03-27 20:44:26','2021-03-27 20:44:26'),(37,1,0,2,1,6,1,1,'/sf/','收付管理','fuwuguanli','','','2021-03-27 20:47:19','2021-03-27 20:44:58'),(38,1,0,3,1,6,1,1,'/sf','通道理管','renwuzhongxin','','','2021-03-27 20:47:35','2021-03-27 20:45:52'),(39,1,0,1,1,38,1,1,'/sf/bank','银行列表','dunpaibaoxianrenzheng','全局银行列表维护','','2021-03-27 20:51:55','2021-03-27 20:46:30'),(40,1,0,1,1,37,1,1,'/sf/mybank','卡片管理','fuwuguanli','用于充值/提现','','2021-03-28 09:56:40','2021-03-27 20:48:07'),(41,1,0,2,1,38,1,1,'/sf/channel','通道管理','jiazai_shuaxin','通道管理/状态控制','','2021-03-27 20:51:23','2021-03-27 20:49:06'),(42,1,0,3,1,37,1,1,'/sf/device','设备管理','zhuti_tiaosepan','App自动转账设备管理','','2021-03-28 09:55:13','2021-03-27 20:49:35'),(43,1,0,50,1,39,0,1,'/dev/bank/post','银行管理','','','','2021-03-27 21:18:42','2021-03-27 21:18:42'),(44,1,0,50,1,39,0,1,'/dev/bank/delete','银行删除','','','','2021-03-27 21:19:57','2021-03-27 21:19:05'),(45,1,0,50,1,39,0,1,'/dev/bank/fetch','银行读取','','','','2021-03-27 21:19:45','2021-03-27 21:19:45'),(46,1,0,50,1,39,0,1,'/dev/bank/status','修改状态','','','','2021-03-27 21:20:25','2021-03-27 21:20:25'),(47,1,0,50,1,41,0,1,'/dev/channel/post','数据维护','','','','2021-03-27 21:48:30','2021-03-27 21:48:30'),(48,1,0,50,1,41,0,1,'/dev/channel/fetch','数据读取','','','','2021-03-27 21:48:53','2021-03-27 21:48:53'),(49,1,0,50,1,41,0,1,'/dev/channel/delete','数据删除','','','','2021-03-27 21:49:05','2021-03-27 21:49:05'),(50,1,0,50,1,41,0,1,'/dev/channel/status','状态修改','','','','2021-03-27 21:49:19','2021-03-27 21:49:19'),(51,1,0,1,1,4,0,1,'/order/index','订单首页','shouye_o','','','2021-03-27 22:45:39','2021-03-27 22:45:28'),(53,1,0,2,1,4,1,1,'/order/admin','订单管理','yemianliu_o','收付订单列表','','2021-03-27 22:47:30','2021-03-27 22:47:30'),(54,1,0,1,1,53,1,1,'/order/list','代付订单','yemianliu_o','代付订单列表','','2021-03-27 22:48:50','2021-03-27 22:48:50'),(55,1,0,2,1,53,1,1,'/order/bank','代收订单','gerenxinxi','代收订单列表','','2021-03-27 22:50:05','2021-03-27 22:50:05'),(56,1,0,50,1,40,0,1,'/dev/card/post','数据维护','','','','2021-03-28 08:29:03','2021-03-28 08:29:03'),(57,1,0,50,1,40,0,1,'/dev/card/fetch','数据读取','','','','2021-03-28 08:29:28','2021-03-28 08:29:28'),(58,1,0,50,1,40,0,1,'/dev/card/delete','数据删除','','','','2021-03-28 08:29:37','2021-03-28 08:29:37'),(59,1,0,50,1,40,0,1,'/dev/card/status','状态修改','','','','2021-03-28 08:29:51','2021-03-28 08:29:51'),(60,1,0,2,1,37,1,1,'/sf/serve','收付业务','fuwuxunhuanguanli','用于代付/代收业务','','2021-03-28 09:55:23','2021-03-28 09:55:02'),(61,1,0,50,1,42,0,1,'/dev/device/post','数据维护','','','','2021-03-28 19:56:58','2021-03-28 19:56:58'),(62,1,0,50,1,42,0,1,'/dev/device/fetch','数据读取','','','','2021-03-28 19:57:23','2021-03-28 19:57:23'),(63,1,0,50,1,42,0,1,'/dev/device/delete','数据删除','','','','2021-03-28 19:57:33','2021-03-28 19:57:33'),(64,1,0,50,1,42,0,1,'/dev/device/status','状态修改','','','','2021-03-28 19:57:46','2021-03-28 19:57:46'),(65,1,0,3,1,7,1,1,'/setting','系统维护','shu','','','2021-03-29 08:18:21','2021-03-29 08:18:21'),(66,1,0,1,1,65,1,1,'/setting/version','版本管理','yingyongAPP_o','APP版本维护','','2021-03-29 08:19:39','2021-03-29 08:18:53'),(67,1,0,50,1,65,1,1,'/setting/action','操作日志','baocun','操作日志记录','','2021-03-29 08:19:28','2021-03-29 08:19:28'),(68,1,0,1,1,5,1,1,'/finance/index','财务首页','shouye_o','','','2021-03-29 09:08:29','2021-03-29 09:08:29'),(69,1,0,2,1,5,1,1,'/finance/navi','快捷向导','ding_o','','','2021-03-29 09:09:01','2021-03-29 09:09:01'),(70,1,0,1,1,69,1,1,'/finance/recharge','充值申请','jiekuan_o','充值申请/结果查询','','2021-03-29 09:10:50','2021-03-29 09:10:29'),(71,1,0,2,1,69,1,1,'/finance/withdrawal','提现申请','cunkuan_o','提现审批/拒绝/查询','','2021-03-29 09:18:32','2021-03-29 09:11:34'),(72,1,0,3,1,69,1,1,'/finance/transaction','账户流水','huobiliu_o','交易流水查询','','2021-03-29 09:12:41','2021-03-29 09:12:41'),(73,1,0,50,1,29,0,1,'/dev/chain/post','商户通道','','','','2021-03-30 14:54:23','2021-03-30 14:54:23'),(74,1,0,50,1,70,0,1,'/dev/recharge/post','数据维护','','','','2021-03-31 09:24:46','2021-03-31 09:24:46'),(75,1,0,50,1,70,0,1,'/dev/recharge/fetch','数据读取','','','','2021-03-31 09:25:18','2021-03-31 09:25:18'),(76,1,0,50,1,70,0,1,'/dev/recharge/delete','数据删除','','','','2021-04-01 09:40:00','2021-03-31 09:25:34'),(77,1,0,50,1,70,0,1,'/dev/recharge/status','状态修改','','','','2021-03-31 09:25:48','2021-03-31 09:25:48'),(78,1,0,50,1,71,0,1,'/dev/withdrawal/post','数据维护','','','','2021-04-01 09:38:09','2021-04-01 09:38:09'),(79,1,0,50,1,71,0,1,'/dev/withdrawal/fetch','数据读取','','','','2021-04-01 09:38:30','2021-04-01 09:38:30'),(80,1,0,50,1,71,0,1,'/dev/withdrawal/delete','数据删除','','','','2021-04-01 09:40:30','2021-04-01 09:38:38'),(81,1,0,50,1,71,0,1,'/dev/withdrawal/status','状态修改','','','','2021-04-01 09:39:00','2021-04-01 09:39:00'),(82,1,0,50,1,72,0,1,'/dev/balance/fetch','数据读取','','','','2021-04-01 10:39:02','2021-04-01 10:39:02'),(83,1,0,50,1,12,0,1,'/dev/user/goauth','谷歌绑定','','','','2021-04-01 12:24:32','2021-04-01 12:24:32'),(84,1,0,50,1,12,0,1,'/dev/user/modifypwd','修改密码','','','','2021-04-01 13:21:43','2021-04-01 13:20:53'),(85,1,0,50,1,12,0,1,'/dev/user/reset','用户重置','','','','2021-04-01 13:34:58','2021-04-01 13:34:58'),(86,1,0,50,1,60,0,1,'/dev/card/bind','卡片绑定','','','','2021-04-01 21:03:56','2021-04-01 21:03:56'),(87,1,0,50,1,53,0,1,'/dev/order/','公有权限','','','','2021-04-02 09:30:17','2021-04-02 09:29:57'),(88,1,0,50,1,87,0,1,'/dev/order/fetch','读取','','','','2021-04-02 09:30:36','2021-04-02 09:30:36'),(89,1,0,50,1,88,0,1,'/dev/order/post','下单','','','','2021-04-02 10:07:31','2021-04-02 10:07:31'),(90,1,0,50,1,87,0,1,'/dev/order/finish','确认收款','','','','2021-04-03 09:29:27','2021-04-03 09:29:27'),(91,1,0,50,1,87,0,1,'/dev/order/fail','付款失败','','','','2021-04-03 12:25:01','2021-04-03 12:25:01'),(92,1,0,50,1,40,0,1,'/dev/bank/fetch','银行列表','','','','2021-04-04 15:12:01','2021-04-04 15:11:06'),(93,1,0,50,1,27,1,1,'/member/admin','管理员账号','gerentouxiang','管理员账号维护','','2021-04-06 10:33:48','2021-04-06 10:31:39');
/*!40000 ALTER TABLE `admin_menu` ENABLE KEYS */;
UNLOCK TABLES;

--
-- Table structure for table `admin_role`
--

DROP TABLE IF EXISTS `admin_role`;
/*!40101 SET @saved_cs_client     = @@character_set_client */;
/*!50503 SET character_set_client = utf8mb4 */;
CREATE TABLE `admin_role` (
  `id` bigint NOT NULL AUTO_INCREMENT COMMENT 'id',
  `name` varchar(64) DEFAULT NULL COMMENT '名称',
  `icon` varchar(255) DEFAULT NULL COMMENT '图标',
  `desc` varchar(255) DEFAULT NULL COMMENT '描述',
  `status` bigint DEFAULT NULL COMMENT '状态',
  `updated_at` datetime DEFAULT NULL COMMENT '更新时间',
  `created_at` datetime DEFAULT NULL COMMENT '创建时间',
  PRIMARY KEY (`id`)
) ENGINE=InnoDB AUTO_INCREMENT=5 DEFAULT CHARSET=utf8mb4 COLLATE=utf8mb4_0900_ai_ci;
/*!40101 SET character_set_client = @saved_cs_client */;

--
-- Dumping data for table `admin_role`
--

LOCK TABLES `admin_role` WRITE;
/*!40000 ALTER TABLE `admin_role` DISABLE KEYS */;
INSERT INTO `admin_role` VALUES (1,'管理员',NULL,'拥有系统最高权限',1,'2021-03-25 08:54:41','2021-03-25 08:54:41'),(2,'代理',NULL,'可创建商户、卡商获取佣金',1,'2021-03-25 08:55:26','2021-03-25 08:55:26'),(3,'商户',NULL,'拥用手动、API下单权限',1,'2021-03-25 08:56:00','2021-03-25 08:56:00'),(4,'卡商',NULL,'收付卡号供应商',1,'2021-03-25 08:57:06','2021-03-25 08:56:41');
/*!40000 ALTER TABLE `admin_role` ENABLE KEYS */;
UNLOCK TABLES;

--
-- Table structure for table `admin_role_menu`
--

DROP TABLE IF EXISTS `admin_role_menu`;
/*!40101 SET @saved_cs_client     = @@character_set_client */;
/*!50503 SET character_set_client = utf8mb4 */;
CREATE TABLE `admin_role_menu` (
  `id` bigint NOT NULL AUTO_INCREMENT COMMENT '编号',
  `menu_id` bigint DEFAULT NULL COMMENT '菜单编号-&gt;std_menu.id',
  `role_id` bigint DEFAULT NULL COMMENT '角色编号-&gt;std_role.id',
  `updated_at` datetime DEFAULT NULL COMMENT '更新时间',
  `created_at` datetime DEFAULT NULL COMMENT '创建时间',
  PRIMARY KEY (`id`)
) ENGINE=InnoDB AUTO_INCREMENT=2708 DEFAULT CHARSET=utf8mb4 COLLATE=utf8mb4_0900_ai_ci;
/*!40101 SET character_set_client = @saved_cs_client */;

--
-- Dumping data for table `admin_role_menu`
--

LOCK TABLES `admin_role_menu` WRITE;
/*!40000 ALTER TABLE `admin_role_menu` DISABLE KEYS */;
INSERT INTO `admin_role_menu` VALUES (2477,1,4,'2021-04-04 15:06:29','2021-04-04 15:06:29'),(2478,12,4,'2021-04-04 15:06:29','2021-04-04 15:06:29'),(2479,13,4,'2021-04-04 15:06:29','2021-04-04 15:06:29'),(2480,85,4,'2021-04-04 15:06:29','2021-04-04 15:06:29'),(2481,84,4,'2021-04-04 15:06:29','2021-04-04 15:06:29'),(2482,83,4,'2021-04-04 15:06:29','2021-04-04 15:06:29'),(2483,24,4,'2021-04-04 15:06:29','2021-04-04 15:06:29'),(2484,26,4,'2021-04-04 15:06:29','2021-04-04 15:06:29'),(2485,4,4,'2021-04-04 15:06:29','2021-04-04 15:06:29'),(2486,51,4,'2021-04-04 15:06:29','2021-04-04 15:06:29'),(2487,53,4,'2021-04-04 15:06:29','2021-04-04 15:06:29'),(2488,54,4,'2021-04-04 15:06:29','2021-04-04 15:06:29'),(2489,55,4,'2021-04-04 15:06:29','2021-04-04 15:06:29'),(2490,87,4,'2021-04-04 15:06:29','2021-04-04 15:06:29'),(2491,91,4,'2021-04-04 15:06:29','2021-04-04 15:06:29'),(2492,90,4,'2021-04-04 15:06:29','2021-04-04 15:06:29'),(2493,88,4,'2021-04-04 15:06:29','2021-04-04 15:06:29'),(2494,89,4,'2021-04-04 15:06:29','2021-04-04 15:06:29'),(2495,5,4,'2021-04-04 15:06:29','2021-04-04 15:06:29'),(2496,68,4,'2021-04-04 15:06:29','2021-04-04 15:06:29'),(2497,69,4,'2021-04-04 15:06:29','2021-04-04 15:06:29'),(2498,70,4,'2021-04-04 15:06:29','2021-04-04 15:06:29'),(2499,74,4,'2021-04-04 15:06:29','2021-04-04 15:06:29'),(2500,75,4,'2021-04-04 15:06:29','2021-04-04 15:06:29'),(2501,76,4,'2021-04-04 15:06:29','2021-04-04 15:06:29'),(2502,77,4,'2021-04-04 15:06:29','2021-04-04 15:06:29'),(2503,71,4,'2021-04-04 15:06:29','2021-04-04 15:06:29'),(2504,81,4,'2021-04-04 15:06:29','2021-04-04 15:06:29'),(2505,78,4,'2021-04-04 15:06:29','2021-04-04 15:06:29'),(2506,79,4,'2021-04-04 15:06:29','2021-04-04 15:06:29'),(2507,80,4,'2021-04-04 15:06:29','2021-04-04 15:06:29'),(2508,72,4,'2021-04-04 15:06:29','2021-04-04 15:06:29'),(2509,82,4,'2021-04-04 15:06:29','2021-04-04 15:06:29'),(2510,36,4,'2021-04-04 15:06:29','2021-04-04 15:06:29'),(2511,37,4,'2021-04-04 15:06:29','2021-04-04 15:06:29'),(2512,40,4,'2021-04-04 15:06:29','2021-04-04 15:06:29'),(2513,56,4,'2021-04-04 15:06:29','2021-04-04 15:06:29'),(2514,57,4,'2021-04-04 15:06:29','2021-04-04 15:06:29'),(2515,58,4,'2021-04-04 15:06:29','2021-04-04 15:06:29'),(2516,59,4,'2021-04-04 15:06:29','2021-04-04 15:06:29'),(2517,60,4,'2021-04-04 15:06:29','2021-04-04 15:06:29'),(2518,86,4,'2021-04-04 15:06:29','2021-04-04 15:06:29'),(2519,42,4,'2021-04-04 15:06:29','2021-04-04 15:06:29'),(2520,64,4,'2021-04-04 15:06:29','2021-04-04 15:06:29'),(2521,61,4,'2021-04-04 15:06:29','2021-04-04 15:06:29'),(2522,62,4,'2021-04-04 15:06:29','2021-04-04 15:06:29'),(2523,63,4,'2021-04-04 15:06:29','2021-04-04 15:06:29'),(2524,6,4,'2021-04-04 15:06:29','2021-04-04 15:06:29'),(2576,1,3,'2021-04-04 15:11:41','2021-04-04 15:11:41'),(2577,12,3,'2021-04-04 15:11:41','2021-04-04 15:11:41'),(2578,13,3,'2021-04-04 15:11:41','2021-04-04 15:11:41'),(2579,85,3,'2021-04-04 15:11:41','2021-04-04 15:11:41'),(2580,84,3,'2021-04-04 15:11:41','2021-04-04 15:11:41'),(2581,83,3,'2021-04-04 15:11:41','2021-04-04 15:11:41'),(2582,24,3,'2021-04-04 15:11:41','2021-04-04 15:11:41'),(2583,26,3,'2021-04-04 15:11:41','2021-04-04 15:11:41'),(2584,4,3,'2021-04-04 15:11:41','2021-04-04 15:11:41'),(2585,51,3,'2021-04-04 15:11:41','2021-04-04 15:11:41'),(2586,53,3,'2021-04-04 15:11:41','2021-04-04 15:11:41'),(2587,54,3,'2021-04-04 15:11:41','2021-04-04 15:11:41'),(2588,55,3,'2021-04-04 15:11:41','2021-04-04 15:11:41'),(2589,87,3,'2021-04-04 15:11:41','2021-04-04 15:11:41'),(2590,91,3,'2021-04-04 15:11:41','2021-04-04 15:11:41'),(2591,90,3,'2021-04-04 15:11:41','2021-04-04 15:11:41'),(2592,88,3,'2021-04-04 15:11:41','2021-04-04 15:11:41'),(2593,89,3,'2021-04-04 15:11:41','2021-04-04 15:11:41'),(2594,5,3,'2021-04-04 15:11:41','2021-04-04 15:11:41'),(2595,68,3,'2021-04-04 15:11:41','2021-04-04 15:11:41'),(2596,69,3,'2021-04-04 15:11:41','2021-04-04 15:11:41'),(2597,70,3,'2021-04-04 15:11:41','2021-04-04 15:11:41'),(2598,74,3,'2021-04-04 15:11:41','2021-04-04 15:11:41'),(2599,75,3,'2021-04-04 15:11:41','2021-04-04 15:11:41'),(2600,76,3,'2021-04-04 15:11:41','2021-04-04 15:11:41'),(2601,77,3,'2021-04-04 15:11:41','2021-04-04 15:11:41'),(2602,71,3,'2021-04-04 15:11:41','2021-04-04 15:11:41'),(2603,78,3,'2021-04-04 15:11:41','2021-04-04 15:11:41'),(2604,79,3,'2021-04-04 15:11:41','2021-04-04 15:11:41'),(2605,80,3,'2021-04-04 15:11:41','2021-04-04 15:11:41'),(2606,81,3,'2021-04-04 15:11:41','2021-04-04 15:11:41'),(2607,72,3,'2021-04-04 15:11:41','2021-04-04 15:11:41'),(2608,82,3,'2021-04-04 15:11:41','2021-04-04 15:11:41'),(2609,36,3,'2021-04-04 15:11:41','2021-04-04 15:11:41'),(2610,40,3,'2021-04-04 15:11:41','2021-04-04 15:11:41'),(2611,92,3,'2021-04-04 15:11:41','2021-04-04 15:11:41'),(2612,56,3,'2021-04-04 15:11:41','2021-04-04 15:11:41'),(2613,57,3,'2021-04-04 15:11:41','2021-04-04 15:11:41'),(2614,58,3,'2021-04-04 15:11:41','2021-04-04 15:11:41'),(2615,59,3,'2021-04-04 15:11:41','2021-04-04 15:11:41'),(2616,6,3,'2021-04-04 15:11:41','2021-04-04 15:11:41'),(2617,37,3,'2021-04-04 15:11:41','2021-04-04 15:11:41'),(2618,1,1,'2021-04-06 10:31:47','2021-04-06 10:31:47'),(2619,12,1,'2021-04-06 10:31:47','2021-04-06 10:31:47'),(2620,13,1,'2021-04-06 10:31:47','2021-04-06 10:31:47'),(2621,85,1,'2021-04-06 10:31:47','2021-04-06 10:31:47'),(2622,84,1,'2021-04-06 10:31:47','2021-04-06 10:31:47'),(2623,83,1,'2021-04-06 10:31:47','2021-04-06 10:31:47'),(2624,24,1,'2021-04-06 10:31:47','2021-04-06 10:31:47'),(2625,26,1,'2021-04-06 10:31:47','2021-04-06 10:31:47'),(2626,2,1,'2021-04-06 10:31:47','2021-04-06 10:31:47'),(2627,8,1,'2021-04-06 10:31:47','2021-04-06 10:31:47'),(2628,27,1,'2021-04-06 10:31:47','2021-04-06 10:31:47'),(2629,28,1,'2021-04-06 10:31:47','2021-04-06 10:31:47'),(2630,30,1,'2021-04-06 10:31:47','2021-04-06 10:31:47'),(2631,29,1,'2021-04-06 10:31:47','2021-04-06 10:31:47'),(2632,73,1,'2021-04-06 10:31:47','2021-04-06 10:31:47'),(2633,31,1,'2021-04-06 10:31:47','2021-04-06 10:31:47'),(2634,32,1,'2021-04-06 10:31:47','2021-04-06 10:31:47'),(2635,33,1,'2021-04-06 10:31:47','2021-04-06 10:31:47'),(2636,34,1,'2021-04-06 10:31:47','2021-04-06 10:31:47'),(2637,35,1,'2021-04-06 10:31:47','2021-04-06 10:31:47'),(2638,93,1,'2021-04-06 10:31:47','2021-04-06 10:31:47'),(2639,4,1,'2021-04-06 10:31:47','2021-04-06 10:31:47'),(2640,51,1,'2021-04-06 10:31:47','2021-04-06 10:31:47'),(2641,53,1,'2021-04-06 10:31:47','2021-04-06 10:31:47'),(2642,54,1,'2021-04-06 10:31:47','2021-04-06 10:31:47'),(2643,55,1,'2021-04-06 10:31:47','2021-04-06 10:31:47'),(2644,87,1,'2021-04-06 10:31:47','2021-04-06 10:31:47'),(2645,91,1,'2021-04-06 10:31:47','2021-04-06 10:31:47'),(2646,88,1,'2021-04-06 10:31:47','2021-04-06 10:31:47'),(2647,89,1,'2021-04-06 10:31:47','2021-04-06 10:31:47'),(2648,90,1,'2021-04-06 10:31:47','2021-04-06 10:31:47'),(2649,5,1,'2021-04-06 10:31:47','2021-04-06 10:31:47'),(2650,68,1,'2021-04-06 10:31:47','2021-04-06 10:31:47'),(2651,69,1,'2021-04-06 10:31:47','2021-04-06 10:31:47'),(2652,70,1,'2021-04-06 10:31:47','2021-04-06 10:31:47'),(2653,74,1,'2021-04-06 10:31:47','2021-04-06 10:31:47'),(2654,75,1,'2021-04-06 10:31:47','2021-04-06 10:31:47'),(2655,76,1,'2021-04-06 10:31:47','2021-04-06 10:31:47'),(2656,77,1,'2021-04-06 10:31:47','2021-04-06 10:31:47'),(2657,71,1,'2021-04-06 10:31:47','2021-04-06 10:31:47'),(2658,81,1,'2021-04-06 10:31:47','2021-04-06 10:31:47'),(2659,80,1,'2021-04-06 10:31:47','2021-04-06 10:31:47'),(2660,79,1,'2021-04-06 10:31:47','2021-04-06 10:31:47'),(2661,78,1,'2021-04-06 10:31:47','2021-04-06 10:31:47'),(2662,72,1,'2021-04-06 10:31:47','2021-04-06 10:31:47'),(2663,82,1,'2021-04-06 10:31:47','2021-04-06 10:31:47'),(2664,6,1,'2021-04-06 10:31:47','2021-04-06 10:31:47'),(2665,36,1,'2021-04-06 10:31:47','2021-04-06 10:31:47'),(2666,37,1,'2021-04-06 10:31:47','2021-04-06 10:31:47'),(2667,40,1,'2021-04-06 10:31:47','2021-04-06 10:31:47'),(2668,92,1,'2021-04-06 10:31:47','2021-04-06 10:31:47'),(2669,56,1,'2021-04-06 10:31:47','2021-04-06 10:31:47'),(2670,57,1,'2021-04-06 10:31:47','2021-04-06 10:31:47'),(2671,58,1,'2021-04-06 10:31:47','2021-04-06 10:31:47'),(2672,59,1,'2021-04-06 10:31:47','2021-04-06 10:31:47'),(2673,60,1,'2021-04-06 10:31:47','2021-04-06 10:31:47'),(2674,86,1,'2021-04-06 10:31:47','2021-04-06 10:31:47'),(2675,42,1,'2021-04-06 10:31:47','2021-04-06 10:31:47'),(2676,64,1,'2021-04-06 10:31:47','2021-04-06 10:31:47'),(2677,61,1,'2021-04-06 10:31:47','2021-04-06 10:31:47'),(2678,62,1,'2021-04-06 10:31:47','2021-04-06 10:31:47'),(2679,63,1,'2021-04-06 10:31:47','2021-04-06 10:31:47'),(2680,38,1,'2021-04-06 10:31:47','2021-04-06 10:31:47'),(2681,39,1,'2021-04-06 10:31:47','2021-04-06 10:31:47'),(2682,45,1,'2021-04-06 10:31:47','2021-04-06 10:31:47'),(2683,43,1,'2021-04-06 10:31:47','2021-04-06 10:31:47'),(2684,44,1,'2021-04-06 10:31:47','2021-04-06 10:31:47'),(2685,46,1,'2021-04-06 10:31:47','2021-04-06 10:31:47'),(2686,41,1,'2021-04-06 10:31:47','2021-04-06 10:31:47'),(2687,47,1,'2021-04-06 10:31:47','2021-04-06 10:31:47'),(2688,48,1,'2021-04-06 10:31:47','2021-04-06 10:31:47'),(2689,49,1,'2021-04-06 10:31:47','2021-04-06 10:31:47'),(2690,50,1,'2021-04-06 10:31:47','2021-04-06 10:31:47'),(2691,7,1,'2021-04-06 10:31:47','2021-04-06 10:31:47'),(2692,10,1,'2021-04-06 10:31:47','2021-04-06 10:31:47'),(2693,11,1,'2021-04-06 10:31:47','2021-04-06 10:31:47'),(2694,14,1,'2021-04-06 10:31:47','2021-04-06 10:31:47'),(2695,21,1,'2021-04-06 10:31:47','2021-04-06 10:31:47'),(2696,22,1,'2021-04-06 10:31:47','2021-04-06 10:31:47'),(2697,23,1,'2021-04-06 10:31:47','2021-04-06 10:31:47'),(2698,15,1,'2021-04-06 10:31:47','2021-04-06 10:31:47'),(2699,17,1,'2021-04-06 10:31:47','2021-04-06 10:31:47'),(2700,18,1,'2021-04-06 10:31:47','2021-04-06 10:31:47'),(2701,19,1,'2021-04-06 10:31:47','2021-04-06 10:31:47'),(2702,20,1,'2021-04-06 10:31:47','2021-04-06 10:31:47'),(2703,25,1,'2021-04-06 10:31:47','2021-04-06 10:31:47'),(2704,16,1,'2021-04-06 10:31:47','2021-04-06 10:31:47'),(2705,65,1,'2021-04-06 10:31:47','2021-04-06 10:31:47'),(2706,66,1,'2021-04-06 10:31:47','2021-04-06 10:31:47'),(2707,67,1,'2021-04-06 10:31:47','2021-04-06 10:31:47');
/*!40000 ALTER TABLE `admin_role_menu` ENABLE KEYS */;
UNLOCK TABLES;

--
-- Table structure for table `std_balance`
--

DROP TABLE IF EXISTS `std_balance`;
/*!40101 SET @saved_cs_client     = @@character_set_client */;
/*!50503 SET character_set_client = utf8mb4 */;
CREATE TABLE `std_balance` (
  `id` bigint NOT NULL AUTO_INCREMENT COMMENT '编号',
  `user_id` bigint DEFAULT '0' COMMENT '用户编号-&gt;std_user.id',
  `status` bigint DEFAULT '0' COMMENT '状态',
  `refer_id` bigint DEFAULT '0' COMMENT '引用id',
  `type` bigint DEFAULT '0' COMMENT '类型',
  `before` decimal(18,6) DEFAULT '0.000000' COMMENT '变化前',
  `amount` decimal(18,6) DEFAULT '0.000000' COMMENT '金额',
  `after` decimal(18,6) DEFAULT '0.000000' COMMENT '变化后',
  `updated_at` datetime DEFAULT NULL COMMENT '更新时间',
  `created_at` datetime DEFAULT NULL COMMENT '建创时间',
  PRIMARY KEY (`id`)
) ENGINE=InnoDB AUTO_INCREMENT=129 DEFAULT CHARSET=utf8mb4 COLLATE=utf8mb4_0900_ai_ci;
/*!40101 SET character_set_client = @saved_cs_client */;

--
-- Dumping data for table `std_balance`
--

LOCK TABLES `std_balance` WRITE;
/*!40000 ALTER TABLE `std_balance` DISABLE KEYS */;
INSERT INTO `std_balance` VALUES (63,20,2,43,3,9999730.638000,1.000000,9999729.638000,'2021-04-04 14:43:14','2021-04-04 10:49:59'),(64,20,2,43,3,9999729.638000,1.006000,9999728.632000,'2021-04-04 14:43:14','2021-04-04 10:49:59'),(65,20,2,43,3,9999728.632000,1.000000,9999727.632000,'2021-04-04 14:43:14','2021-04-04 10:55:00'),(66,20,2,43,3,9999727.632000,1.006000,9999726.626000,'2021-04-04 14:43:14','2021-04-04 10:55:00'),(67,20,2,43,3,9999726.626000,1.000000,9999725.626000,'2021-04-04 14:43:14','2021-04-04 11:06:20'),(68,20,2,43,3,9999725.626000,1.006000,9999724.620000,'2021-04-04 14:43:14','2021-04-04 11:06:21'),(69,20,2,43,3,9999724.620000,1.000000,9999723.620000,'2021-04-04 14:43:14','2021-04-04 11:59:22'),(70,20,2,43,3,9999723.620000,1.006000,9999722.614000,'2021-04-04 14:43:14','2021-04-04 11:59:22'),(71,20,2,43,3,9999722.614000,1.000000,9999721.614000,'2021-04-04 14:43:14','2021-04-04 11:59:38'),(72,20,2,43,3,9999721.614000,1.006000,9999720.608000,'2021-04-04 14:43:14','2021-04-04 11:59:38'),(73,20,2,43,3,9999720.608000,1.000000,9999719.608000,'2021-04-04 14:43:14','2021-04-04 12:04:00'),(74,20,2,43,3,9999719.608000,1.006000,9999718.602000,'2021-04-04 14:43:14','2021-04-04 12:04:00'),(75,20,2,43,3,9999718.602000,1.000000,9999717.602000,'2021-04-04 14:43:14','2021-04-04 12:16:05'),(76,20,2,43,3,9999717.602000,2.006000,9999715.596000,'2021-04-04 14:43:14','2021-04-04 12:16:06'),(77,20,2,43,3,9999715.596000,1.000000,9999714.596000,'2021-04-04 14:43:14','2021-04-04 14:39:47'),(78,20,2,43,3,9999714.596000,1.006000,9999713.590000,'2021-04-04 14:43:14','2021-04-04 14:39:48'),(79,20,1,43,4,9999713.590000,1.000000,9999714.590000,'2021-04-04 14:43:14','2021-04-04 14:43:14'),(80,20,1,43,4,9999714.590000,1.010000,9999715.600000,'2021-04-04 14:43:14','2021-04-04 14:43:14'),(81,20,1,43,3,9999715.600000,1.000000,9999714.600000,'2021-04-04 14:55:54','2021-04-04 14:55:54'),(82,20,1,43,3,9999714.600000,1.006000,9999713.594000,'2021-04-04 14:55:55','2021-04-04 14:55:55'),(83,20,1,43,3,9999713.594000,1.000000,9999712.594000,'2021-04-04 14:58:00','2021-04-04 14:58:00'),(84,20,1,43,3,9999712.594000,1.006000,9999711.588000,'2021-04-04 14:58:01','2021-04-04 14:58:01'),(85,20,1,53,3,9999711.588000,11.000000,9999700.588000,'2021-04-04 15:13:08','2021-04-04 15:13:08'),(86,20,1,53,3,9999700.588000,1.066000,9999699.522000,'2021-04-04 15:13:08','2021-04-04 15:13:08'),(87,20,1,43,3,9999699.522000,1.000000,9999698.522000,'2021-04-04 22:17:36','2021-04-04 22:17:36'),(88,20,1,43,3,9999698.522000,1.006000,9999697.516000,'2021-04-04 22:17:36','2021-04-04 22:17:36'),(89,20,1,43,3,9999697.516000,1.000000,9999696.516000,'2021-04-04 22:26:11','2021-04-04 22:26:11'),(90,20,1,43,3,9999696.516000,1.006000,9999695.510000,'2021-04-04 22:26:12','2021-04-04 22:26:12'),(91,20,1,43,3,9999695.510000,1.000000,9999694.510000,'2021-04-05 08:52:30','2021-04-05 08:52:30'),(92,20,1,43,3,9999694.510000,1.006000,9999693.504000,'2021-04-05 08:52:30','2021-04-05 08:52:30'),(93,20,1,43,3,9999693.504000,1.000000,9999692.504000,'2021-04-05 08:59:00','2021-04-05 08:59:00'),(94,20,1,43,3,9999692.504000,1.006000,9999691.498000,'2021-04-05 08:59:00','2021-04-05 08:59:00'),(95,20,1,43,3,9999691.498000,1.000000,9999690.498000,'2021-04-05 09:20:43','2021-04-05 09:20:43'),(96,20,1,43,3,9999690.498000,1.006000,9999689.492000,'2021-04-05 09:20:43','2021-04-05 09:20:43'),(97,20,1,60,3,9999689.492000,1.000000,9999688.492000,'2021-04-05 09:21:21','2021-04-05 09:21:21'),(98,20,1,60,3,9999688.492000,1.006000,9999687.486000,'2021-04-05 09:21:21','2021-04-05 09:21:21'),(99,20,1,61,3,9999687.486000,1.000000,9999686.486000,'2021-04-05 09:22:05','2021-04-05 09:22:05'),(100,20,1,61,3,9999686.486000,1.006000,9999685.480000,'2021-04-05 09:22:05','2021-04-05 09:22:05'),(101,20,1,61,3,9999685.480000,1.000000,9999684.480000,'2021-04-05 09:24:53','2021-04-05 09:24:53'),(102,20,1,61,3,9999684.480000,1.006000,9999683.474000,'2021-04-05 09:24:53','2021-04-05 09:24:53'),(103,20,1,61,3,9999683.474000,1.000000,9999682.474000,'2021-04-05 09:26:37','2021-04-05 09:26:37'),(104,20,1,61,3,9999682.474000,1.006000,9999681.468000,'2021-04-05 09:26:37','2021-04-05 09:26:37'),(105,20,1,61,3,9999681.468000,1.000000,9999680.468000,'2021-04-05 09:32:04','2021-04-05 09:32:04'),(106,20,1,61,3,9999680.468000,1.006000,9999679.462000,'2021-04-05 09:32:04','2021-04-05 09:32:04'),(107,20,1,61,3,9999679.462000,1.000000,9999678.462000,'2021-04-05 10:03:15','2021-04-05 10:03:15'),(108,20,1,61,3,9999678.462000,1.006000,9999677.456000,'2021-04-05 10:03:15','2021-04-05 10:03:15'),(109,20,1,61,3,9999677.456000,1.000000,9999676.456000,'2021-04-05 10:05:36','2021-04-05 10:05:36'),(110,20,1,61,3,9999676.456000,1.006000,9999675.450000,'2021-04-05 10:05:36','2021-04-05 10:05:36'),(111,20,1,67,3,9999675.450000,1.000000,9999674.450000,'2021-04-05 10:12:40','2021-04-05 10:12:40'),(112,20,1,67,3,9999674.450000,1.006000,9999673.444000,'2021-04-05 10:12:40','2021-04-05 10:12:40'),(113,20,1,68,3,9999673.444000,1.000000,9999672.444000,'2021-04-05 10:30:29','2021-04-05 10:30:29'),(114,20,1,68,3,9999672.444000,1.006000,9999671.438000,'2021-04-05 10:30:29','2021-04-05 10:30:29'),(115,20,1,69,3,9999671.438000,1.000000,9999670.438000,'2021-04-05 10:31:32','2021-04-05 10:31:32'),(116,20,1,69,3,9999670.438000,1.006000,9999669.432000,'2021-04-05 10:31:32','2021-04-05 10:31:32'),(117,20,1,70,3,9999669.432000,1.000000,9999668.432000,'2021-04-05 10:36:41','2021-04-05 10:36:41'),(118,20,1,70,3,9999668.432000,1.006000,9999667.426000,'2021-04-05 10:36:41','2021-04-05 10:36:41'),(119,20,1,71,3,9999667.426000,1.000000,9999666.426000,'2021-04-05 10:37:07','2021-04-05 10:37:07'),(120,20,1,71,3,9999666.426000,1.006000,9999665.420000,'2021-04-05 10:37:08','2021-04-05 10:37:08'),(121,14,1,14,6,10000000.000000,100.000000,10000100.000000,'2021-04-06 11:03:54','2021-04-06 11:03:54'),(122,14,1,14,7,10000100.000000,100.000000,10000000.000000,'2021-04-06 11:04:17','2021-04-06 11:04:17'),(123,20,1,20,6,9999665.420000,999665.420000,10999330.840000,'2021-04-06 11:12:43','2021-04-06 11:12:43'),(124,20,1,20,7,10999330.840000,330.840000,10999000.000000,'2021-04-06 11:12:59','2021-04-06 11:12:59'),(125,20,1,72,3,10999000.000000,23.000000,10998977.000000,'2021-04-06 14:03:50','2021-04-06 14:03:50'),(126,20,1,72,3,10998977.000000,1.138000,10998975.862000,'2021-04-06 14:03:50','2021-04-06 14:03:50'),(127,20,1,73,3,10998975.862000,123.000000,10998852.862000,'2021-04-06 14:18:02','2021-04-06 14:18:02'),(128,20,1,73,3,10998852.862000,1.738000,10998851.124000,'2021-04-06 14:18:02','2021-04-06 14:18:02');
/*!40000 ALTER TABLE `std_balance` ENABLE KEYS */;
UNLOCK TABLES;

--
-- Table structure for table `std_bank`
--

DROP TABLE IF EXISTS `std_bank`;
/*!40101 SET @saved_cs_client     = @@character_set_client */;
/*!50503 SET character_set_client = utf8mb4 */;
CREATE TABLE `std_bank` (
  `id` bigint NOT NULL AUTO_INCREMENT COMMENT '编号',
  `name` varchar(128) DEFAULT NULL COMMENT '银行名称',
  `code` varchar(128) DEFAULT NULL COMMENT '简码',
  `updated_at` datetime DEFAULT NULL COMMENT '更新时间',
  `created_at` datetime DEFAULT NULL COMMENT '建创时间',
  `version` varchar(128) DEFAULT NULL COMMENT 'App版本号',
  `status` bigint DEFAULT NULL COMMENT '状态',
  PRIMARY KEY (`id`)
) ENGINE=InnoDB AUTO_INCREMENT=3 DEFAULT CHARSET=utf8mb4 COLLATE=utf8mb4_0900_ai_ci;
/*!40101 SET character_set_client = @saved_cs_client */;

--
-- Dumping data for table `std_bank`
--

LOCK TABLES `std_bank` WRITE;
/*!40000 ALTER TABLE `std_bank` DISABLE KEYS */;
INSERT INTO `std_bank` VALUES (1,'建设银行','CCB','2021-03-29 13:57:15','2021-03-27 21:28:34','1.0.1',1),(2,'中国银行','CCB','2021-03-29 13:57:09','2021-03-29 13:56:16','1.0.1',1);
/*!40000 ALTER TABLE `std_bank` ENABLE KEYS */;
UNLOCK TABLES;

--
-- Table structure for table `std_bank_card`
--

DROP TABLE IF EXISTS `std_bank_card`;
/*!40101 SET @saved_cs_client     = @@character_set_client */;
/*!50503 SET character_set_client = utf8mb4 */;
CREATE TABLE `std_bank_card` (
  `id` bigint NOT NULL AUTO_INCREMENT COMMENT '编号',
  `user_id` bigint DEFAULT '0' COMMENT '用户编号-&gt;std_user.id',
  `status` bigint DEFAULT '0' COMMENT '状态',
  `max` bigint DEFAULT '0' COMMENT '最大金额',
  `min` bigint DEFAULT '0' COMMENT '最小金额',
  `round_id` bigint DEFAULT '0' COMMENT '轮训编号',
  `bank_id` bigint DEFAULT '0' COMMENT '银行编号-&gt;std_bank.id',
  `type` bigint DEFAULT '0' COMMENT '卡片类型',
  `name` varchar(64) DEFAULT NULL COMMENT '卡片姓名',
  `code` varchar(128) DEFAULT NULL COMMENT '银行卡号',
  `login_pwd` varchar(64) DEFAULT NULL COMMENT '登录密码',
  `tran_pwd` varchar(64) DEFAULT NULL COMMENT '支付密码',
  `device_id` bigint DEFAULT '0' COMMENT '设备编号-&gt;std_device.id',
  `updated_at` datetime DEFAULT NULL COMMENT '更新时间',
  `created_at` datetime DEFAULT NULL COMMENT '建创时间',
  `balance` decimal(10,2) DEFAULT '0.00' COMMENT '卡片实际余额',
  `total` bigint DEFAULT '0' COMMENT '转账次数',
  `refer_id` bigint DEFAULT '0',
  PRIMARY KEY (`id`)
) ENGINE=InnoDB AUTO_INCREMENT=5 DEFAULT CHARSET=utf8mb4 COLLATE=utf8mb4_0900_ai_ci;
/*!40101 SET character_set_client = @saved_cs_client */;

--
-- Dumping data for table `std_bank_card`
--

LOCK TABLES `std_bank_card` WRITE;
/*!40000 ALTER TABLE `std_bank_card` DISABLE KEYS */;
INSERT INTO `std_bank_card` VALUES (4,14,1,10000,1,47,1,2,'张三','6212251605000689122','1234','1234',11,'2021-04-06 14:18:02','2021-04-02 21:06:52',1000.00,0,0);
/*!40000 ALTER TABLE `std_bank_card` ENABLE KEYS */;
UNLOCK TABLES;

--
-- Table structure for table `std_chain`
--

DROP TABLE IF EXISTS `std_chain`;
/*!40101 SET @saved_cs_client     = @@character_set_client */;
/*!50503 SET character_set_client = utf8mb4 */;
CREATE TABLE `std_chain` (
  `id` bigint NOT NULL AUTO_INCREMENT COMMENT '编号',
  `user_id` bigint DEFAULT '0' COMMENT '用户编号-&gt;std_user.id',
  `channel_id` bigint DEFAULT '0' COMMENT '通道编号-&gt;std_channel.id',
  `max` bigint DEFAULT '0' COMMENT '最大下单金额',
  `min` bigint DEFAULT '0' COMMENT '最小下单金额',
  `fee` bigint DEFAULT '0' COMMENT '单笔手续费',
  `rate` decimal(9,3) DEFAULT '0.000' COMMENT '通道费率',
  `update_at` datetime DEFAULT NULL COMMENT '更新时间',
  `create_at` datetime DEFAULT NULL COMMENT '创建时间',
  PRIMARY KEY (`id`)
) ENGINE=InnoDB AUTO_INCREMENT=11 DEFAULT CHARSET=utf8mb4 COLLATE=utf8mb4_0900_ai_ci;
/*!40101 SET character_set_client = @saved_cs_client */;

--
-- Dumping data for table `std_chain`
--

LOCK TABLES `std_chain` WRITE;
/*!40000 ALTER TABLE `std_chain` DISABLE KEYS */;
INSERT INTO `std_chain` VALUES (9,20,1,100,1,1,0.006,'2021-04-05 10:05:33','2021-04-05 10:05:33'),(10,20,2,1,2,2,0.006,'2021-04-05 10:05:33','2021-04-05 10:05:33');
/*!40000 ALTER TABLE `std_chain` ENABLE KEYS */;
UNLOCK TABLES;

--
-- Table structure for table `std_channel`
--

DROP TABLE IF EXISTS `std_channel`;
/*!40101 SET @saved_cs_client     = @@character_set_client */;
/*!50503 SET character_set_client = utf8mb4 */;
CREATE TABLE `std_channel` (
  `id` bigint NOT NULL AUTO_INCREMENT COMMENT '编号',
  `status` bigint DEFAULT NULL COMMENT '状态',
  `name` varchar(128) DEFAULT NULL COMMENT '名称',
  `updated_at` datetime DEFAULT NULL COMMENT '更新时间',
  `created_at` datetime DEFAULT NULL COMMENT '创建时间',
  PRIMARY KEY (`id`)
) ENGINE=InnoDB AUTO_INCREMENT=3 DEFAULT CHARSET=utf8mb4 COLLATE=utf8mb4_0900_ai_ci;
/*!40101 SET character_set_client = @saved_cs_client */;

--
-- Dumping data for table `std_channel`
--

LOCK TABLES `std_channel` WRITE;
/*!40000 ALTER TABLE `std_channel` DISABLE KEYS */;
INSERT INTO `std_channel` VALUES (1,1,'代付','2021-04-02 10:31:35','2021-03-27 21:59:00'),(2,1,'代收','2021-03-27 22:01:07','2021-03-27 21:59:08');
/*!40000 ALTER TABLE `std_channel` ENABLE KEYS */;
UNLOCK TABLES;

--
-- Table structure for table `std_device`
--

DROP TABLE IF EXISTS `std_device`;
/*!40101 SET @saved_cs_client     = @@character_set_client */;
/*!50503 SET character_set_client = utf8mb4 */;
CREATE TABLE `std_device` (
  `id` bigint NOT NULL AUTO_INCREMENT COMMENT '手机设备',
  `user_id` bigint DEFAULT '0' COMMENT '用户编号-&gt;std_user.id',
  `status` bigint DEFAULT '0' COMMENT '状态',
  `updated_at` datetime DEFAULT NULL COMMENT '更新时间',
  `created_at` datetime DEFAULT NULL COMMENT '建创时间',
  `uuid` varchar(128) DEFAULT NULL COMMENT '设备硬件编号',
  `name` varchar(128) DEFAULT NULL COMMENT '设备别名',
  `rate` bigint DEFAULT '0' COMMENT '接单频率',
  PRIMARY KEY (`id`)
) ENGINE=InnoDB AUTO_INCREMENT=12 DEFAULT CHARSET=utf8mb4 COLLATE=utf8mb4_0900_ai_ci;
/*!40101 SET character_set_client = @saved_cs_client */;

--
-- Dumping data for table `std_device`
--

LOCK TABLES `std_device` WRITE;
/*!40000 ALTER TABLE `std_device` DISABLE KEYS */;
INSERT INTO `std_device` VALUES (11,1,1,'2021-04-01 20:24:35','2021-03-29 17:04:48','202103260324982156','设备别名-76322',5);
/*!40000 ALTER TABLE `std_device` ENABLE KEYS */;
UNLOCK TABLES;

--
-- Table structure for table `std_member`
--

DROP TABLE IF EXISTS `std_member`;
/*!40101 SET @saved_cs_client     = @@character_set_client */;
/*!50503 SET character_set_client = utf8mb4 */;
CREATE TABLE `std_member` (
  `id` bigint NOT NULL AUTO_INCREMENT COMMENT 'id',
  `name` varchar(128) DEFAULT NULL COMMENT '商户名',
  `status` bigint DEFAULT NULL COMMENT '状态',
  `user_id` bigint DEFAULT NULL COMMENT '用户归属-&gt;std_user.id',
  `secret` varchar(255) DEFAULT NULL COMMENT '商户密钥',
  `whitelist` varchar(255) DEFAULT NULL COMMENT '白名单以豆号隔开',
  `updated_at` datetime DEFAULT NULL COMMENT '更新时间',
  `created_at` datetime DEFAULT NULL COMMENT '创建时间',
  `desc` varchar(255) DEFAULT NULL COMMENT '描述',
  `refer_id` bigint DEFAULT NULL COMMENT '代理编号-&gt;std_user.id',
  PRIMARY KEY (`id`)
) ENGINE=InnoDB AUTO_INCREMENT=5 DEFAULT CHARSET=utf8mb4 COLLATE=utf8mb4_0900_ai_ci;
/*!40101 SET character_set_client = @saved_cs_client */;

--
-- Dumping data for table `std_member`
--

LOCK TABLES `std_member` WRITE;
/*!40000 ALTER TABLE `std_member` DISABLE KEYS */;
INSERT INTO `std_member` VALUES (1,'测试商户',1,20,'8db5ef5a-dce6-425c-b8f2-73bc65e15dc2','192.168.3.6','2021-04-04 14:59:37','2021-03-27 09:29:16',NULL,NULL);
/*!40000 ALTER TABLE `std_member` ENABLE KEYS */;
UNLOCK TABLES;

--
-- Table structure for table `std_order`
--

DROP TABLE IF EXISTS `std_order`;
/*!40101 SET @saved_cs_client     = @@character_set_client */;
/*!50503 SET character_set_client = utf8mb4 */;
CREATE TABLE `std_order` (
  `id` bigint NOT NULL AUTO_INCREMENT COMMENT '主键',
  `channel_id` bigint DEFAULT '0' COMMENT '通道ID',
  `type` bigint DEFAULT '0' COMMENT '订单类型',
  `status` bigint DEFAULT '0' COMMENT '订单状态',
  `upload` bigint DEFAULT '0' COMMENT '凭证上传',
  `amount` decimal(10,2) DEFAULT '0.00' COMMENT '订单金额',
  `agency` decimal(10,2) DEFAULT '0.00' COMMENT '代理费',
  `fee` decimal(10,2) DEFAULT '0.00' COMMENT '手续费',
  `agent_id` bigint DEFAULT '0' COMMENT '代理编号->std_agent.id',
  `user_id` bigint DEFAULT '0' COMMENT '订单属于用户',
  `out_trade_no` varchar(64) NOT NULL COMMENT '商户订单ID',
  `notify_url` varchar(255) DEFAULT NULL COMMENT '回调地址',
  `updated_at` datetime DEFAULT NULL COMMENT '更新时间',
  `created_at` datetime DEFAULT NULL COMMENT '创建时间',
  `expire_at` datetime DEFAULT NULL COMMENT '过期时间',
  `pay_time` datetime DEFAULT NULL COMMENT '支时间',
  `pay_name` varchar(64) DEFAULT NULL COMMENT '付款人性名',
  `notify_count` bigint DEFAULT '0' COMMENT '回调通知次数',
  `pay_account` varchar(128) DEFAULT NULL COMMENT '付款账号',
  `refund_at` datetime DEFAULT NULL COMMENT '退款时间',
  `desc` varchar(255) DEFAULT NULL COMMENT '备注',
  `receive_name` varchar(64) DEFAULT NULL COMMENT '收款人姓名',
  `receive_account` varchar(64) DEFAULT NULL COMMENT '收款账号',
  `receive_bank` varchar(64) DEFAULT NULL COMMENT '收款银行',
  `client_id` bigint DEFAULT '0' COMMENT '卡商编号->std_user.id',
  `card_id` bigint DEFAULT '0' COMMENT '银行卡编号->std_bank_card.id',
  PRIMARY KEY (`id`),
  UNIQUE KEY `out_trade_no` (`out_trade_no`)
) ENGINE=InnoDB AUTO_INCREMENT=74 DEFAULT CHARSET=utf8mb4 COLLATE=utf8mb4_0900_ai_ci;
/*!40101 SET character_set_client = @saved_cs_client */;

--
-- Dumping data for table `std_order`
--

LOCK TABLES `std_order` WRITE;
/*!40000 ALTER TABLE `std_order` DISABLE KEYS */;
INSERT INTO `std_order` VALUES (71,1,0,1,0,1.00,0.00,1.01,0,20,'621225','http://192.168.3.189:8080/pub/account/test','2021-04-05 10:37:07','2021-04-05 10:37:07',NULL,NULL,NULL,0,NULL,NULL,'下单成功','张三','6212251605000689122','招商',14,4),(72,1,0,1,0,23.00,0.00,1.14,0,20,'408ca374b7786a291eef370179ae3ac8','','2021-04-06 14:03:50','2021-04-06 14:03:50',NULL,NULL,NULL,0,NULL,NULL,'下单成功','12','1231','3123',14,4),(73,1,0,1,0,123.00,0.00,1.74,0,20,'f28ebf1f72246a6cd441fb7e189a9206','','2021-04-06 14:18:02','2021-04-06 14:18:01',NULL,NULL,NULL,0,NULL,NULL,'下单成功','123','3123','12',14,4);
/*!40000 ALTER TABLE `std_order` ENABLE KEYS */;
UNLOCK TABLES;

--
-- Table structure for table `std_recharge`
--

DROP TABLE IF EXISTS `std_recharge`;
/*!40101 SET @saved_cs_client     = @@character_set_client */;
/*!50503 SET character_set_client = utf8mb4 */;
CREATE TABLE `std_recharge` (
  `id` bigint NOT NULL AUTO_INCREMENT COMMENT '编号',
  `user_id` bigint DEFAULT '0' COMMENT '用户编号-&gt;std_user.id',
  `status` bigint DEFAULT '0' COMMENT '状态',
  `upload` varchar(255) DEFAULT NULL COMMENT '凭证地址',
  `bank_id` bigint DEFAULT '0' COMMENT '银行卡编号-&gt;std_bank_card.id',
  `amount` decimal(10,2) DEFAULT '0.00' COMMENT '金额',
  `bill_id` bigint DEFAULT '0' COMMENT '账单编号-&gt;std_biil.id',
  `updated_at` datetime DEFAULT NULL COMMENT '更新时间',
  `created_at` datetime DEFAULT NULL COMMENT '建创时间',
  PRIMARY KEY (`id`)
) ENGINE=InnoDB AUTO_INCREMENT=4 DEFAULT CHARSET=utf8mb4 COLLATE=utf8mb4_0900_ai_ci;
/*!40101 SET character_set_client = @saved_cs_client */;

--
-- Dumping data for table `std_recharge`
--

LOCK TABLES `std_recharge` WRITE;
/*!40000 ALTER TABLE `std_recharge` DISABLE KEYS */;
INSERT INTO `std_recharge` VALUES (1,1,1,NULL,3,100000.00,0,'2021-03-31 19:52:52','2021-03-31 09:49:09'),(2,1,2,NULL,3,1000.00,0,'2021-04-01 09:50:26','2021-03-31 20:42:48'),(3,1,3,NULL,3,1000.00,0,'2021-04-01 09:41:16','2021-04-01 09:41:16');
/*!40000 ALTER TABLE `std_recharge` ENABLE KEYS */;
UNLOCK TABLES;

--
-- Table structure for table `std_user`
--

DROP TABLE IF EXISTS `std_user`;
/*!40101 SET @saved_cs_client     = @@character_set_client */;
/*!50503 SET character_set_client = utf8mb4 */;
CREATE TABLE `std_user` (
  `id` bigint NOT NULL AUTO_INCREMENT COMMENT '用户ID',
  `role_id` bigint DEFAULT NULL COMMENT '角色ID',
  `sex` bigint DEFAULT NULL COMMENT '性别',
  `prov` bigint DEFAULT NULL COMMENT '省市',
  `city` bigint DEFAULT NULL COMMENT '城市',
  `dist` bigint DEFAULT NULL COMMENT '区县',
  `status` bigint DEFAULT NULL COMMENT '状态',
  `refer_id` bigint DEFAULT NULL COMMENT '引用ID',
  `point` bigint DEFAULT NULL COMMENT '积分',
  `level` bigint DEFAULT NULL COMMENT '级别',
  `exp` bigint DEFAULT NULL COMMENT '经验值',
  `username` varchar(128) DEFAULT NULL COMMENT '账号',
  `password` varchar(128) DEFAULT NULL COMMENT '密码',
  `secret` varchar(255) DEFAULT NULL COMMENT '谷歌密钥',
  `unionid` varchar(128) DEFAULT NULL COMMENT '微信unionid',
  `openid` varchar(128) DEFAULT NULL COMMENT '微信openid',
  `avatar` varchar(255) DEFAULT NULL COMMENT '头像',
  `mobile` varchar(128) DEFAULT NULL COMMENT '电话',
  `email` varchar(128) DEFAULT NULL COMMENT '邮箱',
  `desc` varchar(255) DEFAULT NULL COMMENT '描述',
  `attach` varchar(512) DEFAULT NULL COMMENT '附件',
  `invite_code` varchar(6) DEFAULT NULL COMMENT '邀请码',
  `login_ip` varchar(32) DEFAULT NULL COMMENT '登录IP',
  `login_at` datetime DEFAULT NULL COMMENT '登录时间',
  `updated_at` datetime DEFAULT NULL COMMENT '更新时间',
  `created_at` datetime DEFAULT NULL COMMENT '创建时间',
  `birthady` datetime DEFAULT NULL COMMENT '用户日生',
  `health` bigint DEFAULT NULL COMMENT '生命值',
  `nickname` varchar(128) DEFAULT NULL COMMENT '昵称',
  `member_id` bigint DEFAULT NULL COMMENT '商户编号-&gt;std_member.id',
  `token` varchar(255) DEFAULT NULL COMMENT '用户token',
  PRIMARY KEY (`id`)
) ENGINE=InnoDB AUTO_INCREMENT=27 DEFAULT CHARSET=utf8mb4 COLLATE=utf8mb4_0900_ai_ci;
/*!40101 SET character_set_client = @saved_cs_client */;

--
-- Dumping data for table `std_user`
--

LOCK TABLES `std_user` WRITE;
/*!40000 ALTER TABLE `std_user` DISABLE KEYS */;
INSERT INTO `std_user` VALUES (1,1,NULL,NULL,NULL,NULL,1,NULL,NULL,2,NULL,'admin','e10adc3949ba59abbe56e057f20f883e','C5NOPIH4AP3VTHWK3WQUDK7QPRJH7MOF',NULL,NULL,NULL,NULL,NULL,NULL,NULL,NULL,'192.168.3.6','2021-04-06 13:30:19','2021-04-06 13:30:19',NULL,NULL,NULL,NULL,NULL,'8eb95d3c9b9abf81c1094b80649e4fb6'),(14,4,NULL,NULL,NULL,NULL,1,20,NULL,2,NULL,'ks-test','e10adc3949ba59abbe56e057f20f883e',NULL,NULL,NULL,NULL,NULL,NULL,NULL,NULL,'429783','192.168.3.6','2021-04-02 21:06:18','2021-04-06 13:47:18','2021-03-26 22:53:14',NULL,NULL,NULL,NULL,'8eb95d3c9b9abf81c1094b80649e4fb6'),(20,3,NULL,NULL,NULL,NULL,1,NULL,NULL,2,NULL,'sh-test','e10adc3949ba59abbe56e057f20f883e','KNBKOEPWCR72VJXVKQUSLIZ2ENNTXACY',NULL,NULL,NULL,NULL,NULL,NULL,NULL,'218997','192.168.3.6','2021-04-06 13:53:50','2021-04-06 13:53:50','2021-03-27 09:29:16',NULL,NULL,NULL,NULL,'8eb95d3c9b9abf81c1094b80649e4fb6'),(25,2,NULL,NULL,NULL,NULL,1,NULL,NULL,2,NULL,'test','5929c100ec50ffba319707781b431441',NULL,NULL,NULL,NULL,NULL,NULL,NULL,NULL,'517805',NULL,NULL,'2021-04-06 10:37:16','2021-04-06 10:37:16',NULL,NULL,NULL,NULL,NULL);
/*!40000 ALTER TABLE `std_user` ENABLE KEYS */;
UNLOCK TABLES;

--
-- Table structure for table `std_user_balance`
--

DROP TABLE IF EXISTS `std_user_balance`;
/*!40101 SET @saved_cs_client     = @@character_set_client */;
/*!50503 SET character_set_client = utf8mb4 */;
CREATE TABLE `std_user_balance` (
  `id` bigint NOT NULL AUTO_INCREMENT COMMENT '编号',
  `user_id` bigint DEFAULT '0' COMMENT '用户编号-&gt;std_user.id',
  `balance` decimal(18,6) DEFAULT '0.000000' COMMENT '余额',
  `frozen` decimal(18,6) DEFAULT '0.000000' COMMENT '冻结金额',
  `credit` decimal(18,6) DEFAULT '0.000000' COMMENT '额度',
  `updated_at` datetime DEFAULT NULL COMMENT '更新时间',
  `created_at` datetime DEFAULT NULL COMMENT '创建时间',
  PRIMARY KEY (`id`)
) ENGINE=InnoDB AUTO_INCREMENT=19 DEFAULT CHARSET=utf8mb4 COLLATE=utf8mb4_0900_ai_ci;
/*!40101 SET character_set_client = @saved_cs_client */;

--
-- Dumping data for table `std_user_balance`
--

LOCK TABLES `std_user_balance` WRITE;
/*!40000 ALTER TABLE `std_user_balance` DISABLE KEYS */;
INSERT INTO `std_user_balance` VALUES (1,1,10000000.000000,200.000000,0.000000,'2021-04-01 10:27:26',NULL),(6,14,10000000.000000,200.000000,500.000000,'2021-04-06 11:11:05','2021-03-26 22:53:14'),(12,20,10998851.124000,200.000000,0.000000,'2021-04-06 14:18:02','2021-03-27 09:29:16'),(17,25,0.000000,0.000000,0.000000,'2021-04-06 10:37:16','2021-04-06 10:37:16');
/*!40000 ALTER TABLE `std_user_balance` ENABLE KEYS */;
UNLOCK TABLES;

--
-- Table structure for table `std_withdrawal`
--

DROP TABLE IF EXISTS `std_withdrawal`;
/*!40101 SET @saved_cs_client     = @@character_set_client */;
/*!50503 SET character_set_client = utf8mb4 */;
CREATE TABLE `std_withdrawal` (
  `id` bigint NOT NULL AUTO_INCREMENT COMMENT '编号',
  `user_id` bigint DEFAULT '0' COMMENT '用户编号-&gt;std_user.id',
  `status` bigint DEFAULT '0' COMMENT '状态',
  `upload` varchar(255) DEFAULT NULL COMMENT '凭证地址',
  `bank_id` bigint DEFAULT '0' COMMENT '银行卡编号-&gt;std_bank_card.id',
  `amount` decimal(10,2) DEFAULT '0.00' COMMENT '金额',
  `bill_id` bigint DEFAULT '0' COMMENT '账单编号-&gt;std_biil.id',
  `updated_at` datetime DEFAULT NULL COMMENT '更新时间',
  `created_at` datetime DEFAULT NULL COMMENT '建创时间',
  PRIMARY KEY (`id`)
) ENGINE=InnoDB AUTO_INCREMENT=6 DEFAULT CHARSET=utf8mb4 COLLATE=utf8mb4_0900_ai_ci;
/*!40101 SET character_set_client = @saved_cs_client */;

--
-- Dumping data for table `std_withdrawal`
--

LOCK TABLES `std_withdrawal` WRITE;
/*!40000 ALTER TABLE `std_withdrawal` DISABLE KEYS */;
INSERT INTO `std_withdrawal` VALUES (1,1,3,NULL,3,100.00,0,'2021-04-01 09:42:30','2021-04-01 09:42:30'),(2,1,2,NULL,3,100.00,0,'2021-04-01 09:53:40','2021-04-01 09:43:02'),(3,1,2,NULL,3,100.00,0,'2021-04-01 10:26:00','2021-04-01 10:12:24'),(4,1,2,NULL,3,99900.00,0,'2021-04-01 10:27:07','2021-04-01 10:26:55'),(5,1,1,NULL,3,900.00,0,'2021-04-01 10:27:35','2021-04-01 10:27:26');
/*!40000 ALTER TABLE `std_withdrawal` ENABLE KEYS */;
UNLOCK TABLES;
/*!40103 SET TIME_ZONE=@OLD_TIME_ZONE */;

/*!40101 SET SQL_MODE=@OLD_SQL_MODE */;
/*!40014 SET FOREIGN_KEY_CHECKS=@OLD_FOREIGN_KEY_CHECKS */;
/*!40014 SET UNIQUE_CHECKS=@OLD_UNIQUE_CHECKS */;
/*!40101 SET CHARACTER_SET_CLIENT=@OLD_CHARACTER_SET_CLIENT */;
/*!40101 SET CHARACTER_SET_RESULTS=@OLD_CHARACTER_SET_RESULTS */;
/*!40101 SET COLLATION_CONNECTION=@OLD_COLLATION_CONNECTION */;
/*!40111 SET SQL_NOTES=@OLD_SQL_NOTES */;

-- Dump completed on 2021-04-06 14:21:58
