-- MySQL dump 10.13  Distrib 8.0.21, for Linux (x86_64)
--
-- Host: localhost    Database: df
-- ------------------------------------------------------
-- Server version	8.0.21

/*!40101 SET @OLD_CHARACTER_SET_CLIENT=@@CHARACTER_SET_CLIENT */;
/*!40101 SET @OLD_CHARACTER_SET_RESULTS=@@CHARACTER_SET_RESULTS */;
/*!40101 SET @OLD_COLLATION_CONNECTION=@@COLLATION_CONNECTION */;
/*!50503 SET NAMES utf8mb4 */;
/*!40103 SET @OLD_TIME_ZONE=@@TIME_ZONE */;
/*!40103 SET TIME_ZONE='+00:00' */;
/*!40014 SET @OLD_UNIQUE_CHECKS=@@UNIQUE_CHECKS, UNIQUE_CHECKS=0 */;
/*!40014 SET @OLD_FOREIGN_KEY_CHECKS=@@FOREIGN_KEY_CHECKS, FOREIGN_KEY_CHECKS=0 */;
/*!40101 SET @OLD_SQL_MODE=@@SQL_MODE, SQL_MODE='NO_AUTO_VALUE_ON_ZERO' */;
/*!40111 SET @OLD_SQL_NOTES=@@SQL_NOTES, SQL_NOTES=0 */;

--
-- Table structure for table `admin_menu`
--

DROP TABLE IF EXISTS `admin_menu`;
/*!40101 SET @saved_cs_client     = @@character_set_client */;
/*!50503 SET character_set_client = utf8mb4 */;
CREATE TABLE `admin_menu` (
  `id` bigint NOT NULL AUTO_INCREMENT COMMENT '编号',
  `status` bigint DEFAULT NULL COMMENT '状态',
  `type` bigint DEFAULT NULL COMMENT '类型',
  `order_id` bigint DEFAULT NULL COMMENT '排序id',
  `target` bigint DEFAULT NULL COMMENT '打开方式',
  `parent_id` bigint DEFAULT NULL COMMENT '上级ID',
  `is_navi` bigint DEFAULT NULL COMMENT '导航',
  `show` bigint DEFAULT NULL COMMENT '显示',
  `path` varchar(255) DEFAULT NULL COMMENT '请求路径',
  `name` varchar(128) DEFAULT NULL COMMENT '菜单名称',
  `icon` varchar(255) DEFAULT NULL COMMENT '菜单图标',
  `desc` varchar(255) DEFAULT NULL COMMENT '描述',
  `args` varchar(255) DEFAULT NULL COMMENT '参数',
  `updated_at` datetime DEFAULT NULL COMMENT '更新时间',
  `created_at` datetime DEFAULT NULL COMMENT '创建时间',
  PRIMARY KEY (`id`)
) ENGINE=InnoDB AUTO_INCREMENT=150 DEFAULT CHARSET=utf8mb4 COLLATE=utf8mb4_0900_ai_ci;
/*!40101 SET character_set_client = @saved_cs_client */;

--
-- Dumping data for table `admin_menu`
--

LOCK TABLES `admin_menu` WRITE;
/*!40000 ALTER TABLE `admin_menu` DISABLE KEYS */;
INSERT INTO `admin_menu` VALUES (1,1,0,1,2,0,1,2,'/index','首页','shouye','desc','','2021-03-25 09:07:45','2021-03-25 08:58:37'),(2,1,0,2,1,0,1,1,'/member','会员','CPhezuo','desc','','2021-03-25 09:04:14','2021-03-25 08:58:58'),(4,1,0,4,1,0,1,2,'/order','订单','yemianliu','desc','','2021-03-25 09:10:17','2021-03-25 09:01:09'),(5,1,0,5,1,0,1,1,'/finance','财务','jinbi','','','2021-03-25 09:02:35','2021-03-25 09:02:35'),(6,1,0,6,1,0,1,1,'/sf','收付','fuwuguanli','','','2021-03-25 09:02:59','2021-03-25 09:02:59'),(7,1,0,7,1,0,1,1,'/setting','设置','kongzhizhongxin','','','2021-03-25 09:03:26','2021-03-25 09:03:26'),(8,1,0,1,1,2,1,1,'/member/index','会员首页','qunzu','desc','','2021-03-25 09:13:16','2021-03-25 09:13:05'),(10,1,0,1,1,7,1,1,'/setting/index','设置首页','shouye_o','','','2021-03-25 20:49:15','2021-03-25 20:49:15'),(11,1,0,2,1,7,1,1,'/setting/auth','权限管理','RectangleCopy173','','','2021-03-25 21:38:47','2021-03-25 20:50:10'),(12,1,0,1,1,1,0,1,'、','公共权限','','','','2021-03-25 20:53:34','2021-03-25 20:53:34'),(13,1,0,1,1,12,0,1,'/dev/user/menu','用户菜单获取','','','','2021-03-25 20:54:26','2021-03-25 20:54:26'),(14,1,0,1,1,11,1,1,'/setting/auth/group','角色管理','qunzu_o','平台角色管理','','2021-03-25 20:59:47','2021-03-25 20:59:47'),(15,1,0,2,1,11,1,1,'/setting/auth/menu','菜单配置','RectangleCopy51','系统菜单配置','','2021-03-25 21:01:25','2021-03-25 21:01:25'),(16,1,0,3,1,11,1,1,'/setting/auth/rule','权限配置','RectangleCopy176','分配访问权限','','2021-03-25 21:46:03','2021-03-25 21:02:05'),(17,1,0,1,1,15,0,1,'/dev/menu/fetch','菜单读取','','','','2021-03-25 21:04:10','2021-03-25 21:04:10'),(18,1,0,2,1,15,0,1,'/dev/menu/delete','删除菜单','','','','2021-03-25 21:04:33','2021-03-25 21:04:33'),(19,1,0,3,1,15,0,1,'/dev/menu/post','菜单修改','','','','2021-03-25 21:05:02','2021-03-25 21:05:02'),(20,1,0,4,1,15,0,1,'/dev/menu/order','顺序设置','','','','2021-03-25 21:05:36','2021-03-25 21:05:36'),(21,1,0,50,1,14,0,1,'/dev/role/fetch','角色读取','','','','2021-03-25 21:28:26','2021-03-25 21:28:26'),(22,1,0,50,1,14,0,1,'/dev/role/post','角色修改','','','','2021-03-25 21:28:44','2021-03-25 21:28:44'),(23,1,0,50,1,14,0,1,'/dev/role/menu','角色菜单','','','','2021-03-25 21:33:04','2021-03-25 21:33:04'),(24,1,0,50,1,12,0,1,'/dev/analysis/summary','数据汇总','','','','2021-03-26 09:20:21','2021-03-26 09:20:21'),(25,1,0,50,1,15,0,1,'/dev/role/grant','菜订授权','','','','2021-03-26 09:22:43','2021-03-26 09:22:43'),(26,1,0,50,1,12,0,1,'/dev/user/stat','用户金额信息','','','','2021-03-26 09:51:02','2021-03-26 09:51:02'),(27,1,0,2,1,2,1,1,'/member/user','账号管理','CPhezuo_o','商户账号信息维护','','2021-03-26 09:59:50','2021-03-26 09:58:03'),(28,1,0,1,1,27,1,1,'/member/biz','商户账号','jingliren','商户账号维护','','2021-03-27 09:02:10','2021-03-26 10:00:43'),(29,1,0,60,1,27,0,2,'/member/client','公有权限','guanliyuanrenzheng','卡商账号管理','','2022-02-17 15:32:03','2021-03-26 10:03:58'),(31,1,0,50,1,29,0,1,'/dev/user/post','账号创建','','','','2021-03-26 10:45:56','2021-03-26 10:45:56'),(32,1,0,50,1,29,0,1,'/dev/user/fetch','账号读取','','','','2021-03-26 10:46:50','2021-03-26 10:46:50'),(33,1,0,50,1,29,0,1,'/dev/user/delete','账号删除','','','','2021-03-26 11:32:20','2021-03-26 11:32:20'),(34,1,0,50,1,29,0,1,'/dev/user/status','状修设置','','','','2021-03-26 12:51:54','2021-03-26 12:51:54'),(35,1,0,50,1,29,0,1,'/dev/user/member','商户修改','','','','2021-03-27 19:18:51','2021-03-27 19:18:51'),(36,1,0,1,1,6,1,1,'/sf/index','收付首页','fuwuguanli','','','2021-03-27 20:44:26','2021-03-27 20:44:26'),(37,1,0,2,1,6,1,1,'/sf/','收付管理','fuwuguanli','','','2021-03-27 20:47:19','2021-03-27 20:44:58'),(39,1,0,4,1,37,1,1,'/sf/bank','银行列表','dunpaibaoxianrenzheng','全局银行列表维护','','2021-08-04 11:21:37','2021-03-27 20:46:30'),(41,1,0,3,1,37,1,1,'/sf/channel','通道管理','jiazai_shuaxin','通道管理/状态控制','','2021-08-04 11:21:32','2021-03-27 20:49:06'),(43,1,0,50,1,39,0,1,'/dev/bank/post','银行管理','','','','2021-03-27 21:18:42','2021-03-27 21:18:42'),(44,1,0,50,1,39,0,1,'/dev/bank/delete','银行删除','','','','2021-03-27 21:19:57','2021-03-27 21:19:05'),(45,1,0,50,1,39,0,1,'/dev/bank/fetch','银行读取','','','','2021-03-27 21:19:45','2021-03-27 21:19:45'),(46,1,0,50,1,39,0,1,'/dev/bank/status','修改状态','','','','2021-03-27 21:20:25','2021-03-27 21:20:25'),(47,1,0,50,1,41,0,1,'/dev/channel/post','数据维护','','','','2021-03-27 21:48:30','2021-03-27 21:48:30'),(48,1,0,50,1,41,0,1,'/dev/channel/fetch','数据读取','','','','2021-03-27 21:48:53','2021-03-27 21:48:53'),(49,1,0,50,1,41,0,1,'/dev/channel/delete','数据删除','','','','2021-03-27 21:49:05','2021-03-27 21:49:05'),(50,1,0,50,1,41,0,1,'/dev/channel/status','状态修改','','','','2021-03-27 21:49:19','2021-03-27 21:49:19'),(51,1,0,1,1,4,0,1,'/order/index','订单首页','shouye_o','','','2021-03-27 22:45:39','2021-03-27 22:45:28'),(53,1,0,2,1,4,1,1,'/order/admin','订单管理','yemianliu_o','收付订单列表','','2021-03-27 22:47:30','2021-03-27 22:47:30'),(54,1,0,1,1,53,1,1,'/order/list','代付订单','yemianliu_o','代付订单列表','','2021-03-27 22:48:50','2021-03-27 22:48:50'),(55,1,0,2,1,53,1,1,'/order/bank','代收订单','gerenxinxi','代收订单列表','','2021-03-27 22:50:05','2021-03-27 22:50:05'),(56,1,0,50,1,60,0,1,'/dev/card/post','数据维护','','','','2021-10-18 10:01:33','2021-03-28 08:29:03'),(57,1,0,50,1,60,0,1,'/dev/card/fetch','数据读取','','','','2021-10-18 10:02:49','2021-03-28 08:29:28'),(58,1,0,50,1,60,0,1,'/dev/card/delete','数据删除','','','','2021-10-18 10:02:33','2021-03-28 08:29:37'),(59,1,0,50,1,60,0,1,'/dev/card/status','状态修改','','','','2021-10-18 10:02:02','2021-03-28 08:29:51'),(60,1,0,1,1,37,1,1,'/sf/serve','收付管理','fuwuxunhuanguanli','用于代付/代收业务','','2022-02-16 20:28:53','2021-03-28 09:55:02'),(61,1,0,50,1,42,0,1,'/dev/device/post','数据维护','','','','2021-03-28 19:56:58','2021-03-28 19:56:58'),(62,1,0,50,1,42,0,1,'/dev/device/fetch','数据读取','','','','2021-03-28 19:57:23','2021-03-28 19:57:23'),(63,1,0,50,1,42,0,1,'/dev/device/delete','数据删除','','','','2021-03-28 19:57:33','2021-03-28 19:57:33'),(64,1,0,50,1,42,0,1,'/dev/device/status','状态修改','','','','2021-03-28 19:57:46','2021-03-28 19:57:46'),(65,1,0,3,1,7,1,1,'/setting','系统维护','shu','','','2021-03-29 08:18:21','2021-03-29 08:18:21'),(66,1,0,1,1,65,1,1,'/setting/version','版本管理','yingyongAPP_o','APP版本维护','','2021-03-29 08:19:39','2021-03-29 08:18:53'),(67,1,0,50,1,65,1,1,'/setting/action','操作日志','baocun','操作日志记录','','2021-03-29 08:19:28','2021-03-29 08:19:28'),(68,1,0,1,1,5,1,1,'/finance/index','财务首页','shouye_o','','','2021-03-29 09:08:29','2021-03-29 09:08:29'),(69,1,0,2,1,5,1,1,'/finance/navi','快捷向导','ding_o','','','2021-03-29 09:09:01','2021-03-29 09:09:01'),(72,1,0,3,1,69,1,1,'/finance/transaction','账户流水','huobiliu_o','交易流水查询','','2021-03-29 09:12:41','2021-03-29 09:12:41'),(73,1,0,50,1,29,0,1,'/dev/chain/post','商户通道','','','','2021-03-30 14:54:23','2021-03-30 14:54:23'),(74,1,0,50,1,70,0,1,'/dev/recharge/post','数据维护','','','','2021-03-31 09:24:46','2021-03-31 09:24:46'),(75,1,0,50,1,70,0,1,'/dev/recharge/fetch','数据读取','','','','2021-03-31 09:25:18','2021-03-31 09:25:18'),(76,1,0,50,1,70,0,1,'/dev/recharge/delete','数据删除','','','','2021-04-01 09:40:00','2021-03-31 09:25:34'),(77,1,0,50,1,70,0,1,'/dev/recharge/status','状态修改','','','','2021-03-31 09:25:48','2021-03-31 09:25:48'),(78,1,0,50,1,71,0,1,'/dev/withdrawal/post','数据维护','','','','2021-04-01 09:38:09','2021-04-01 09:38:09'),(79,1,0,50,1,71,0,1,'/dev/withdrawal/fetch','数据读取','','','','2021-04-01 09:38:30','2021-04-01 09:38:30'),(80,1,0,50,1,71,0,1,'/dev/withdrawal/delete','数据删除','','','','2021-04-01 09:40:30','2021-04-01 09:38:38'),(81,1,0,50,1,71,0,1,'/dev/withdrawal/status','状态修改','','','','2021-04-01 09:39:00','2021-04-01 09:39:00'),(82,1,0,50,1,72,0,1,'/dev/balance/fetch','数据读取','','','','2021-04-01 10:39:02','2021-04-01 10:39:02'),(83,1,0,50,1,12,0,1,'/dev/user/goauth','谷歌绑定','','','','2021-04-01 12:24:32','2021-04-01 12:24:32'),(84,1,0,50,1,12,0,1,'/dev/user/modifypwd','修改密码','','','','2021-04-01 13:21:43','2021-04-01 13:20:53'),(85,1,0,50,1,12,0,1,'/dev/user/reset','用户重置','','','','2021-04-01 13:34:58','2021-04-01 13:34:58'),(86,1,0,50,1,60,0,1,'/dev/card/bind','卡片绑定','','','','2021-04-01 21:03:56','2021-04-01 21:03:56'),(87,1,0,50,1,53,0,1,'/dev/order/','公有权限','youjian','','','2022-01-20 09:36:14','2021-04-02 09:29:57'),(88,1,0,50,1,87,0,1,'/dev/order/fetch','读取','','','','2021-04-02 09:30:36','2021-04-02 09:30:36'),(89,1,0,50,1,87,0,1,'/dev/order/post','代付下单','','','','2022-01-20 09:35:44','2021-04-02 10:07:31'),(90,1,0,50,1,94,0,1,'/dev/order/finish','确认收款','','','','2021-09-10 16:49:07','2021-04-03 09:29:27'),(91,1,0,50,1,94,0,1,'/dev/order/fail','付款失败','','','','2021-09-10 16:49:30','2021-04-03 12:25:01'),(92,1,0,50,1,60,0,1,'/dev/bank/fetch','银行列表','','','','2021-10-18 10:01:20','2021-04-04 15:11:06'),(93,1,0,50,1,27,1,1,'/member/admin','管理员账号','gerentouxiang','管理员账号维护','','2021-04-06 10:33:48','2021-04-06 10:31:39'),(94,1,0,50,1,53,0,1,'/dev/order/fresh','私有权限','youjian','','','2022-01-20 09:36:26','2021-04-07 11:17:24'),(95,1,0,50,1,29,0,1,'/dev/agent/limit','费率限制','','','','2021-04-09 12:54:14','2021-04-09 12:54:14'),(96,1,0,50,1,29,0,1,'/dev/agent/post','费率设置','','','','2021-04-09 14:30:11','2021-04-09 14:30:11'),(97,1,0,50,1,87,0,1,'/dev/order/pay','代收下单','','','','2022-01-20 09:35:52','2021-04-10 09:18:40'),(98,1,0,50,1,28,0,1,'/dev/user/post','商户创建','','','','2021-04-10 14:58:18','2021-04-10 14:58:18'),(99,1,0,50,1,28,0,1,'/dev/user/fetch','商户读取','','','','2021-04-10 14:58:50','2021-04-10 14:58:50'),(100,1,0,50,1,28,0,1,'/dev/channel/fetch','通道读取','','','','2021-04-10 15:01:02','2021-04-10 15:01:02'),(101,1,0,50,1,28,0,1,'/dev/user/member','会员维护','','','','2021-04-10 16:50:53','2021-04-10 16:50:53'),(102,1,0,50,1,28,0,1,'/dev/agent/fetch','代理费率读取','','','','2021-04-10 17:09:03','2021-04-10 17:09:03'),(103,1,0,50,1,28,0,1,'/dev/chain/post','费率设置','','','','2021-04-10 17:59:43','2021-04-10 17:59:43'),(104,1,0,50,1,12,0,1,'/dev/order/read','消息读取','','','','2021-04-12 17:05:38','2021-04-12 17:05:38'),(107,1,0,50,1,106,0,1,'/dev/alipay/post','数据维护','','','','2021-04-15 19:51:39','2021-04-15 19:09:19'),(108,1,0,50,1,106,0,1,'/dev/alipay/fetch','数据读取','','','','2021-04-15 19:51:46','2021-04-15 19:09:39'),(109,1,0,50,1,106,0,1,'/dev/alipay/delete','数据删除','','','','2021-04-15 19:51:51','2021-04-15 19:09:56'),(110,1,0,50,1,106,0,1,'/dev/alipay/status','状态修改','','','','2021-04-15 19:51:56','2021-04-15 19:10:08'),(111,1,0,50,1,105,0,1,'/dev/order/alipay','手动下单','','','','2021-04-15 21:17:22','2021-04-15 21:17:22'),(112,1,0,50,1,12,0,1,'/dev/order/out','数据导出','','','','2021-04-17 12:19:23','2021-04-17 12:19:23'),(113,1,0,50,1,12,0,1,'/dev/balance/out','流水导出','','','','2021-04-17 15:30:29','2021-04-17 15:30:29'),(114,1,0,50,1,66,0,1,'/dev/version/post','数据维护','','','','2021-04-25 10:59:47','2021-04-25 10:59:47'),(115,1,0,50,1,66,0,1,'/dev/version/fetch','数据读取','','','','2021-04-25 11:00:09','2021-04-25 11:00:09'),(116,1,0,50,1,67,0,1,'/dev/system/delete','清空日志','','','','2021-08-04 11:13:11','2021-08-04 11:13:11'),(117,1,0,50,1,67,0,1,'/dev/system/fetch','日志读取','','','','2021-08-04 11:14:03','2021-08-04 11:14:03'),(118,1,0,50,1,69,1,1,'/finance/stat','数据统计','chizi','卡商收入、成功率统计','','2021-08-26 10:51:15','2021-08-26 10:51:15'),(119,1,0,50,1,118,0,1,'/dev/analysis/stat','查询','','','','2021-08-26 10:51:36','2021-08-26 10:51:36'),(120,1,0,50,1,69,1,1,'/finance/card','卡片统计','jinbi','卡片收支统计','','2021-08-26 10:52:13','2021-08-26 10:52:13'),(121,1,0,50,1,120,0,1,'/dev/card/stat','卡片数据统计','','','','2021-08-26 10:52:33','2021-08-26 10:52:33'),(123,1,0,50,1,122,0,1,'/dev/alipay/fetch','数据读取','','','','2021-09-09 09:24:07','2021-09-09 09:24:07'),(124,1,0,50,1,122,0,1,'/dev/alipay/post','数据维护','','','','2021-09-09 09:24:45','2021-09-09 09:24:45'),(125,1,0,50,1,122,0,1,'/dev/alipay/delete','数据删除','','','','2021-09-09 09:24:59','2021-09-09 09:24:59'),(126,1,0,50,1,122,0,1,'/dev/alipay/status','状态修改','','','','2021-09-09 09:25:15','2021-09-09 09:25:15'),(129,1,0,50,1,27,1,1,'/member/agent','代理账号','jingliren','代理账号列表','','2021-10-06 19:36:18','2021-10-06 19:35:45'),(130,1,0,50,1,94,0,1,'/dev/order/mod','修改金额','','','','2021-10-08 14:44:39','2021-10-08 14:44:39'),(131,1,0,50,1,12,0,1,'/dev/user/child','下级读取','','','','2021-10-18 20:28:51','2021-10-18 20:28:51'),(132,1,0,50,1,12,0,1,'/dev/user/balance','实时余额','','','','2021-10-20 22:59:32','2021-10-20 22:59:32'),(133,1,0,50,1,12,0,1,'/dev/card/query','卡片查询','','','','2021-10-21 16:12:35','2021-10-21 16:12:35'),(134,1,0,50,1,12,0,1,'/dev/chain/fetch','费率查询','','','','2021-10-22 11:23:14','2021-10-22 11:23:14'),(135,1,0,50,1,134,0,1,'/dev/chain/post','添加费率','','','','2021-10-22 19:47:43','2021-10-22 19:47:43'),(136,1,0,50,1,12,0,1,'/dev/order/cert','凭证上传','','','','2021-10-23 16:52:33','2021-10-23 16:52:33'),(137,1,0,50,1,12,0,1,'/dev/user/money','保证金转入转出','','','','2021-10-26 20:37:30','2021-10-26 20:37:30'),(138,1,0,50,1,94,0,1,'/dev/order/dist','手动分配卡商','','','','2021-10-29 22:14:58','2021-10-29 22:14:58'),(139,1,0,50,1,12,0,1,'/dev/channel/fetch','通道读取','','','','2021-11-21 15:29:00','2021-11-21 15:29:00'),(140,1,0,50,1,12,0,1,'/dev/user/fee','收益转出','','','','2022-01-23 23:41:51','2022-01-23 23:41:51'),(141,1,0,50,1,27,1,1,'/member/level','下级管理','biaoqing_xiao','下级用户','','2022-02-17 15:37:38','2022-02-17 15:28:13'),(142,1,0,3,1,27,1,1,'/member/client','卡商账号','guanliyuanrenzheng','卡商账号管理','','2022-02-17 15:33:21','2022-02-17 15:29:30'),(144,1,0,50,1,143,0,1,'/dev/card/post','数据维护','','','','2022-03-08 12:13:31','2022-03-08 12:13:31'),(145,1,0,50,1,143,0,1,'/dev/card/fetch','数据读取','','','','2022-03-08 12:13:54','2022-03-08 12:13:54'),(146,1,0,50,1,143,0,1,'/dev/card/delete','数据删除','','','','2022-03-08 12:14:17','2022-03-08 12:14:17'),(147,1,0,50,1,143,0,1,'/dev/card/status','状态修改','','','','2022-03-08 12:14:39','2022-03-08 12:14:39'),(148,1,0,50,1,143,0,1,'/dev/bank/fetch','银行读取','','','','2022-03-08 12:15:03','2022-03-08 12:15:03'),(149,1,0,50,1,12,0,1,'/dev/order/fork','卡商抢单','','','','2022-10-01 13:51:59','2022-10-01 13:51:59');
/*!40000 ALTER TABLE `admin_menu` ENABLE KEYS */;
UNLOCK TABLES;

--
-- Table structure for table `admin_role`
--

DROP TABLE IF EXISTS `admin_role`;
/*!40101 SET @saved_cs_client     = @@character_set_client */;
/*!50503 SET character_set_client = utf8mb4 */;
CREATE TABLE `admin_role` (
  `id` bigint NOT NULL AUTO_INCREMENT COMMENT 'id',
  `name` varchar(64) DEFAULT NULL COMMENT '名称',
  `icon` varchar(255) DEFAULT NULL COMMENT '图标',
  `desc` varchar(255) DEFAULT NULL COMMENT '描述',
  `status` bigint DEFAULT NULL COMMENT '状态',
  `updated_at` datetime DEFAULT NULL COMMENT '更新时间',
  `created_at` datetime DEFAULT NULL COMMENT '创建时间',
  PRIMARY KEY (`id`)
) ENGINE=InnoDB AUTO_INCREMENT=5 DEFAULT CHARSET=utf8mb4 COLLATE=utf8mb4_0900_ai_ci;
/*!40101 SET character_set_client = @saved_cs_client */;

--
-- Dumping data for table `admin_role`
--

LOCK TABLES `admin_role` WRITE;
/*!40000 ALTER TABLE `admin_role` DISABLE KEYS */;
INSERT INTO `admin_role` VALUES (1,'管理员',NULL,'拥有系统最高权限',1,'2021-03-25 08:54:41','2021-03-25 08:54:41'),(2,'代理',NULL,'可创建商户、卡商获取佣金',1,'2021-03-25 08:55:26','2021-03-25 08:55:26'),(3,'商户',NULL,'拥用手动、API下单权限',1,'2021-03-25 08:56:00','2021-03-25 08:56:00'),(4,'卡商',NULL,'收付卡号供应商',1,'2021-03-25 08:57:06','2021-03-25 08:56:41');
/*!40000 ALTER TABLE `admin_role` ENABLE KEYS */;
UNLOCK TABLES;

--
-- Table structure for table `admin_role_menu`
--

DROP TABLE IF EXISTS `admin_role_menu`;
/*!40101 SET @saved_cs_client     = @@character_set_client */;
/*!50503 SET character_set_client = utf8mb4 */;
CREATE TABLE `admin_role_menu` (
  `id` bigint NOT NULL AUTO_INCREMENT COMMENT '编号',
  `menu_id` bigint DEFAULT NULL COMMENT '菜单编号-&gt;std_menu.id',
  `role_id` bigint DEFAULT NULL COMMENT '角色编号-&gt;std_role.id',
  `updated_at` datetime DEFAULT NULL COMMENT '更新时间',
  `created_at` datetime DEFAULT NULL COMMENT '创建时间',
  PRIMARY KEY (`id`)
) ENGINE=InnoDB AUTO_INCREMENT=8277 DEFAULT CHARSET=utf8mb4 COLLATE=utf8mb4_0900_ai_ci;
/*!40101 SET character_set_client = @saved_cs_client */;

--
-- Dumping data for table `admin_role_menu`
--

LOCK TABLES `admin_role_menu` WRITE;
/*!40000 ALTER TABLE `admin_role_menu` DISABLE KEYS */;
INSERT INTO `admin_role_menu` VALUES (7360,1,3,'2022-02-15 13:26:32','2022-02-15 13:26:32'),(7361,12,3,'2022-02-15 13:26:32','2022-02-15 13:26:32'),(7362,13,3,'2022-02-15 13:26:32','2022-02-15 13:26:32'),(7363,24,3,'2022-02-15 13:26:32','2022-02-15 13:26:32'),(7364,26,3,'2022-02-15 13:26:32','2022-02-15 13:26:32'),(7365,83,3,'2022-02-15 13:26:32','2022-02-15 13:26:32'),(7366,84,3,'2022-02-15 13:26:32','2022-02-15 13:26:32'),(7367,85,3,'2022-02-15 13:26:32','2022-02-15 13:26:32'),(7368,104,3,'2022-02-15 13:26:32','2022-02-15 13:26:32'),(7369,112,3,'2022-02-15 13:26:32','2022-02-15 13:26:32'),(7370,113,3,'2022-02-15 13:26:32','2022-02-15 13:26:32'),(7371,131,3,'2022-02-15 13:26:32','2022-02-15 13:26:32'),(7372,132,3,'2022-02-15 13:26:32','2022-02-15 13:26:32'),(7373,133,3,'2022-02-15 13:26:32','2022-02-15 13:26:32'),(7374,134,3,'2022-02-15 13:26:32','2022-02-15 13:26:32'),(7375,135,3,'2022-02-15 13:26:32','2022-02-15 13:26:32'),(7376,136,3,'2022-02-15 13:26:32','2022-02-15 13:26:32'),(7377,137,3,'2022-02-15 13:26:32','2022-02-15 13:26:32'),(7378,139,3,'2022-02-15 13:26:32','2022-02-15 13:26:32'),(7379,140,3,'2022-02-15 13:26:32','2022-02-15 13:26:32'),(7380,51,3,'2022-02-15 13:26:32','2022-02-15 13:26:32'),(7381,54,3,'2022-02-15 13:26:32','2022-02-15 13:26:32'),(7382,55,3,'2022-02-15 13:26:32','2022-02-15 13:26:32'),(7383,87,3,'2022-02-15 13:26:32','2022-02-15 13:26:32'),(7384,88,3,'2022-02-15 13:26:32','2022-02-15 13:26:32'),(7385,89,3,'2022-02-15 13:26:32','2022-02-15 13:26:32'),(7386,97,3,'2022-02-15 13:26:32','2022-02-15 13:26:32'),(7387,68,3,'2022-02-15 13:26:32','2022-02-15 13:26:32'),(7388,72,3,'2022-02-15 13:26:32','2022-02-15 13:26:32'),(7389,82,3,'2022-02-15 13:26:32','2022-02-15 13:26:32'),(7390,4,3,'2022-02-15 13:26:32','2022-02-15 13:26:32'),(7391,53,3,'2022-02-15 13:26:32','2022-02-15 13:26:32'),(7392,5,3,'2022-02-15 13:26:32','2022-02-15 13:26:32'),(7393,69,3,'2022-02-15 13:26:32','2022-02-15 13:26:32'),(7845,1,1,'2022-03-08 12:15:16','2022-03-08 12:15:16'),(7846,12,1,'2022-03-08 12:15:16','2022-03-08 12:15:16'),(7847,13,1,'2022-03-08 12:15:16','2022-03-08 12:15:16'),(7848,24,1,'2022-03-08 12:15:16','2022-03-08 12:15:16'),(7849,26,1,'2022-03-08 12:15:16','2022-03-08 12:15:16'),(7850,83,1,'2022-03-08 12:15:16','2022-03-08 12:15:16'),(7851,84,1,'2022-03-08 12:15:16','2022-03-08 12:15:16'),(7852,85,1,'2022-03-08 12:15:16','2022-03-08 12:15:16'),(7853,104,1,'2022-03-08 12:15:16','2022-03-08 12:15:16'),(7854,112,1,'2022-03-08 12:15:16','2022-03-08 12:15:16'),(7855,113,1,'2022-03-08 12:15:16','2022-03-08 12:15:16'),(7856,131,1,'2022-03-08 12:15:16','2022-03-08 12:15:16'),(7857,132,1,'2022-03-08 12:15:16','2022-03-08 12:15:16'),(7858,133,1,'2022-03-08 12:15:16','2022-03-08 12:15:16'),(7859,134,1,'2022-03-08 12:15:16','2022-03-08 12:15:16'),(7860,135,1,'2022-03-08 12:15:16','2022-03-08 12:15:16'),(7861,136,1,'2022-03-08 12:15:16','2022-03-08 12:15:16'),(7862,137,1,'2022-03-08 12:15:16','2022-03-08 12:15:16'),(7863,139,1,'2022-03-08 12:15:16','2022-03-08 12:15:16'),(7864,140,1,'2022-03-08 12:15:16','2022-03-08 12:15:16'),(7865,2,1,'2022-03-08 12:15:16','2022-03-08 12:15:16'),(7866,8,1,'2022-03-08 12:15:16','2022-03-08 12:15:16'),(7867,27,1,'2022-03-08 12:15:16','2022-03-08 12:15:16'),(7868,28,1,'2022-03-08 12:15:16','2022-03-08 12:15:16'),(7869,98,1,'2022-03-08 12:15:16','2022-03-08 12:15:16'),(7870,99,1,'2022-03-08 12:15:16','2022-03-08 12:15:16'),(7871,100,1,'2022-03-08 12:15:16','2022-03-08 12:15:16'),(7872,101,1,'2022-03-08 12:15:16','2022-03-08 12:15:16'),(7873,102,1,'2022-03-08 12:15:16','2022-03-08 12:15:16'),(7874,103,1,'2022-03-08 12:15:16','2022-03-08 12:15:16'),(7875,142,1,'2022-03-08 12:15:16','2022-03-08 12:15:16'),(7876,93,1,'2022-03-08 12:15:16','2022-03-08 12:15:16'),(7877,129,1,'2022-03-08 12:15:16','2022-03-08 12:15:16'),(7878,141,1,'2022-03-08 12:15:16','2022-03-08 12:15:16'),(7879,29,1,'2022-03-08 12:15:16','2022-03-08 12:15:16'),(7880,31,1,'2022-03-08 12:15:16','2022-03-08 12:15:16'),(7881,32,1,'2022-03-08 12:15:16','2022-03-08 12:15:16'),(7882,33,1,'2022-03-08 12:15:16','2022-03-08 12:15:16'),(7883,34,1,'2022-03-08 12:15:16','2022-03-08 12:15:16'),(7884,35,1,'2022-03-08 12:15:16','2022-03-08 12:15:16'),(7885,73,1,'2022-03-08 12:15:16','2022-03-08 12:15:16'),(7886,95,1,'2022-03-08 12:15:16','2022-03-08 12:15:16'),(7887,96,1,'2022-03-08 12:15:16','2022-03-08 12:15:16'),(7888,4,1,'2022-03-08 12:15:16','2022-03-08 12:15:16'),(7889,51,1,'2022-03-08 12:15:16','2022-03-08 12:15:16'),(7890,53,1,'2022-03-08 12:15:16','2022-03-08 12:15:16'),(7891,54,1,'2022-03-08 12:15:16','2022-03-08 12:15:16'),(7892,55,1,'2022-03-08 12:15:16','2022-03-08 12:15:16'),(7893,87,1,'2022-03-08 12:15:16','2022-03-08 12:15:16'),(7894,88,1,'2022-03-08 12:15:16','2022-03-08 12:15:16'),(7895,89,1,'2022-03-08 12:15:16','2022-03-08 12:15:16'),(7896,97,1,'2022-03-08 12:15:16','2022-03-08 12:15:16'),(7897,94,1,'2022-03-08 12:15:16','2022-03-08 12:15:16'),(7898,90,1,'2022-03-08 12:15:16','2022-03-08 12:15:16'),(7899,91,1,'2022-03-08 12:15:16','2022-03-08 12:15:16'),(7900,130,1,'2022-03-08 12:15:16','2022-03-08 12:15:16'),(7901,138,1,'2022-03-08 12:15:16','2022-03-08 12:15:16'),(7902,5,1,'2022-03-08 12:15:16','2022-03-08 12:15:16'),(7903,68,1,'2022-03-08 12:15:16','2022-03-08 12:15:16'),(7904,69,1,'2022-03-08 12:15:16','2022-03-08 12:15:16'),(7905,72,1,'2022-03-08 12:15:16','2022-03-08 12:15:16'),(7906,82,1,'2022-03-08 12:15:16','2022-03-08 12:15:16'),(7907,118,1,'2022-03-08 12:15:16','2022-03-08 12:15:16'),(7908,119,1,'2022-03-08 12:15:16','2022-03-08 12:15:16'),(7909,120,1,'2022-03-08 12:15:16','2022-03-08 12:15:16'),(7910,121,1,'2022-03-08 12:15:16','2022-03-08 12:15:16'),(7911,6,1,'2022-03-08 12:15:16','2022-03-08 12:15:16'),(7912,36,1,'2022-03-08 12:15:16','2022-03-08 12:15:16'),(7913,37,1,'2022-03-08 12:15:16','2022-03-08 12:15:16'),(7914,60,1,'2022-03-08 12:15:16','2022-03-08 12:15:16'),(7915,56,1,'2022-03-08 12:15:16','2022-03-08 12:15:16'),(7916,57,1,'2022-03-08 12:15:16','2022-03-08 12:15:16'),(7917,58,1,'2022-03-08 12:15:16','2022-03-08 12:15:16'),(7918,59,1,'2022-03-08 12:15:16','2022-03-08 12:15:16'),(7919,86,1,'2022-03-08 12:15:16','2022-03-08 12:15:16'),(7920,92,1,'2022-03-08 12:15:16','2022-03-08 12:15:16'),(7921,41,1,'2022-03-08 12:15:16','2022-03-08 12:15:16'),(7922,47,1,'2022-03-08 12:15:16','2022-03-08 12:15:16'),(7923,48,1,'2022-03-08 12:15:16','2022-03-08 12:15:16'),(7924,49,1,'2022-03-08 12:15:16','2022-03-08 12:15:16'),(7925,50,1,'2022-03-08 12:15:16','2022-03-08 12:15:16'),(7926,39,1,'2022-03-08 12:15:16','2022-03-08 12:15:16'),(7927,43,1,'2022-03-08 12:15:16','2022-03-08 12:15:16'),(7928,44,1,'2022-03-08 12:15:16','2022-03-08 12:15:16'),(7929,45,1,'2022-03-08 12:15:16','2022-03-08 12:15:16'),(7930,46,1,'2022-03-08 12:15:16','2022-03-08 12:15:16'),(7931,143,1,'2022-03-08 12:15:16','2022-03-08 12:15:16'),(7932,144,1,'2022-03-08 12:15:16','2022-03-08 12:15:16'),(7933,145,1,'2022-03-08 12:15:16','2022-03-08 12:15:16'),(7934,146,1,'2022-03-08 12:15:16','2022-03-08 12:15:16'),(7935,147,1,'2022-03-08 12:15:16','2022-03-08 12:15:16'),(7936,148,1,'2022-03-08 12:15:16','2022-03-08 12:15:16'),(7937,7,1,'2022-03-08 12:15:16','2022-03-08 12:15:16'),(7938,10,1,'2022-03-08 12:15:16','2022-03-08 12:15:16'),(7939,11,1,'2022-03-08 12:15:16','2022-03-08 12:15:16'),(7940,14,1,'2022-03-08 12:15:16','2022-03-08 12:15:16'),(7941,21,1,'2022-03-08 12:15:16','2022-03-08 12:15:16'),(7942,22,1,'2022-03-08 12:15:16','2022-03-08 12:15:16'),(7943,23,1,'2022-03-08 12:15:16','2022-03-08 12:15:16'),(7944,15,1,'2022-03-08 12:15:16','2022-03-08 12:15:16'),(7945,17,1,'2022-03-08 12:15:16','2022-03-08 12:15:16'),(7946,18,1,'2022-03-08 12:15:16','2022-03-08 12:15:16'),(7947,19,1,'2022-03-08 12:15:16','2022-03-08 12:15:16'),(7948,20,1,'2022-03-08 12:15:16','2022-03-08 12:15:16'),(7949,25,1,'2022-03-08 12:15:16','2022-03-08 12:15:16'),(7950,16,1,'2022-03-08 12:15:16','2022-03-08 12:15:16'),(7951,65,1,'2022-03-08 12:15:16','2022-03-08 12:15:16'),(7952,66,1,'2022-03-08 12:15:16','2022-03-08 12:15:16'),(7953,114,1,'2022-03-08 12:15:16','2022-03-08 12:15:16'),(7954,115,1,'2022-03-08 12:15:16','2022-03-08 12:15:16'),(7955,67,1,'2022-03-08 12:15:16','2022-03-08 12:15:16'),(7956,116,1,'2022-03-08 12:15:16','2022-03-08 12:15:16'),(7957,117,1,'2022-03-08 12:15:16','2022-03-08 12:15:16'),(8136,1,4,'2022-10-01 13:55:10','2022-10-01 13:55:10'),(8137,12,4,'2022-10-01 13:55:10','2022-10-01 13:55:10'),(8138,13,4,'2022-10-01 13:55:10','2022-10-01 13:55:10'),(8139,24,4,'2022-10-01 13:55:10','2022-10-01 13:55:10'),(8140,26,4,'2022-10-01 13:55:10','2022-10-01 13:55:10'),(8141,83,4,'2022-10-01 13:55:10','2022-10-01 13:55:10'),(8142,84,4,'2022-10-01 13:55:10','2022-10-01 13:55:10'),(8143,85,4,'2022-10-01 13:55:10','2022-10-01 13:55:10'),(8144,104,4,'2022-10-01 13:55:10','2022-10-01 13:55:10'),(8145,112,4,'2022-10-01 13:55:10','2022-10-01 13:55:10'),(8146,113,4,'2022-10-01 13:55:10','2022-10-01 13:55:10'),(8147,131,4,'2022-10-01 13:55:10','2022-10-01 13:55:10'),(8148,132,4,'2022-10-01 13:55:10','2022-10-01 13:55:10'),(8149,133,4,'2022-10-01 13:55:10','2022-10-01 13:55:10'),(8150,134,4,'2022-10-01 13:55:10','2022-10-01 13:55:10'),(8151,135,4,'2022-10-01 13:55:10','2022-10-01 13:55:10'),(8152,136,4,'2022-10-01 13:55:10','2022-10-01 13:55:10'),(8153,137,4,'2022-10-01 13:55:10','2022-10-01 13:55:10'),(8154,139,4,'2022-10-01 13:55:10','2022-10-01 13:55:10'),(8155,140,4,'2022-10-01 13:55:10','2022-10-01 13:55:10'),(8156,149,4,'2022-10-01 13:55:10','2022-10-01 13:55:10'),(8157,4,4,'2022-10-01 13:55:10','2022-10-01 13:55:10'),(8158,51,4,'2022-10-01 13:55:10','2022-10-01 13:55:10'),(8159,53,4,'2022-10-01 13:55:10','2022-10-01 13:55:10'),(8160,54,4,'2022-10-01 13:55:10','2022-10-01 13:55:10'),(8161,55,4,'2022-10-01 13:55:10','2022-10-01 13:55:10'),(8162,87,4,'2022-10-01 13:55:10','2022-10-01 13:55:10'),(8163,88,4,'2022-10-01 13:55:10','2022-10-01 13:55:10'),(8164,89,4,'2022-10-01 13:55:10','2022-10-01 13:55:10'),(8165,97,4,'2022-10-01 13:55:10','2022-10-01 13:55:10'),(8166,94,4,'2022-10-01 13:55:10','2022-10-01 13:55:10'),(8167,90,4,'2022-10-01 13:55:10','2022-10-01 13:55:10'),(8168,91,4,'2022-10-01 13:55:10','2022-10-01 13:55:10'),(8169,130,4,'2022-10-01 13:55:10','2022-10-01 13:55:10'),(8170,138,4,'2022-10-01 13:55:10','2022-10-01 13:55:10'),(8171,72,4,'2022-10-01 13:55:10','2022-10-01 13:55:10'),(8172,82,4,'2022-10-01 13:55:10','2022-10-01 13:55:10'),(8173,60,4,'2022-10-01 13:55:10','2022-10-01 13:55:10'),(8174,56,4,'2022-10-01 13:55:10','2022-10-01 13:55:10'),(8175,57,4,'2022-10-01 13:55:10','2022-10-01 13:55:10'),(8176,58,4,'2022-10-01 13:55:10','2022-10-01 13:55:10'),(8177,59,4,'2022-10-01 13:55:10','2022-10-01 13:55:10'),(8178,86,4,'2022-10-01 13:55:10','2022-10-01 13:55:10'),(8179,92,4,'2022-10-01 13:55:10','2022-10-01 13:55:10'),(8180,5,4,'2022-10-01 13:55:10','2022-10-01 13:55:10'),(8181,69,4,'2022-10-01 13:55:10','2022-10-01 13:55:10'),(8182,6,4,'2022-10-01 13:55:10','2022-10-01 13:55:10'),(8183,37,4,'2022-10-01 13:55:10','2022-10-01 13:55:10'),(8241,1,2,'2022-10-02 20:48:58','2022-10-02 20:48:58'),(8242,12,2,'2022-10-02 20:48:58','2022-10-02 20:48:58'),(8243,13,2,'2022-10-02 20:48:58','2022-10-02 20:48:58'),(8244,24,2,'2022-10-02 20:48:58','2022-10-02 20:48:58'),(8245,26,2,'2022-10-02 20:48:58','2022-10-02 20:48:58'),(8246,83,2,'2022-10-02 20:48:58','2022-10-02 20:48:58'),(8247,84,2,'2022-10-02 20:48:58','2022-10-02 20:48:58'),(8248,85,2,'2022-10-02 20:48:58','2022-10-02 20:48:58'),(8249,104,2,'2022-10-02 20:48:58','2022-10-02 20:48:58'),(8250,112,2,'2022-10-02 20:48:58','2022-10-02 20:48:58'),(8251,113,2,'2022-10-02 20:48:58','2022-10-02 20:48:58'),(8252,131,2,'2022-10-02 20:48:58','2022-10-02 20:48:58'),(8253,132,2,'2022-10-02 20:48:58','2022-10-02 20:48:58'),(8254,133,2,'2022-10-02 20:48:58','2022-10-02 20:48:58'),(8255,134,2,'2022-10-02 20:48:58','2022-10-02 20:48:58'),(8256,135,2,'2022-10-02 20:48:58','2022-10-02 20:48:58'),(8257,136,2,'2022-10-02 20:48:58','2022-10-02 20:48:58'),(8258,137,2,'2022-10-02 20:48:58','2022-10-02 20:48:58'),(8259,139,2,'2022-10-02 20:48:58','2022-10-02 20:48:58'),(8260,140,2,'2022-10-02 20:48:58','2022-10-02 20:48:58'),(8261,149,2,'2022-10-02 20:48:58','2022-10-02 20:48:58'),(8262,99,2,'2022-10-02 20:48:58','2022-10-02 20:48:58'),(8263,54,2,'2022-10-02 20:48:58','2022-10-02 20:48:58'),(8264,87,2,'2022-10-02 20:48:58','2022-10-02 20:48:58'),(8265,88,2,'2022-10-02 20:48:58','2022-10-02 20:48:58'),(8266,89,2,'2022-10-02 20:48:58','2022-10-02 20:48:58'),(8267,97,2,'2022-10-02 20:48:58','2022-10-02 20:48:58'),(8268,72,2,'2022-10-02 20:48:58','2022-10-02 20:48:58'),(8269,82,2,'2022-10-02 20:48:58','2022-10-02 20:48:58'),(8270,2,2,'2022-10-02 20:48:58','2022-10-02 20:48:58'),(8271,27,2,'2022-10-02 20:48:58','2022-10-02 20:48:58'),(8272,28,2,'2022-10-02 20:48:58','2022-10-02 20:48:58'),(8273,4,2,'2022-10-02 20:48:58','2022-10-02 20:48:58'),(8274,53,2,'2022-10-02 20:48:58','2022-10-02 20:48:58'),(8275,5,2,'2022-10-02 20:48:58','2022-10-02 20:48:58'),(8276,69,2,'2022-10-02 20:48:58','2022-10-02 20:48:58');
/*!40000 ALTER TABLE `admin_role_menu` ENABLE KEYS */;
UNLOCK TABLES;

--
-- Table structure for table `std_agent`
--

DROP TABLE IF EXISTS `std_agent`;
/*!40101 SET @saved_cs_client     = @@character_set_client */;
/*!50503 SET character_set_client = utf8mb4 */;
CREATE TABLE `std_agent` (
  `id` bigint NOT NULL AUTO_INCREMENT COMMENT '编号',
  `channel_id` bigint DEFAULT '0' COMMENT '通道编号-&gt;std_channel.id',
  `owner_id` bigint DEFAULT '0' COMMENT '归属id',
  `parent_id` bigint DEFAULT '0' COMMENT '上级id',
  `status` bigint DEFAULT '0' COMMENT '状态',
  `user_id` bigint DEFAULT '0' COMMENT '用户编号-&gt;std_user.id',
  `rate` decimal(10,4) DEFAULT '0.0000' COMMENT '费率',
  `fee` decimal(10,0) DEFAULT '0' COMMENT '单笔费用',
  `updated_at` datetime DEFAULT NULL COMMENT '更新时间',
  `created_at` datetime DEFAULT NULL COMMENT '建创时间',
  PRIMARY KEY (`id`)
) ENGINE=InnoDB AUTO_INCREMENT=21 DEFAULT CHARSET=utf8mb4 COLLATE=utf8mb4_0900_ai_ci;
/*!40101 SET character_set_client = @saved_cs_client */;

--
-- Dumping data for table `std_agent`
--

LOCK TABLES `std_agent` WRITE;
/*!40000 ALTER TABLE `std_agent` DISABLE KEYS */;
/*!40000 ALTER TABLE `std_agent` ENABLE KEYS */;
UNLOCK TABLES;

--
-- Table structure for table `std_alipay`
--

DROP TABLE IF EXISTS `std_alipay`;
/*!40101 SET @saved_cs_client     = @@character_set_client */;
/*!50503 SET character_set_client = utf8mb4 */;
CREATE TABLE `std_alipay` (
  `id` bigint NOT NULL AUTO_INCREMENT COMMENT '编号',
  `user_id` bigint DEFAULT '0' COMMENT '用户编号-&gt;std_user.id',
  `status` bigint DEFAULT '0' COMMENT '状态',
  `name` varchar(255) DEFAULT NULL COMMENT '姓名',
  `account` varchar(128) DEFAULT NULL COMMENT '账号',
  `desc` varchar(255) DEFAULT NULL COMMENT '描述',
  `round_id` bigint DEFAULT NULL COMMENT '轮训编号',
  `url` varchar(255) DEFAULT NULL COMMENT '二维码URL',
  `type` bigint DEFAULT '0' COMMENT '类型',
  `updated_at` datetime DEFAULT NULL COMMENT '更新时间',
  `created_at` datetime DEFAULT NULL COMMENT '创建时间',
  `loop` bigint DEFAULT '0' COMMENT '无限',
  `code` varchar(255) DEFAULT NULL COMMENT '编号',
  `max` decimal(10,2) DEFAULT '0.00' COMMENT '最大值',
  `min` decimal(10,2) DEFAULT '0.00' COMMENT '最小值',
  PRIMARY KEY (`id`)
) ENGINE=InnoDB AUTO_INCREMENT=3 DEFAULT CHARSET=utf8mb4 COLLATE=utf8mb4_0900_ai_ci;
/*!40101 SET character_set_client = @saved_cs_client */;

--
-- Dumping data for table `std_alipay`
--

LOCK TABLES `std_alipay` WRITE;
/*!40000 ALTER TABLE `std_alipay` DISABLE KEYS */;
/*!40000 ALTER TABLE `std_alipay` ENABLE KEYS */;
UNLOCK TABLES;

--
-- Table structure for table `std_balance`
--

DROP TABLE IF EXISTS `std_balance`;
/*!40101 SET @saved_cs_client     = @@character_set_client */;
/*!50503 SET character_set_client = utf8mb4 */;
CREATE TABLE `std_balance` (
  `id` bigint NOT NULL AUTO_INCREMENT COMMENT '编号',
  `user_id` bigint DEFAULT '0' COMMENT '用户编号-&gt;std_user.id',
  `status` bigint DEFAULT '0' COMMENT '状态',
  `refer_id` bigint DEFAULT '0' COMMENT '引用id',
  `type` bigint DEFAULT '0' COMMENT '类型',
  `before` decimal(18,6) DEFAULT '0.000000' COMMENT '变化前',
  `amount` decimal(18,6) DEFAULT '0.000000' COMMENT '金额',
  `after` decimal(18,6) DEFAULT '0.000000' COMMENT '变化后',
  `updated_at` datetime DEFAULT NULL COMMENT '更新时间',
  `created_at` datetime DEFAULT NULL COMMENT '建创时间',
  `desc` varchar(1024) DEFAULT NULL,
  PRIMARY KEY (`id`)
) ENGINE=InnoDB AUTO_INCREMENT=9635 DEFAULT CHARSET=utf8mb4 COLLATE=utf8mb4_0900_ai_ci;
/*!40101 SET character_set_client = @saved_cs_client */;

--
-- Dumping data for table `std_balance`
--

LOCK TABLES `std_balance` WRITE;
/*!40000 ALTER TABLE `std_balance` DISABLE KEYS */;
INSERT INTO `std_balance` VALUES (1111,25,1,776,8,0.000000,5.000000,5.000000,'2022-10-01 20:36:09','2022-10-01 20:36:09',NULL),(1113,20,1,776,5,0.000000,470.000000,470.000000,'2022-10-01 20:36:09','2022-10-01 20:36:09',NULL),(1115,25,1,777,3,5.000000,2.000000,3.000000,'2022-10-01 21:14:25','2022-10-01 21:14:25',NULL),(1116,20,1,778,3,470.000000,100.000000,370.000000,'2022-10-01 23:25:09','2022-10-01 23:25:09',NULL),(1117,20,1,779,5,370.000000,470.000000,840.000000,'2022-10-02 15:15:32','2022-10-02 15:15:32',NULL),(1121,20,1,780,5,840.000000,470.000000,1310.000000,'2022-10-02 15:19:39','2022-10-02 15:19:39',NULL),(1124,20,1,781,5,1310.000000,470.000000,1780.000000,'2022-10-02 15:23:33','2022-10-02 15:23:33',NULL),(1127,20,1,782,5,1780.000000,470.000000,2250.000000,'2022-10-02 15:23:53','2022-10-02 15:23:53',NULL),(1130,20,1,783,5,2250.000000,470.000000,2720.000000,'2022-10-02 15:25:44','2022-10-02 15:25:44',NULL),(1133,20,1,784,5,2720.000000,470.000000,3190.000000,'2022-10-02 15:26:46','2022-10-02 15:26:46',NULL),(1136,20,1,785,5,3190.000000,470.000000,3660.000000,'2022-10-02 15:27:22','2022-10-02 15:27:22',NULL),(1139,20,1,786,5,3660.000000,470.000000,4130.000000,'2022-10-02 15:43:28','2022-10-02 15:43:28',NULL),(1141,20,1,787,3,4130.000000,100.000000,4030.000000,'2022-10-02 15:43:58','2022-10-02 15:43:58',NULL),(1142,20,1,788,3,4030.000000,100.000000,3930.000000,'2022-10-02 15:56:09','2022-10-02 15:56:09',NULL),(1144,20,1,789,5,3930.000000,470.000000,4400.000000,'2022-10-02 15:56:47','2022-10-02 15:56:47',NULL),(1146,20,1,790,3,4400.000000,100.000000,4300.000000,'2022-10-02 16:10:00','2022-10-02 16:10:00',NULL),(1147,20,1,792,3,4300.000000,100.000000,4200.000000,'2022-10-03 18:01:27','2022-10-03 18:01:27',NULL),(1148,20,1,793,3,4200.000000,100.000000,4100.000000,'2022-10-03 18:12:24','2022-10-03 18:12:24',NULL),(1149,20,1,794,3,4100.000000,100.000000,4000.000000,'2022-10-03 18:12:42','2022-10-03 18:12:42',NULL),(1150,20,1,799,3,4000.000000,100.000000,3900.000000,'2022-10-04 10:49:23','2022-10-04 10:49:23',NULL),(1151,20,2,800,3,3900.000000,100.000000,3800.000000,'2022-10-09 15:32:29','2022-10-04 10:53:07','无暂'),(1174,25,1,815,8,3.000000,1.000000,4.000000,'2022-10-05 10:58:40','2022-10-05 10:58:40',NULL),(1176,20,1,815,5,3800.000000,94.000000,3894.000000,'2022-10-05 10:58:40','2022-10-05 10:58:40',NULL),(1218,20,1,800,4,3894.000000,100.000000,3994.000000,'2022-10-09 15:32:29','2022-10-09 15:32:29',NULL),(1235,25,1,832,8,4.000000,1.000000,5.000000,'2022-10-09 16:59:40','2022-10-09 16:59:40',NULL),(1236,20,1,832,5,3994.000000,94.000000,4088.000000,'2022-10-09 16:59:40','2022-10-09 16:59:40',NULL),(1240,25,1,833,8,5.000000,2.000000,7.000000,'2022-10-09 17:03:46','2022-10-09 17:03:46',NULL),(1242,20,1,833,5,4088.000000,188.000000,4276.000000,'2022-10-09 17:03:46','2022-10-09 17:03:46',NULL),(4245,20,2,1548,3,4276.000000,2.000000,4274.000000,'2022-10-11 14:28:45','2022-10-11 13:35:55','无暂'),(4246,20,2,1548,3,4274.000000,1.000000,4273.000000,'2022-10-11 14:28:45','2022-10-11 13:35:55','无暂'),(4307,20,1,1548,4,4273.000000,2.000000,4275.000000,'2022-10-11 14:28:45','2022-10-11 14:28:45',NULL),(4308,20,1,1548,4,4275.000000,1.000000,4276.000000,'2022-10-11 14:28:45','2022-10-11 14:28:45',NULL),(4420,20,1,20,6,4276.000000,724.000000,5000.000000,'2022-10-11 15:28:16','2022-10-11 15:28:16','办理执照'),(4421,20,1,20,6,5000.000000,100.000000,5100.000000,'2022-10-11 15:28:44','2022-10-11 15:28:44','办理执照'),(4428,20,1,1594,3,5100.000000,2.000000,5098.000000,'2022-10-11 15:30:19','2022-10-11 15:30:19',NULL),(4429,20,1,1594,3,5098.000000,5000.000000,98.000000,'2022-10-11 15:30:19','2022-10-11 15:30:19',NULL),(4573,25,1,1626,8,7.000000,1.000000,8.000000,'2022-10-11 17:56:53','2022-10-11 17:56:53',NULL),(4575,20,1,1626,5,98.000000,94.000000,192.000000,'2022-10-11 17:56:53','2022-10-11 17:56:53',NULL),(9628,118,1,118,6,0.000000,1000000.000000,1000000.000000,'2022-10-20 14:29:48','2022-10-20 14:29:48','1'),(9629,120,1,120,6,0.000000,10000.000000,10000.000000,'2022-10-20 14:44:02','2022-10-20 14:44:02','345'),(9630,20,1,2810,3,192.000000,2.000000,190.000000,'2022-10-20 14:44:05','2022-10-20 14:44:05',NULL),(9631,20,1,2810,3,190.000000,100.000000,90.000000,'2022-10-20 14:44:05','2022-10-20 14:44:05',NULL),(9632,20,1,20,6,90.000000,100000.000000,100090.000000,'2022-10-20 14:47:56','2022-10-20 14:47:56','00000'),(9633,20,1,2811,3,100090.000000,2.000000,100088.000000,'2022-10-20 14:47:59','2022-10-20 14:47:59',NULL),(9634,20,1,2811,3,100088.000000,100.000000,99988.000000,'2022-10-20 14:47:59','2022-10-20 14:47:59',NULL);
/*!40000 ALTER TABLE `std_balance` ENABLE KEYS */;
UNLOCK TABLES;

--
-- Table structure for table `std_bank`
--

DROP TABLE IF EXISTS `std_bank`;
/*!40101 SET @saved_cs_client     = @@character_set_client */;
/*!50503 SET character_set_client = utf8mb4 */;
CREATE TABLE `std_bank` (
  `id` bigint NOT NULL AUTO_INCREMENT COMMENT '编号',
  `name` varchar(128) DEFAULT NULL COMMENT '银行名称',
  `code` varchar(128) DEFAULT NULL COMMENT '简码',
  `updated_at` datetime DEFAULT NULL COMMENT '更新时间',
  `created_at` datetime DEFAULT NULL COMMENT '建创时间',
  `version` varchar(128) DEFAULT NULL COMMENT 'App版本号',
  `status` bigint DEFAULT NULL COMMENT '状态',
  PRIMARY KEY (`id`)
) ENGINE=InnoDB AUTO_INCREMENT=67 DEFAULT CHARSET=utf8mb4 COLLATE=utf8mb4_0900_ai_ci;
/*!40101 SET character_set_client = @saved_cs_client */;

--
-- Dumping data for table `std_bank`
--

LOCK TABLES `std_bank` WRITE;
/*!40000 ALTER TABLE `std_bank` DISABLE KEYS */;
INSERT INTO `std_bank` VALUES (1,'中国银行','1','2022-10-03 22:54:58','2021-08-31 21:13:25','0.0.1',1),(2,'农业银行','BOC','2022-10-03 22:55:07','2021-08-31 21:14:00','0.0.1',1),(3,'建设银行','1','2022-10-03 22:55:22','2021-08-31 21:14:25','0.0.1',1),(4,'工商银行','1','2022-10-03 22:55:46','2021-08-31 21:16:40','0.0.1',1),(5,'平安银行','1','2022-10-03 22:55:59','2021-11-01 14:02:35','1',1),(6,'招商银行','1','2022-10-03 22:56:04','2021-11-01 14:02:57','1',1),(7,'中信银行','1','2022-10-03 22:56:15','2022-05-24 20:03:42','',1),(8,'浦发银行','1','2022-10-03 22:56:29','2022-09-02 20:19:03','',1),(9,'交通银行','1','2022-10-03 22:56:43','2022-10-03 22:56:43',NULL,1),(10,'邮储银行','1','2022-10-03 22:57:01','2022-10-03 22:57:01',NULL,1),(11,'兴业银行','1','2022-10-03 22:57:11','2022-10-03 22:57:11',NULL,1),(12,'光大银行','1','2022-10-03 22:57:19','2022-10-03 22:57:19',NULL,1),(13,'华夏银行','1','2022-10-03 22:57:29','2022-10-03 22:57:29',NULL,1),(14,'天津银行','1','2022-10-03 22:57:41','2022-10-03 22:57:41',NULL,1),(15,'民生银行','1','2022-10-03 22:58:19','2022-10-03 22:58:19',NULL,1),(16,'广发银行','1','2022-10-03 22:58:27','2022-10-03 22:58:27',NULL,1),(17,'北京农商','1','2022-10-03 22:58:56','2022-10-03 22:58:36','',1),(18,'广西农信','1','2022-10-03 22:59:42','2022-10-03 22:59:42',NULL,1),(19,'东莞农商','1','2022-10-03 22:59:58','2022-10-03 22:59:58',NULL,1),(20,'桂林银行','1','2022-10-03 23:00:09','2022-10-03 23:00:09',NULL,1),(21,'福建农信','1','2022-10-03 23:00:28','2022-10-03 23:00:28',NULL,1),(22,'广东农信','1','2022-10-03 23:00:40','2022-10-03 23:00:40',NULL,1),(23,'江苏银行','1','2022-10-03 23:00:52','2022-10-03 23:00:52',NULL,1),(24,'哈尔滨银行','1','2022-10-03 23:03:52','2022-10-03 23:03:52',NULL,1),(25,'贵州银行','1','2022-10-03 23:07:46','2022-10-03 23:07:46',NULL,1),(26,'贵阳银行','1','2022-10-03 23:08:06','2022-10-03 23:08:06',NULL,1),(27,'江阴银行','1','2022-10-03 23:08:16','2022-10-03 23:08:16',NULL,1),(28,'南京银行','1','2022-10-03 23:08:26','2022-10-03 23:08:26',NULL,1),(29,'内蒙古农信','1','2022-10-03 23:11:57','2022-10-03 23:11:24','',1),(30,'蒙商银行','1','2022-10-03 23:11:47','2022-10-03 23:11:47',NULL,1),(31,'内蒙古银行','1','2022-10-03 23:12:17','2022-10-03 23:12:17',NULL,1),(32,'网商银行','1','2022-10-03 23:12:29','2022-10-03 23:12:29',NULL,1),(33,'柳州银行','1','2022-10-03 23:13:15','2022-10-03 23:13:15',NULL,1),(34,'河南农信','1','2022-10-10 13:43:51','2022-10-03 23:13:29','',1),(35,'鄂尔多斯银行','1','2022-10-03 23:14:00','2022-10-03 23:14:00',NULL,1),(36,'唐山银行','1','2022-10-03 23:14:09','2022-10-03 23:14:09',NULL,1),(37,'沧州银行','1','2022-10-03 23:14:29','2022-10-03 23:14:29',NULL,1),(38,'张家口银行','1','2022-10-03 23:14:38','2022-10-03 23:14:38',NULL,1),(39,'承德银行','1','2022-10-03 23:14:52','2022-10-03 23:14:52',NULL,1),(40,'浙江农信','1','2022-10-03 23:15:17','2022-10-03 23:15:17',NULL,1),(41,'山东农信','1','2022-10-03 23:15:26','2022-10-03 23:15:26',NULL,1),(42,'乌海银行','1','2022-10-03 23:15:39','2022-10-03 23:15:39',NULL,1),(43,'宁夏银行','1','2022-10-03 23:15:51','2022-10-03 23:15:51',NULL,1),(44,'石嘴山银行','1','2022-10-03 23:16:12','2022-10-03 23:16:12',NULL,1),(45,'恒丰银行','1','2022-10-03 23:16:31','2022-10-03 23:16:31',NULL,1),(46,'广州农商','1','2022-10-03 23:16:44','2022-10-03 23:16:44',NULL,1),(47,'深圳农商','1','2022-10-03 23:17:20','2022-10-03 23:16:56','',1),(48,'武汉农商','1','2022-10-03 23:17:35','2022-10-03 23:17:35',NULL,1),(49,'常熟农商','1','2022-10-03 23:17:48','2022-10-03 23:17:48',NULL,1),(50,'湖北农信','1','2022-10-03 23:18:02','2022-10-03 23:18:02',NULL,1),(51,'吉林银行','1','2022-10-03 23:18:18','2022-10-03 23:18:18',NULL,1),(52,'辽宁农信','1','2022-10-03 23:19:17','2022-10-03 23:18:30','',1),(53,'威海银行','1','2022-10-03 23:19:03','2022-10-03 23:19:03',NULL,1),(54,'威海农商','1','2022-10-03 23:19:29','2022-10-03 23:19:29',NULL,1),(55,'上海银行','1','2022-10-03 23:19:43','2022-10-03 23:19:43',NULL,1),(56,'临商银行','1','2022-10-03 23:20:07','2022-10-03 23:20:07',NULL,1),(57,'莱商银行','1','2022-10-03 23:20:55','2022-10-03 23:20:55',NULL,1),(58,'富滇银行','1','2022-10-03 23:21:37','2022-10-03 23:21:37',NULL,1),(59,'云南农信','1','2022-10-03 23:21:56','2022-10-03 23:21:56',NULL,1),(60,'河北银行','1','2022-10-03 23:22:15','2022-10-03 23:22:15',NULL,1),(61,'邯郸银行','1','2022-10-03 23:25:32','2022-10-03 23:25:32',NULL,1),(62,'东莞银行','1','2022-10-03 23:25:41','2022-10-03 23:25:41',NULL,1),(63,'吉林农村信用社','1','2022-10-03 23:42:25','2022-10-03 23:25:56','',1),(64,'江苏农村信用社','1','2022-10-09 13:56:36','2022-10-03 23:26:37','',1),(65,'青岛银行','1','2022-10-03 23:27:02','2022-10-03 23:27:02',NULL,1),(66,'湖北农村商业银行','1','2022-10-03 23:47:48','2022-10-03 23:47:48',NULL,1);
/*!40000 ALTER TABLE `std_bank` ENABLE KEYS */;
UNLOCK TABLES;

--
-- Table structure for table `std_bank_card`
--

DROP TABLE IF EXISTS `std_bank_card`;
/*!40101 SET @saved_cs_client     = @@character_set_client */;
/*!50503 SET character_set_client = utf8mb4 */;
CREATE TABLE `std_bank_card` (
  `id` bigint NOT NULL AUTO_INCREMENT COMMENT '编号',
  `user_id` bigint DEFAULT '0' COMMENT '用户编号-&gt;std_user.id',
  `status` bigint DEFAULT '0' COMMENT '状态',
  `max` bigint DEFAULT '0' COMMENT '最大金额',
  `min` bigint DEFAULT '0' COMMENT '最小金额',
  `round_id` bigint DEFAULT '0' COMMENT '轮训编号',
  `bank_id` bigint DEFAULT '0' COMMENT '银行编号-&gt;std_bank.id',
  `type` bigint DEFAULT '0' COMMENT '卡片类型',
  `name` varchar(64) DEFAULT NULL COMMENT '卡片姓名',
  `code` varchar(128) DEFAULT NULL COMMENT '银行卡号',
  `login_pwd` varchar(64) DEFAULT NULL COMMENT '登录密码',
  `tran_pwd` varchar(64) DEFAULT NULL COMMENT '支付密码',
  `device_id` varchar(128) DEFAULT NULL,
  `updated_at` datetime DEFAULT NULL COMMENT '更新时间',
  `created_at` datetime DEFAULT NULL COMMENT '建创时间',
  `balance` decimal(10,2) DEFAULT '0.00' COMMENT '卡片实际余额',
  `total` bigint DEFAULT '0' COMMENT '转账次数',
  `refer_id` bigint DEFAULT '0',
  `mobile` varchar(64) DEFAULT NULL,
  `mode` bigint DEFAULT '0',
  `desc` varchar(512) DEFAULT NULL,
  `run` bigint DEFAULT '0',
  `expire_at` datetime DEFAULT NULL,
  `biz` bigint DEFAULT '0',
  `limit_count` bigint DEFAULT '0',
  `url` varchar(2048) DEFAULT NULL,
  `branch` varchar(128) DEFAULT NULL,
  PRIMARY KEY (`id`)
) ENGINE=InnoDB AUTO_INCREMENT=107 DEFAULT CHARSET=utf8mb4 COLLATE=utf8mb4_0900_ai_ci;
/*!40101 SET character_set_client = @saved_cs_client */;

--
-- Dumping data for table `std_bank_card`
--

LOCK TABLES `std_bank_card` WRITE;
/*!40000 ALTER TABLE `std_bank_card` DISABLE KEYS */;
INSERT INTO `std_bank_card` VALUES (106,120,1,100000,100000,3,0,NULL,'','123456',NULL,NULL,NULL,'2022-10-20 14:47:59','2022-10-20 14:41:40',0.00,0,0,NULL,1,'',10000,'2022-10-20 14:49:40',1,10000,NULL,NULL);
/*!40000 ALTER TABLE `std_bank_card` ENABLE KEYS */;
UNLOCK TABLES;

--
-- Table structure for table `std_bind`
--

DROP TABLE IF EXISTS `std_bind`;
/*!40101 SET @saved_cs_client     = @@character_set_client */;
/*!50503 SET character_set_client = utf8mb4 */;
CREATE TABLE `std_bind` (
  `id` bigint NOT NULL AUTO_INCREMENT COMMENT '编号',
  `user_id` bigint DEFAULT NULL,
  `biz_id` bigint DEFAULT NULL,
  `name` varchar(255) DEFAULT NULL COMMENT '参数',
  `updated_at` datetime DEFAULT NULL COMMENT '更新时间',
  `created_at` datetime DEFAULT NULL COMMENT '创建时间',
  PRIMARY KEY (`id`)
) ENGINE=InnoDB AUTO_INCREMENT=39 DEFAULT CHARSET=utf8mb4 COLLATE=utf8mb4_0900_ai_ci;
/*!40101 SET character_set_client = @saved_cs_client */;

--
-- Dumping data for table `std_bind`
--

LOCK TABLES `std_bind` WRITE;
/*!40000 ALTER TABLE `std_bind` DISABLE KEYS */;
INSERT INTO `std_bind` VALUES (21,61,60,'1112312','2021-12-12 10:50:54','2021-12-12 10:50:54'),(22,61,14,'ks-test','2021-12-12 10:50:54','2021-12-12 10:50:54');
/*!40000 ALTER TABLE `std_bind` ENABLE KEYS */;
UNLOCK TABLES;

--
-- Table structure for table `std_chain`
--

DROP TABLE IF EXISTS `std_chain`;
/*!40101 SET @saved_cs_client     = @@character_set_client */;
/*!50503 SET character_set_client = utf8mb4 */;
CREATE TABLE `std_chain` (
  `id` bigint NOT NULL AUTO_INCREMENT COMMENT '编号',
  `user_id` bigint DEFAULT '0' COMMENT '用户编号-&gt;std_user.id',
  `channel_id` bigint DEFAULT '0' COMMENT '通道编号-&gt;std_channel.id',
  `max` bigint DEFAULT '0' COMMENT '最大下单金额',
  `min` bigint DEFAULT '0' COMMENT '最小下单金额',
  `fee` decimal(10,5) DEFAULT NULL,
  `rate` decimal(9,3) DEFAULT '0.000' COMMENT '通道费率',
  `update_at` datetime DEFAULT NULL COMMENT '更新时间',
  `create_at` datetime DEFAULT NULL COMMENT '创建时间',
  `ks` varchar(2048) DEFAULT NULL,
  `fixed` bigint DEFAULT '0',
  PRIMARY KEY (`id`)
) ENGINE=InnoDB AUTO_INCREMENT=106 DEFAULT CHARSET=utf8mb4 COLLATE=utf8mb4_0900_ai_ci;
/*!40101 SET character_set_client = @saved_cs_client */;

--
-- Dumping data for table `std_chain`
--

LOCK TABLES `std_chain` WRITE;
/*!40000 ALTER TABLE `std_chain` DISABLE KEYS */;
INSERT INTO `std_chain` VALUES (11,35,1,1,1,1.00000,0.008,'2021-04-10 17:44:28','2021-04-10 17:44:28',NULL,0),(12,36,1,1000,1,1.00000,0.006,'2021-04-12 22:43:39','2021-04-12 22:43:39',NULL,0),(13,36,2,1000,1,1.00000,0.006,'2021-04-12 22:43:39','2021-04-12 22:43:39',NULL,0),(15,38,2,1,1,0.00200,0.002,'2021-08-26 11:21:51','2021-08-26 11:21:51',NULL,0),(22,42,1,10000,1,1.00000,0.010,'2021-10-14 20:42:31','2021-10-14 20:42:31',NULL,0),(23,25,2,50000,1,0.00000,0.050,'2022-10-01 20:48:31','2022-10-01 20:48:31','',0),(24,14,1,10000,1,0.00000,0.000,'2022-03-06 16:59:15','2022-03-06 16:59:15',NULL,0),(25,14,5,10000,1,0.00000,0.000,'2022-03-06 16:59:15','2022-03-06 16:59:15',NULL,0),(27,44,1,50000,1,1.00000,0.001,'2021-10-19 10:51:57','2021-10-19 10:51:57',NULL,0),(28,46,1,1,1,1.00000,1.000,'2021-10-19 10:21:44','2021-10-19 10:21:44',NULL,0),(29,20,2,10000,1,0.00000,0.060,'2022-10-12 18:24:34','2022-10-05 14:14:32','null',0),(31,61,1,10000,1,0.00000,0.000,'2021-12-11 11:59:58','2021-12-11 11:59:58',NULL,0),(40,60,1,50000,1,2.00000,0.000,'2022-01-21 15:08:52','2022-01-21 15:08:52',NULL,0),(41,60,2,50000,1,0.00000,0.004,'2022-01-21 15:08:52','2022-01-21 15:08:52',NULL,0),(45,67,5,0,0,0.00000,0.000,'2022-02-18 09:19:54','2022-02-18 09:19:54',NULL,0),(46,71,5,1,1,0.00000,0.050,'2022-02-18 18:25:43','2022-02-18 18:25:43',NULL,0),(47,70,5,1,1,0.00000,0.060,'2022-02-18 19:16:57','2022-02-18 19:16:57',NULL,0),(48,72,5,50000,1,0.00000,0.000,'2022-03-06 15:55:21','2022-03-06 15:55:21',NULL,0),(49,73,5,50000,1,0.00000,0.000,'2022-03-06 21:51:26','2022-03-06 21:51:26',NULL,0),(50,73,1,50000,1,0.00000,0.000,'2022-03-06 21:51:26','2022-03-06 21:51:26',NULL,0),(52,88,4,1,1,1.00000,1.000,'2022-03-11 11:41:56','2022-03-11 11:41:56',NULL,0),(68,100,2,50000,1,0.00000,0.050,'2022-10-01 20:35:44','2022-10-01 20:35:44','',0),(69,25,1,50000,1,0.00000,0.000,'2022-10-01 20:48:31','2022-10-01 20:48:31',NULL,0),(71,20,1,10000,1,2.00000,0.000,'2022-10-20 14:47:59','2022-10-05 14:14:32','[120]',0),(81,97,2,50000,1,0.00000,0.010,'2022-10-02 10:44:59','2022-10-02 10:44:59',NULL,0),(82,102,2,50000,1,0.00000,0.029,'2022-10-14 12:38:45','2022-10-04 14:03:11','[115]',2),(83,102,1,50000,1,0.00000,0.000,'2022-10-04 14:03:11','2022-10-04 14:03:11','',1),(85,104,2,50000,1,0.00000,0.016,'2022-10-04 12:46:57','2022-10-04 12:46:57','',0),(86,104,1,50000,1,0.00000,0.000,'2022-10-04 12:46:57','2022-10-04 12:46:57','',0),(88,107,2,50000,1,0.00000,0.021,'2022-10-04 12:46:14','2022-10-04 12:46:14',NULL,0),(89,106,2,50000,1,0.00000,0.016,'2022-10-04 12:46:42','2022-10-04 12:46:42',NULL,0),(90,110,2,50000,1,0.00000,0.013,'2022-10-05 14:16:01','2022-10-05 14:16:01',NULL,0),(91,110,1,50000,1,0.00000,0.000,'2022-10-05 14:16:01','2022-10-05 14:16:01',NULL,0),(92,111,2,50000,1,0.00000,0.016,'2022-10-05 15:57:45','2022-10-05 15:57:45','',0),(93,111,1,50000,1,0.00000,0.000,'2022-10-05 15:57:45','2022-10-05 15:57:45','',0),(94,112,2,50000,1,0.00000,0.007,'2022-10-09 11:53:28','2022-10-09 11:53:28','',0),(95,112,1,50000,1,0.00000,0.000,'2022-10-09 11:53:28','2022-10-09 11:53:28','',0),(96,114,2,50000,1,0.00000,0.013,'2022-10-09 11:49:25','2022-10-09 11:49:25',NULL,0),(97,114,1,50000,1,0.00000,0.000,'2022-10-09 11:49:25','2022-10-09 11:49:25',NULL,0),(98,115,2,50000,1,0.00000,0.011,'2022-10-09 11:51:32','2022-10-09 11:51:32','',0),(99,115,1,50000,1,0.00000,0.000,'2022-10-09 11:51:32','2022-10-09 11:51:32','',0),(100,113,2,50000,1,0.00000,0.021,'2022-10-09 12:01:23','2022-10-09 12:01:23',NULL,0),(101,116,2,50000,1,0.00000,0.012,'2022-10-09 13:17:18','2022-10-09 13:17:18',NULL,0),(102,116,1,50000,1,0.00000,0.000,'2022-10-09 13:17:18','2022-10-09 13:17:18',NULL,0),(103,117,2,10000,1,0.00000,0.060,'2022-10-09 17:02:08','2022-10-09 17:02:08',NULL,0),(104,119,2,50000,1,0.00000,0.030,'2022-10-11 12:17:43','2022-10-10 12:58:01','[115]',2),(105,119,1,50000,1,2.00000,0.000,'2022-10-10 12:58:01','2022-10-10 12:58:01',NULL,NULL);
/*!40000 ALTER TABLE `std_chain` ENABLE KEYS */;
UNLOCK TABLES;

--
-- Table structure for table `std_channel`
--

DROP TABLE IF EXISTS `std_channel`;
/*!40101 SET @saved_cs_client     = @@character_set_client */;
/*!50503 SET character_set_client = utf8mb4 */;
CREATE TABLE `std_channel` (
  `id` bigint NOT NULL AUTO_INCREMENT COMMENT '编号',
  `status` bigint DEFAULT NULL COMMENT '状态',
  `name` varchar(128) DEFAULT NULL COMMENT '名称',
  `updated_at` datetime DEFAULT NULL COMMENT '更新时间',
  `created_at` datetime DEFAULT NULL COMMENT '创建时间',
  `random` bigint DEFAULT '0',
  `type` bigint DEFAULT '0',
  `rate` decimal(10,5) DEFAULT '0.00000',
  `ip` varchar(1048) DEFAULT NULL,
  `url` varchar(5048) DEFAULT NULL,
  `mchid` varchar(128) DEFAULT NULL,
  `secret` varchar(1048) DEFAULT NULL,
  `amount` varchar(512) DEFAULT NULL,
  PRIMARY KEY (`id`)
) ENGINE=InnoDB AUTO_INCREMENT=12 DEFAULT CHARSET=utf8mb4 COLLATE=utf8mb4_0900_ai_ci;
/*!40101 SET character_set_client = @saved_cs_client */;

--
-- Dumping data for table `std_channel`
--

LOCK TABLES `std_channel` WRITE;
/*!40000 ALTER TABLE `std_channel` DISABLE KEYS */;
INSERT INTO `std_channel` VALUES (1,1,'代付','2021-11-21 18:32:20','2021-03-27 21:59:00',1,2,1.00000,'3','2','3','2',NULL),(2,1,'银行卡','2022-10-03 19:40:18','2021-03-27 21:59:08',1,1,1.00000,'','','','',NULL),(3,2,'USDT','2022-03-09 10:18:37','2021-04-15 20:31:43',1,1,1.00000,'','','','',NULL),(4,1,'支付宝零钱','2022-03-09 09:59:30','2021-11-19 19:55:56',1,1,1.00000,'','','','',NULL),(5,1,'支付宝转账','2022-03-09 09:59:45','2021-11-21 13:53:19',1,1,1.00000,'','','','',NULL),(6,1,'支付宝口令','2022-03-20 11:17:29','2022-03-20 11:17:29',1,0,0.00000,NULL,NULL,NULL,NULL,NULL),(7,1,'微信口令','2022-05-15 11:06:16','2022-05-13 19:25:08',2,0,0.00000,NULL,NULL,NULL,NULL,'100,200,500'),(8,1,'微信红包','2022-05-25 20:20:59','2022-05-25 20:20:59',1,0,0.00000,NULL,NULL,NULL,NULL,NULL),(9,1,'adapay','2022-08-19 14:53:52','2022-08-19 14:53:52',1,0,0.00000,NULL,NULL,NULL,NULL,NULL),(10,1,'挂码','2022-09-02 16:00:53','2022-09-02 15:36:15',2,0,0.00000,NULL,NULL,NULL,NULL,NULL),(11,1,'支付宝转微信','2022-09-19 22:29:11','2022-09-19 22:29:11',1,0,0.00000,NULL,NULL,NULL,NULL,NULL);
/*!40000 ALTER TABLE `std_channel` ENABLE KEYS */;
UNLOCK TABLES;

--
-- Table structure for table `std_device`
--

DROP TABLE IF EXISTS `std_device`;
/*!40101 SET @saved_cs_client     = @@character_set_client */;
/*!50503 SET character_set_client = utf8mb4 */;
CREATE TABLE `std_device` (
  `id` bigint NOT NULL AUTO_INCREMENT COMMENT '手机设备',
  `user_id` bigint DEFAULT '0' COMMENT '用户编号-&gt;std_user.id',
  `status` bigint DEFAULT '0' COMMENT '状态',
  `updated_at` datetime DEFAULT NULL COMMENT '更新时间',
  `created_at` datetime DEFAULT NULL COMMENT '建创时间',
  `uuid` varchar(128) DEFAULT NULL COMMENT '设备硬件编号',
  `name` varchar(128) DEFAULT NULL COMMENT '设备别名',
  `rate` bigint DEFAULT NULL COMMENT '接单频率',
  `desc` varchar(255) DEFAULT NULL COMMENT '描述',
  PRIMARY KEY (`id`)
) ENGINE=InnoDB AUTO_INCREMENT=2 DEFAULT CHARSET=utf8mb4 COLLATE=utf8mb4_0900_ai_ci;
/*!40101 SET character_set_client = @saved_cs_client */;

--
-- Dumping data for table `std_device`
--

LOCK TABLES `std_device` WRITE;
/*!40000 ALTER TABLE `std_device` DISABLE KEYS */;
/*!40000 ALTER TABLE `std_device` ENABLE KEYS */;
UNLOCK TABLES;

--
-- Table structure for table `std_member`
--

DROP TABLE IF EXISTS `std_member`;
/*!40101 SET @saved_cs_client     = @@character_set_client */;
/*!50503 SET character_set_client = utf8mb4 */;
CREATE TABLE `std_member` (
  `id` bigint NOT NULL AUTO_INCREMENT COMMENT 'id',
  `name` varchar(128) DEFAULT NULL COMMENT '商户名',
  `status` bigint DEFAULT NULL COMMENT '状态',
  `user_id` bigint DEFAULT NULL COMMENT '用户归属-&gt;std_user.id',
  `secret` varchar(255) DEFAULT NULL COMMENT '商户密钥',
  `whitelist` varchar(5018) DEFAULT NULL,
  `updated_at` datetime DEFAULT NULL COMMENT '更新时间',
  `created_at` datetime DEFAULT NULL COMMENT '创建时间',
  `desc` varchar(255) DEFAULT NULL COMMENT '描述',
  `refer_id` bigint DEFAULT NULL COMMENT '代理编号-&gt;std_user.id',
  `auth_ip` bigint DEFAULT '0',
  `channel_in` bigint DEFAULT '0',
  `channel_mod` bigint DEFAULT '0',
  `channel_out` bigint DEFAULT '0',
  `ks` varchar(1024) DEFAULT NULL,
  PRIMARY KEY (`id`)
) ENGINE=InnoDB AUTO_INCREMENT=31 DEFAULT CHARSET=utf8mb4 COLLATE=utf8mb4_0900_ai_ci;
/*!40101 SET character_set_client = @saved_cs_client */;

--
-- Dumping data for table `std_member`
--

LOCK TABLES `std_member` WRITE;
/*!40000 ALTER TABLE `std_member` DISABLE KEYS */;
INSERT INTO `std_member` VALUES (1,'测试商户',1,20,'b983cb5c-6c00-4f18-873f-e328fbda724c','192.168.3.6','2022-10-20 14:29:31','2021-03-27 09:29:16',NULL,0,2,10002,1,10001,'null');
/*!40000 ALTER TABLE `std_member` ENABLE KEYS */;
UNLOCK TABLES;

--
-- Table structure for table `std_order`
--

DROP TABLE IF EXISTS `std_order`;
/*!40101 SET @saved_cs_client     = @@character_set_client */;
/*!50503 SET character_set_client = utf8mb4 */;
CREATE TABLE `std_order` (
  `id` bigint NOT NULL AUTO_INCREMENT COMMENT '主键',
  `channel_id` bigint DEFAULT '0' COMMENT '通道ID',
  `type` bigint DEFAULT '0' COMMENT '订单类型',
  `status` bigint DEFAULT '0' COMMENT '订单状态',
  `upload` bigint DEFAULT '0' COMMENT '凭证上传',
  `amount` decimal(10,2) DEFAULT '0.00' COMMENT '订单金额',
  `agency` decimal(10,4) DEFAULT '0.0000',
  `fee` decimal(10,2) DEFAULT '0.00' COMMENT '手续费',
  `agent_id` bigint DEFAULT '0' COMMENT '代理编号->std_agent.id',
  `user_id` bigint DEFAULT '0' COMMENT '订单属于用户',
  `out_trade_no` varchar(64) NOT NULL COMMENT '商户订单ID',
  `notify_url` varchar(255) DEFAULT NULL COMMENT '回调地址',
  `updated_at` datetime DEFAULT NULL COMMENT '更新时间',
  `created_at` datetime DEFAULT NULL COMMENT '创建时间',
  `expire_at` datetime DEFAULT NULL COMMENT '过期时间',
  `pay_time` datetime DEFAULT NULL COMMENT '支时间',
  `pay_name` varchar(64) DEFAULT NULL COMMENT '付款人性名',
  `notify_count` bigint DEFAULT '0' COMMENT '回调通知次数',
  `pay_account` varchar(128) DEFAULT NULL COMMENT '付款账号',
  `refund_at` datetime DEFAULT NULL COMMENT '退款时间',
  `desc` varchar(255) DEFAULT NULL COMMENT '备注',
  `receive_name` varchar(64) DEFAULT NULL COMMENT '收款人姓名',
  `receive_account` varchar(64) DEFAULT NULL COMMENT '收款账号',
  `receive_bank` varchar(64) DEFAULT NULL COMMENT '收款银行',
  `client_id` bigint DEFAULT '0' COMMENT '卡商编号->std_user.id',
  `card_id` bigint DEFAULT '0' COMMENT '银行卡编号->std_bank_card.id',
  `item_id` bigint DEFAULT '0',
  `cny` decimal(10,5) DEFAULT '0.00000',
  `hash_id` varchar(512) DEFAULT NULL,
  `ksfee` decimal(10,5) DEFAULT '0.00000',
  `cert` varchar(5048) DEFAULT NULL,
  `client_fee` decimal(10,5) DEFAULT '0.00000',
  `branch` varchar(128) DEFAULT NULL,
  `fixed` decimal(10,5) DEFAULT '0.00000',
  PRIMARY KEY (`id`),
  UNIQUE KEY `out_trade_no` (`out_trade_no`)
) ENGINE=InnoDB AUTO_INCREMENT=2812 DEFAULT CHARSET=utf8mb4 COLLATE=utf8mb4_0900_ai_ci;
/*!40101 SET character_set_client = @saved_cs_client */;

--
-- Dumping data for table `std_order`
--

LOCK TABLES `std_order` WRITE;
/*!40000 ALTER TABLE `std_order` DISABLE KEYS */;
INSERT INTO `std_order` VALUES (2811,1,1,0,0,100.00,0.0000,2.00,0,20,'100012122223','http://www.cccb.com/pub/account/test','2022-10-20 14:47:59','2022-10-20 14:47:59','2022-10-20 15:47:59',NULL,NULL,0,NULL,NULL,'下单成功','张三','6212251605000689122','招商',120,106,0,0.00000,NULL,0.00000,NULL,0.00000,NULL,100.00000);
/*!40000 ALTER TABLE `std_order` ENABLE KEYS */;
UNLOCK TABLES;

--
-- Table structure for table `std_recharge`
--

DROP TABLE IF EXISTS `std_recharge`;
/*!40101 SET @saved_cs_client     = @@character_set_client */;
/*!50503 SET character_set_client = utf8mb4 */;
CREATE TABLE `std_recharge` (
  `id` bigint NOT NULL AUTO_INCREMENT COMMENT '编号',
  `user_id` bigint DEFAULT '0' COMMENT '用户编号-&gt;std_user.id',
  `status` bigint DEFAULT '0' COMMENT '状态',
  `upload` varchar(255) DEFAULT NULL COMMENT '凭证地址',
  `bank_id` bigint DEFAULT '0' COMMENT '银行卡编号-&gt;std_bank_card.id',
  `amount` decimal(10,2) DEFAULT '0.00' COMMENT '金额',
  `bill_id` bigint DEFAULT '0' COMMENT '账单编号-&gt;std_biil.id',
  `updated_at` datetime DEFAULT NULL COMMENT '更新时间',
  `created_at` datetime DEFAULT NULL COMMENT '建创时间',
  `auth_id` bigint DEFAULT '0' COMMENT '审核者编号-&gt;std_user.id',
  PRIMARY KEY (`id`)
) ENGINE=InnoDB AUTO_INCREMENT=2 DEFAULT CHARSET=utf8mb4 COLLATE=utf8mb4_0900_ai_ci;
/*!40101 SET character_set_client = @saved_cs_client */;

--
-- Dumping data for table `std_recharge`
--

LOCK TABLES `std_recharge` WRITE;
/*!40000 ALTER TABLE `std_recharge` DISABLE KEYS */;
/*!40000 ALTER TABLE `std_recharge` ENABLE KEYS */;
UNLOCK TABLES;

--
-- Table structure for table `std_spider`
--

DROP TABLE IF EXISTS `std_spider`;
/*!40101 SET @saved_cs_client     = @@character_set_client */;
/*!50503 SET character_set_client = utf8mb4 */;
CREATE TABLE `std_spider` (
  `id` bigint NOT NULL AUTO_INCREMENT COMMENT '编号',
  `type` bigint DEFAULT NULL COMMENT '类型',
  `order_no` varchar(64) DEFAULT NULL COMMENT '订单编号',
  `order_status` varchar(64) DEFAULT NULL COMMENT '订单状态',
  `order_goods` varchar(32) DEFAULT NULL COMMENT '商品名称',
  `order_price` decimal(10,2) DEFAULT NULL COMMENT '商品单价',
  `order_count` bigint DEFAULT NULL COMMENT '商品数量',
  `order_amount` decimal(10,2) DEFAULT NULL COMMENT '订单总价',
  `order_info_area` varchar(32) DEFAULT NULL COMMENT '所在区/服',
  `order_info_accno` varchar(32) DEFAULT NULL COMMENT '账号',
  `order_info_remark` varchar(32) DEFAULT NULL COMMENT '备注',
  `order_reamrk` varchar(32) DEFAULT NULL COMMENT '订单备注',
  `order_create_time` datetime DEFAULT NULL COMMENT '创建时间',
  `order_pay_time` datetime DEFAULT NULL COMMENT '支付时间',
  `order_finish_time` datetime DEFAULT NULL COMMENT '发货时间',
  `updated_at` datetime DEFAULT NULL COMMENT '更新时间',
  `created_at` datetime DEFAULT NULL COMMENT '建创时间',
  PRIMARY KEY (`id`)
) ENGINE=InnoDB DEFAULT CHARSET=utf8mb4 COLLATE=utf8mb4_0900_ai_ci;
/*!40101 SET character_set_client = @saved_cs_client */;

--
-- Dumping data for table `std_spider`
--

LOCK TABLES `std_spider` WRITE;
/*!40000 ALTER TABLE `std_spider` DISABLE KEYS */;
/*!40000 ALTER TABLE `std_spider` ENABLE KEYS */;
UNLOCK TABLES;

--
-- Table structure for table `std_system_log`
--

DROP TABLE IF EXISTS `std_system_log`;
/*!40101 SET @saved_cs_client     = @@character_set_client */;
/*!50503 SET character_set_client = utf8mb4 */;
CREATE TABLE `std_system_log` (
  `id` bigint NOT NULL AUTO_INCREMENT COMMENT '编号',
  `type` bigint DEFAULT NULL COMMENT '类型',
  `user_id` bigint DEFAULT NULL COMMENT '用户编号-&gt;std_user.id',
  `refer_id` varchar(64) DEFAULT NULL COMMENT '引用id',
  `client_ip` varchar(32) DEFAULT NULL COMMENT '操作IP',
  `updated_at` datetime DEFAULT NULL COMMENT '更新时间',
  `created_at` datetime DEFAULT NULL COMMENT '建创时间',
  `title` varchar(255) DEFAULT NULL COMMENT '标题',
  `desc` varchar(255) DEFAULT NULL COMMENT '描述',
  PRIMARY KEY (`id`)
) ENGINE=InnoDB AUTO_INCREMENT=1786 DEFAULT CHARSET=utf8mb4 COLLATE=utf8mb4_0900_ai_ci;
/*!40101 SET character_set_client = @saved_cs_client */;

--
-- Dumping data for table `std_system_log`
--

LOCK TABLES `std_system_log` WRITE;
/*!40000 ALTER TABLE `std_system_log` DISABLE KEYS */;
INSERT INTO `std_system_log` VALUES (327,NULL,115,'BD20221009190224N06AI','112.96.194.122','2022-10-09 19:03:58','2022-10-09 19:03:58','订单回调','人工操作'),(328,NULL,115,'BD20221009190236UY6JP','112.96.194.122','2022-10-09 19:04:11','2022-10-09 19:04:11','订单回调','人工操作'),(329,NULL,115,'BD20221009184950VLQNB','112.96.194.122','2022-10-09 19:04:27','2022-10-09 19:04:27','订单回调','人工操作'),(330,NULL,115,'BD20221009184448OZEHG','112.96.194.122','2022-10-09 19:04:56','2022-10-09 19:04:56','订单回调','人工操作'),(331,NULL,115,'BD20221009185658MR7UI','112.96.194.122','2022-10-09 19:11:42','2022-10-09 19:11:42','订单回调','人工操作'),(332,NULL,115,'BD20221009190257FWKSW','112.96.194.122','2022-10-09 19:13:58','2022-10-09 19:13:58','订单回调','人工操作'),(333,NULL,115,'BD20221009190443AIY0Y','112.96.194.122','2022-10-09 19:45:26','2022-10-09 19:45:26','订单回调','人工操作'),(334,NULL,28,'BD20221009200132O90PM','118.114.102.236','2022-10-09 20:05:22','2022-10-09 20:05:22','订单回调','人工操作'),(335,NULL,115,'BD20221009195922E2JRU','112.96.66.151','2022-10-09 20:06:46','2022-10-09 20:06:46','订单回调','人工操作'),(336,NULL,0,'BD20221009201112GGR1G','112.96.66.151','2022-10-09 20:13:58','2022-10-09 20:13:58','订单回调','App自动回调'),(337,NULL,0,'BD20221009202149ETTWV','112.96.66.151','2022-10-09 20:22:43','2022-10-09 20:22:43','订单回调','App自动回调'),(338,NULL,1,'H2000584221009183901501661700','1.47.139.9','2022-10-09 20:23:48','2022-10-09 20:23:48','订单回调','人工操作'),(339,NULL,0,'BD20221009202235X8QKX','112.96.66.151','2022-10-09 20:24:32','2022-10-09 20:24:32','订单回调','App自动回调'),(340,NULL,1,'H2000584221009184821204661800','1.47.139.9','2022-10-09 20:25:46','2022-10-09 20:25:46','订单回调','人工操作'),(341,NULL,28,'BD20221009203041UIBYO','112.120.243.51','2022-10-09 20:33:04','2022-10-09 20:33:04','订单回调','人工操作'),(342,NULL,0,'BD20221009203324CBNQC','112.96.66.151','2022-10-09 20:34:14','2022-10-09 20:34:14','订单回调','App自动回调'),(343,NULL,0,'BD20221009203448MPV5G','112.96.66.151','2022-10-09 20:35:55','2022-10-09 20:35:55','订单回调','App自动回调'),(344,NULL,0,'BD20221009203805EAYTX','112.96.66.151','2022-10-09 20:39:48','2022-10-09 20:39:48','订单回调','App自动回调'),(345,NULL,0,'BD20221009204159SBF5Q','112.96.66.151','2022-10-09 20:43:09','2022-10-09 20:43:09','订单回调','App自动回调'),(346,NULL,0,'BD20221009204822VSBQ2','112.96.66.151','2022-10-09 20:49:52','2022-10-09 20:49:52','订单回调','App自动回调'),(347,NULL,0,'BD20221009204905OSKPJ','112.96.66.151','2022-10-09 20:50:14','2022-10-09 20:50:14','订单回调','App自动回调'),(348,NULL,0,'BD20221009205155FJKPC','112.96.66.151','2022-10-09 20:53:10','2022-10-09 20:53:10','订单回调','App自动回调'),(349,NULL,0,'BD202210092053408P7HC','112.96.66.151','2022-10-09 20:54:37','2022-10-09 20:54:37','订单回调','App自动回调'),(350,NULL,0,'BD20221009205506NXB3N','112.96.66.151','2022-10-09 20:56:08','2022-10-09 20:56:08','订单回调','App自动回调'),(351,NULL,0,'BD202210092056204VERR','112.96.66.151','2022-10-09 20:57:13','2022-10-09 20:57:13','订单回调','App自动回调'),(352,NULL,0,'BD20221009205756TQMGQ','112.96.66.151','2022-10-09 20:58:49','2022-10-09 20:58:49','订单回调','App自动回调'),(353,NULL,0,'BD20221009205842UMWHX','112.96.66.151','2022-10-09 21:00:37','2022-10-09 21:00:37','订单回调','App自动回调'),(354,NULL,1,'H2000584221009200815481661600','1.47.139.9','2022-10-09 21:04:42','2022-10-09 21:04:42','订单回调','人工操作'),(355,NULL,0,'BD20221009210730FJFQA','112.96.66.151','2022-10-09 21:08:13','2022-10-09 21:08:13','订单回调','App自动回调'),(356,NULL,0,'BD20221009210714C9R0W','112.96.66.151','2022-10-09 21:09:33','2022-10-09 21:09:33','订单回调','App自动回调'),(357,NULL,0,'BD20221009211521VVCYJ','112.96.66.151','2022-10-09 21:16:11','2022-10-09 21:16:11','订单回调','App自动回调'),(358,NULL,115,'BD20221009205912AG1XF','112.96.66.151','2022-10-09 21:17:11','2022-10-09 21:17:11','订单回调','人工操作'),(359,NULL,0,'BD20221009211841UDQVK','112.96.66.151','2022-10-09 21:19:46','2022-10-09 21:19:46','订单回调','App自动回调'),(360,NULL,0,'BD20221009211948GPYGF','112.96.66.151','2022-10-09 21:20:45','2022-10-09 21:20:45','订单回调','App自动回调'),(361,NULL,1,'H2000584221009210928646661600','1.47.139.9','2022-10-09 21:30:20','2022-10-09 21:30:20','订单回调','人工操作'),(362,NULL,1,'H2000584221009203151301661700','1.47.139.9','2022-10-09 21:30:32','2022-10-09 21:30:32','订单回调','人工操作'),(363,NULL,0,'BD20221009213009MC3M2','112.96.66.151','2022-10-09 21:31:47','2022-10-09 21:31:47','订单回调','App自动回调'),(364,NULL,0,'BD20221009213048QKOIQ','112.96.66.151','2022-10-09 21:33:47','2022-10-09 21:33:47','订单回调','App自动回调'),(365,NULL,0,'BD20221009213305IDJQ8','112.96.66.151','2022-10-09 21:34:44','2022-10-09 21:34:44','订单回调','App自动回调'),(366,NULL,0,'BD202210092135062JSPW','112.96.66.151','2022-10-09 21:36:12','2022-10-09 21:36:12','订单回调','App自动回调'),(367,NULL,0,'BD20221009213521QQE6E','112.96.66.151','2022-10-09 21:36:35','2022-10-09 21:36:35','订单回调','App自动回调'),(368,NULL,0,'BD20221009213856HDOKZ','112.96.66.151','2022-10-09 21:40:02','2022-10-09 21:40:02','订单回调','App自动回调'),(369,NULL,115,'BD20221009212443REQVJ','112.96.66.151','2022-10-09 21:41:24','2022-10-09 21:41:24','订单回调','人工操作'),(370,NULL,0,'BD20221009214406QWFRT','112.96.66.151','2022-10-09 21:45:37','2022-10-09 21:45:37','订单回调','App自动回调'),(371,NULL,1,'H2000584221009211403389661600','1.47.139.9','2022-10-09 21:47:53','2022-10-09 21:47:53','订单回调','人工操作'),(372,NULL,1,'H2000594221009212516611661700','1.47.139.9','2022-10-09 21:49:13','2022-10-09 21:49:13','订单驳回','人工操作'),(373,NULL,0,'BD20221009214820BX9IX','112.96.66.151','2022-10-09 21:49:15','2022-10-09 21:49:15','订单回调','App自动回调'),(374,NULL,0,'BD20221009214921MHPI9','112.96.66.151','2022-10-09 21:50:17','2022-10-09 21:50:17','订单回调','App自动回调'),(375,NULL,0,'BD20221009215330JOQ7I','112.96.66.151','2022-10-09 21:55:16','2022-10-09 21:55:16','订单回调','App自动回调'),(376,NULL,115,'BD20221009214634S4R7N','112.96.66.151','2022-10-09 21:56:16','2022-10-09 21:56:16','订单回调','人工操作'),(377,NULL,115,'BD20221009215133DAAXZ','112.96.66.151','2022-10-09 21:57:45','2022-10-09 21:57:45','订单回调','人工操作'),(378,NULL,0,'BD20221009215552FCCFT','112.96.66.151','2022-10-09 21:57:52','2022-10-09 21:57:52','订单回调','App自动回调'),(379,NULL,1,'H2000584221009214237417661600','1.47.139.9','2022-10-09 22:00:42','2022-10-09 22:00:42','订单回调','人工操作'),(380,NULL,1,'H2000584221009214016477661600','1.47.139.9','2022-10-09 22:01:53','2022-10-09 22:01:53','订单回调','人工操作'),(381,NULL,1,'H2000584221009214036117661500','1.47.139.9','2022-10-09 22:03:04','2022-10-09 22:03:04','订单回调','人工操作'),(382,NULL,115,'BD20221009215320N9BVR','112.96.66.151','2022-10-09 22:03:46','2022-10-09 22:03:46','订单回调','人工操作'),(383,NULL,115,'BD20221009215252QFR3D','112.96.66.151','2022-10-09 22:06:59','2022-10-09 22:06:59','订单回调','人工操作'),(384,NULL,0,'BD20221009220634U1ZXM','112.96.66.151','2022-10-09 22:07:33','2022-10-09 22:07:33','订单回调','App自动回调'),(385,NULL,0,'BD20221009220750F4TWR','112.96.66.151','2022-10-09 22:09:19','2022-10-09 22:09:19','订单回调','App自动回调'),(386,NULL,0,'BD20221009221224UPKKQ','112.96.66.151','2022-10-09 22:13:37','2022-10-09 22:13:37','订单回调','App自动回调'),(387,NULL,0,'BD202210092211338IBSY','112.96.66.151','2022-10-09 22:15:41','2022-10-09 22:15:41','订单回调','App自动回调'),(388,NULL,0,'BD20221009221856ITV3M','112.96.66.151','2022-10-09 22:19:58','2022-10-09 22:19:58','订单回调','App自动回调'),(389,NULL,0,'BD2022100922203914CFS','112.96.66.151','2022-10-09 22:21:46','2022-10-09 22:21:46','订单回调','App自动回调'),(390,NULL,0,'BD20221009222123KQ0CR','112.96.66.151','2022-10-09 22:22:34','2022-10-09 22:22:34','订单回调','App自动回调'),(391,NULL,0,'BD20221009222256HSPME','112.96.66.151','2022-10-09 22:23:54','2022-10-09 22:23:54','订单回调','App自动回调'),(392,NULL,0,'BD20221009222717FV6ZD','112.96.66.151','2022-10-09 22:29:46','2022-10-09 22:29:46','订单回调','App自动回调'),(393,NULL,1,'H2000584221009215447206661500','1.47.139.9','2022-10-09 22:31:13','2022-10-09 22:31:13','订单回调','人工操作'),(394,NULL,0,'BD20221009223913R96ZS','112.96.66.151','2022-10-09 22:40:31','2022-10-09 22:40:31','订单回调','App自动回调'),(395,NULL,0,'BD20221009224017BYIPD','112.96.66.151','2022-10-09 22:41:54','2022-10-09 22:41:54','订单回调','App自动回调'),(396,NULL,0,'BD20221009224438ZYKJW','112.96.66.151','2022-10-09 22:45:58','2022-10-09 22:45:58','订单回调','App自动回调'),(397,NULL,0,'BD20221009225004KB3TD','112.96.66.151','2022-10-09 22:51:14','2022-10-09 22:51:14','订单回调','App自动回调'),(398,NULL,0,'BD20221009225002UCH1Y','112.96.66.151','2022-10-09 22:51:39','2022-10-09 22:51:39','订单回调','App自动回调'),(399,NULL,115,'BD20221009224158GTD7W','112.96.66.151','2022-10-09 22:54:41','2022-10-09 22:54:41','订单回调','人工操作'),(400,NULL,0,'BD20221009225415HXG48','112.96.66.151','2022-10-09 22:55:17','2022-10-09 22:55:17','订单回调','App自动回调'),(401,NULL,0,'BD20221009225534CYGNH','112.96.66.151','2022-10-09 22:56:56','2022-10-09 22:56:56','订单回调','App自动回调'),(402,NULL,1,'H2000594221009221551639661700','1.47.139.9','2022-10-09 22:59:50','2022-10-09 22:59:50','订单驳回','人工操作'),(403,NULL,1,'H2000584221009221101110661700','1.47.139.9','2022-10-09 22:59:55','2022-10-09 22:59:55','订单回调','人工操作'),(404,NULL,1,'H2000584221009215516618661800','1.47.139.9','2022-10-09 23:06:17','2022-10-09 23:06:17','订单回调','人工操作'),(405,NULL,0,'BD20221010120421M4ORQ','112.96.179.22','2022-10-10 12:05:34','2022-10-10 12:05:34','订单回调','App自动回调'),(406,NULL,112,'BD202210101212075JUM9','182.118.239.155','2022-10-10 12:15:44','2022-10-10 12:15:44','订单回调','人工操作'),(407,NULL,0,'BD20221010122136PJVLD','112.96.179.22','2022-10-10 12:23:09','2022-10-10 12:23:09','订单回调','App自动回调'),(408,NULL,0,'BD20221010124356HZLSO','112.96.179.22','2022-10-10 12:44:58','2022-10-10 12:44:58','订单回调','App自动回调'),(409,NULL,112,'BD20221010123626N9MOB','182.118.239.155','2022-10-10 12:47:27','2022-10-10 12:47:27','订单回调','人工操作'),(410,NULL,0,'BD202210101249246DQWZ','112.96.179.22','2022-10-10 12:51:22','2022-10-10 12:51:22','订单回调','App自动回调'),(411,NULL,0,'BD202210101258160RHMS','112.96.179.22','2022-10-10 12:59:58','2022-10-10 12:59:58','订单回调','App自动回调'),(412,NULL,0,'BD20221010125935GD9RR','112.96.179.22','2022-10-10 13:01:20','2022-10-10 13:01:20','订单回调','App自动回调'),(413,NULL,0,'BD20221010130559HOOSK','112.96.179.22','2022-10-10 13:07:10','2022-10-10 13:07:10','订单回调','App自动回调'),(414,NULL,0,'BD202210101307524ERJM','112.96.179.22','2022-10-10 13:09:26','2022-10-10 13:09:26','订单回调','App自动回调'),(415,NULL,0,'BD20221010131155LKG5B','112.96.179.22','2022-10-10 13:14:23','2022-10-10 13:14:23','订单回调','App自动回调'),(416,NULL,0,'BD20221010132417VPG2N','112.96.179.22','2022-10-10 13:26:22','2022-10-10 13:26:22','订单回调','App自动回调'),(417,NULL,115,'BD20221010131529OVMY5','112.96.179.22','2022-10-10 13:27:31','2022-10-10 13:27:31','订单回调','人工操作'),(418,NULL,112,'BD20221010133650KN9BV','182.118.239.155','2022-10-10 13:41:14','2022-10-10 13:41:14','订单回调','人工操作'),(419,NULL,112,'BD20221010133118HUOZQ','182.118.239.155','2022-10-10 13:41:18','2022-10-10 13:41:18','订单回调','人工操作'),(420,NULL,0,'BD202210101341314U6KZ','112.96.179.22','2022-10-10 13:42:51','2022-10-10 13:42:51','订单回调','App自动回调'),(421,NULL,0,'BD20221010134837SB7ZN','112.96.179.22','2022-10-10 13:50:19','2022-10-10 13:50:19','订单回调','App自动回调'),(422,NULL,115,'BD20221010134842EVB6M','112.96.179.22','2022-10-10 13:59:35','2022-10-10 13:59:35','订单回调','人工操作'),(423,NULL,1,'H2000584221010095059286661700','1.46.6.225','2022-10-10 13:59:39','2022-10-10 13:59:39','订单回调','人工操作'),(424,NULL,1,'H2000584221010095101085661300','1.46.6.225','2022-10-10 14:00:00','2022-10-10 14:00:00','订单回调','人工操作'),(425,NULL,1,'H2000584221010095113395661400','1.46.6.225','2022-10-10 14:00:19','2022-10-10 14:00:19','订单回调','人工操作'),(426,NULL,0,'BD20221010140613JPTTC','112.96.179.22','2022-10-10 14:07:48','2022-10-10 14:07:48','订单回调','App自动回调'),(427,NULL,112,'BD20221010140916WM42R','182.118.239.155','2022-10-10 14:13:37','2022-10-10 14:13:37','订单回调','人工操作'),(428,NULL,0,'BD20221010141745LHABF','112.96.179.22','2022-10-10 14:20:21','2022-10-10 14:20:21','订单回调','App自动回调'),(429,NULL,115,'BD20221010141218T1AM3','112.96.179.22','2022-10-10 14:21:25','2022-10-10 14:21:25','订单回调','人工操作'),(430,NULL,1,'H2000584221010102533350661600','1.46.6.225','2022-10-10 14:32:35','2022-10-10 14:32:35','订单回调','人工操作'),(431,NULL,112,'BD202210101430170SRUT','182.118.239.155','2022-10-10 14:32:44','2022-10-10 14:32:44','订单回调','人工操作'),(432,NULL,1,'H2000584221010102345046661800','1.46.6.225','2022-10-10 14:32:59','2022-10-10 14:32:59','订单回调','人工操作'),(433,NULL,115,'BD20221010143451U1SYN','112.96.179.22','2022-10-10 14:44:02','2022-10-10 14:44:02','订单回调','人工操作'),(434,NULL,112,'BD20221010144521RXDBB','182.118.236.206','2022-10-10 15:06:35','2022-10-10 15:06:35','订单回调','人工操作'),(435,NULL,112,'BD20221010150336QRWM9','182.118.236.206','2022-10-10 15:10:52','2022-10-10 15:10:52','订单回调','人工操作'),(436,NULL,1,'H2000584221010112951008661700','1.46.6.225','2022-10-10 15:12:39','2022-10-10 15:12:39','订单回调','人工操作'),(437,NULL,112,'BD20221010150034NXSG3','182.118.236.206','2022-10-10 15:20:05','2022-10-10 15:20:05','订单回调','人工操作'),(438,NULL,0,'BD20221010152133EA2X8','112.96.179.22','2022-10-10 15:23:42','2022-10-10 15:23:42','订单回调','App自动回调'),(439,NULL,115,'BD20221010151820HU494','112.96.179.22','2022-10-10 15:33:28','2022-10-10 15:33:28','订单回调','人工操作'),(440,NULL,115,'BD20221010152400ABXKN','112.96.179.22','2022-10-10 15:35:22','2022-10-10 15:35:22','订单回调','人工操作'),(441,NULL,0,'BD20221010153638LFSMT','112.96.179.22','2022-10-10 15:38:12','2022-10-10 15:38:12','订单回调','App自动回调'),(442,NULL,115,'BD20221010153539RQFAN','112.96.179.22','2022-10-10 15:40:24','2022-10-10 15:40:24','订单回调','人工操作'),(443,NULL,1,'XF202210101531059724','1.46.6.225','2022-10-10 15:44:57','2022-10-10 15:44:57','订单回调','人工操作'),(444,NULL,0,'BD20221010154426KKELQ','112.96.179.22','2022-10-10 15:48:13','2022-10-10 15:48:13','订单回调','App自动回调'),(445,NULL,112,'BD20221010154811JHDN5','182.118.239.216','2022-10-10 15:57:26','2022-10-10 15:57:26','订单回调','人工操作'),(446,NULL,115,'BD20221010154308UUVAN','112.96.179.22','2022-10-10 15:59:53','2022-10-10 15:59:53','订单回调','人工操作'),(447,NULL,115,'BD20221010155908DUEDX','112.96.179.22','2022-10-10 16:07:06','2022-10-10 16:07:06','订单回调','人工操作'),(448,NULL,115,'BD20221010160112Q60VH','112.96.179.22','2022-10-10 16:08:43','2022-10-10 16:08:43','订单回调','人工操作'),(449,NULL,0,'BD20221010160931A5Q5Q','112.96.179.22','2022-10-10 16:10:34','2022-10-10 16:10:34','订单回调','App自动回调'),(450,NULL,112,'BD20221010160102QSWD2','182.118.239.216','2022-10-10 16:12:49','2022-10-10 16:12:49','订单回调','人工操作'),(451,NULL,1,'H2000584221010120439386661400','1.46.6.225','2022-10-10 16:15:19','2022-10-10 16:15:19','订单回调','人工操作'),(452,NULL,0,'BD20221010161535HOUDP','112.96.179.22','2022-10-10 16:16:28','2022-10-10 16:16:28','订单回调','App自动回调'),(453,NULL,112,'BD20221010160548IUVD8','182.118.239.216','2022-10-10 16:18:52','2022-10-10 16:18:52','订单回调','人工操作'),(454,NULL,1,'H2000584221010120635555661800','1.46.6.225','2022-10-10 16:19:10','2022-10-10 16:19:10','订单回调','人工操作'),(455,NULL,112,'BD20221010160905291MD','182.118.239.216','2022-10-10 16:22:18','2022-10-10 16:22:18','订单回调','人工操作'),(456,NULL,1,'XF202210101618568690','1.46.6.225','2022-10-10 16:23:46','2022-10-10 16:23:46','订单回调','人工操作'),(457,NULL,115,'BD20221010160827EOV8U','112.96.179.22','2022-10-10 16:24:11','2022-10-10 16:24:11','订单回调','人工操作'),(458,NULL,0,'BD202210101626105FDE4','112.96.179.22','2022-10-10 16:27:06','2022-10-10 16:27:06','订单回调','App自动回调'),(459,NULL,112,'BD20221010162550PPHUJ','182.118.239.216','2022-10-10 16:34:42','2022-10-10 16:34:42','订单回调','人工操作'),(460,NULL,0,'BD20221010163252B4PT8','112.96.179.22','2022-10-10 16:34:47','2022-10-10 16:34:47','订单回调','App自动回调'),(461,NULL,115,'BD20221010163624CTZ6V','112.96.179.22','2022-10-10 16:41:53','2022-10-10 16:41:53','订单回调','人工操作'),(462,NULL,0,'BD2022101016445186DTF','112.96.179.22','2022-10-10 16:46:43','2022-10-10 16:46:43','订单回调','App自动回调'),(463,NULL,1,'XF202210101628122249','1.46.6.225','2022-10-10 16:47:33','2022-10-10 16:47:33','订单驳回','人工操作'),(464,NULL,0,'BD20221010165140YAPNU','112.96.179.22','2022-10-10 16:55:32','2022-10-10 16:55:32','订单回调','App自动回调'),(465,NULL,0,'BD20221010165651HFOYE','112.96.179.22','2022-10-10 16:58:40','2022-10-10 16:58:40','订单回调','App自动回调'),(466,NULL,0,'BD20221010170958785KN','112.96.179.22','2022-10-10 17:11:04','2022-10-10 17:11:04','订单回调','App自动回调'),(467,NULL,112,'BD20221010165750DFLBJ','117.136.107.8','2022-10-10 17:11:11','2022-10-10 17:11:11','订单回调','人工操作'),(468,NULL,1,'H2000584221010131418040661700','1.46.6.225','2022-10-10 17:11:58','2022-10-10 17:11:58','订单回调','人工操作'),(469,NULL,1,'H2000584221010131339168661400','1.46.6.225','2022-10-10 17:12:43','2022-10-10 17:12:43','订单回调','人工操作'),(470,NULL,0,'BD20221010171052EOWND','112.96.179.22','2022-10-10 17:12:46','2022-10-10 17:12:46','订单回调','App自动回调'),(471,NULL,1,'H2000584221010130846198661700','1.46.6.225','2022-10-10 17:14:38','2022-10-10 17:14:38','订单回调','人工操作'),(472,NULL,112,'BD20221010171014HIWP3','117.136.107.8','2022-10-10 17:26:02','2022-10-10 17:26:02','订单回调','人工操作'),(473,NULL,0,'BD20221010172605LRMP3','112.96.179.22','2022-10-10 17:32:09','2022-10-10 17:32:09','订单回调','App自动回调'),(474,NULL,115,'BD20221010172102KRWSL','112.96.179.22','2022-10-10 17:34:38','2022-10-10 17:34:38','订单回调','人工操作'),(475,NULL,0,'BD20221010173114VRQSM','112.96.179.22','2022-10-10 17:35:11','2022-10-10 17:35:11','订单回调','App自动回调'),(476,NULL,112,'BD20221010171537DMTPD','39.144.25.92','2022-10-10 17:35:45','2022-10-10 17:35:45','订单回调','人工操作'),(477,NULL,112,'BD20221010173325P0TV2','39.144.25.92','2022-10-10 17:38:26','2022-10-10 17:38:26','订单回调','人工操作'),(478,NULL,112,'BD20221010172839X5XCQ','39.144.25.92','2022-10-10 17:40:28','2022-10-10 17:40:28','订单回调','人工操作'),(479,NULL,112,'BD202210101745136Y45S','39.144.25.92','2022-10-10 17:49:00','2022-10-10 17:49:00','订单回调','人工操作'),(480,NULL,112,'BD20221010172557O86I2','39.144.25.92','2022-10-10 17:50:42','2022-10-10 17:50:42','订单回调','人工操作'),(481,NULL,112,'BD202210101749375DJL5','39.144.25.92','2022-10-10 17:52:53','2022-10-10 17:52:53','订单回调','人工操作'),(482,NULL,0,'BD20221010175204P1BMS','112.96.179.22','2022-10-10 17:53:40','2022-10-10 17:53:40','订单回调','App自动回调'),(483,NULL,112,'BD20221010175147WKOLZ','39.144.25.92','2022-10-10 17:54:16','2022-10-10 17:54:16','订单回调','人工操作'),(484,NULL,1,'XF202210101750205885','1.46.6.225','2022-10-10 17:56:18','2022-10-10 17:56:18','订单回调','人工操作'),(485,NULL,1,'XF202210101743086046','1.46.6.225','2022-10-10 17:56:22','2022-10-10 17:56:22','订单回调','人工操作'),(486,NULL,115,'BD20221010174821SHIGX','112.96.179.22','2022-10-10 17:57:37','2022-10-10 17:57:37','订单回调','人工操作'),(487,NULL,0,'BD20221010175639JVXWB','112.96.179.22','2022-10-10 17:58:39','2022-10-10 17:58:39','订单回调','App自动回调'),(488,NULL,112,'BD20221010175407Z5VXK','39.144.25.92','2022-10-10 17:59:10','2022-10-10 17:59:10','订单回调','人工操作'),(489,NULL,115,'BD20221010175013IGAS0','112.96.179.22','2022-10-10 18:00:14','2022-10-10 18:00:14','订单回调','人工操作'),(490,NULL,112,'BD20221010175813B5Z73','39.144.25.92','2022-10-10 18:00:53','2022-10-10 18:00:53','订单回调','人工操作'),(491,NULL,1,'XF202210101739358683','1.46.6.225','2022-10-10 18:01:50','2022-10-10 18:01:50','订单回调','人工操作'),(492,NULL,115,'BD20221010174523IGK7J','112.96.179.22','2022-10-10 18:04:07','2022-10-10 18:04:07','订单回调','人工操作'),(493,NULL,0,'BD20221010180218ISLYD','112.96.179.22','2022-10-10 18:04:13','2022-10-10 18:04:13','订单回调','App自动回调'),(494,NULL,0,'BD20221010180405DSVFU','112.96.179.22','2022-10-10 18:05:19','2022-10-10 18:05:19','订单回调','App自动回调'),(495,NULL,112,'BD20221010180327GFZN3','39.144.25.92','2022-10-10 18:06:07','2022-10-10 18:06:07','订单回调','人工操作'),(496,NULL,115,'BD20221010175541IEDVB','112.96.179.22','2022-10-10 18:06:35','2022-10-10 18:06:35','订单回调','人工操作'),(497,NULL,112,'BD20221010180613MIZEC','39.144.25.92','2022-10-10 18:07:38','2022-10-10 18:07:38','订单回调','人工操作'),(498,NULL,0,'BD20221010180824JNATH','112.96.179.22','2022-10-10 18:09:55','2022-10-10 18:09:55','订单回调','App自动回调'),(499,NULL,112,'BD20221010180853HGDHY','39.144.25.92','2022-10-10 18:10:48','2022-10-10 18:10:48','订单回调','人工操作'),(500,NULL,0,'BD20221010181111A8TY6','112.96.179.22','2022-10-10 18:12:56','2022-10-10 18:12:56','订单回调','App自动回调'),(501,NULL,1,'XF202210101805026659','1.46.6.225','2022-10-10 18:13:52','2022-10-10 18:13:52','订单回调','人工操作'),(502,NULL,0,'BD20221010181643QXVJO','112.96.179.22','2022-10-10 18:18:52','2022-10-10 18:18:52','订单回调','App自动回调'),(503,NULL,115,'BD20221010180950SJPLM','112.96.179.22','2022-10-10 18:21:20','2022-10-10 18:21:20','订单回调','人工操作'),(504,NULL,0,'BD20221010183138YBBEY','112.96.179.22','2022-10-10 18:32:48','2022-10-10 18:32:48','订单回调','App自动回调'),(505,NULL,115,'BD20221010182245QCRUG','112.96.179.22','2022-10-10 18:34:32','2022-10-10 18:34:32','订单回调','人工操作'),(506,NULL,0,'BD20221010183445CPOHK','112.96.179.22','2022-10-10 18:35:43','2022-10-10 18:35:43','订单回调','App自动回调'),(507,NULL,1,'BD20221010170755QLN6W','1.46.6.225','2022-10-10 18:38:31','2022-10-10 18:38:31','订单回调','人工操作'),(508,NULL,0,'BD20221010184157JDHPP','112.96.179.22','2022-10-10 18:43:21','2022-10-10 18:43:21','订单回调','App自动回调'),(509,NULL,0,'BD20221010185140KMKST','112.96.179.22','2022-10-10 18:52:27','2022-10-10 18:52:27','订单回调','App自动回调'),(510,NULL,0,'BD20221010185301QIPA6','112.96.179.22','2022-10-10 18:54:40','2022-10-10 18:54:40','订单回调','App自动回调'),(511,NULL,0,'BD20221010185727RZHEO','112.96.179.22','2022-10-10 18:58:52','2022-10-10 18:58:52','订单回调','App自动回调'),(512,NULL,1,'XF202210101835495539','1.46.6.225','2022-10-10 19:13:07','2022-10-10 19:13:07','订单回调','人工操作'),(513,NULL,112,'BD202210101853148NN4G','223.104.110.41','2022-10-10 19:14:48','2022-10-10 19:14:48','订单回调','人工操作'),(514,NULL,0,'BD20221010191357IMHZQ','112.96.179.22','2022-10-10 19:16:06','2022-10-10 19:16:06','订单回调','App自动回调'),(515,NULL,115,'BD20221010190610KTTZ8','112.96.179.22','2022-10-10 19:22:44','2022-10-10 19:22:44','订单回调','人工操作'),(516,NULL,0,'BD20221010192204KG22P','112.96.179.22','2022-10-10 19:24:17','2022-10-10 19:24:17','订单回调','App自动回调'),(517,NULL,0,'BD202210101926366DUNG','112.96.179.22','2022-10-10 19:28:22','2022-10-10 19:28:22','订单回调','App自动回调'),(518,NULL,1,'H2000584221010161511713661500','1.46.6.225','2022-10-10 19:29:56','2022-10-10 19:29:56','订单回调','人工操作'),(519,NULL,0,'BD202210101930435YK69','112.96.179.22','2022-10-10 19:32:13','2022-10-10 19:32:13','订单回调','App自动回调'),(520,NULL,1,'H2000584221010161752242661400','1.46.6.225','2022-10-10 19:32:47','2022-10-10 19:32:47','订单回调','人工操作'),(521,NULL,0,'BD20221010193132PCXDM','112.96.179.22','2022-10-10 19:33:26','2022-10-10 19:33:26','订单回调','App自动回调'),(522,NULL,0,'BD20221010193327KQCN8','112.96.179.22','2022-10-10 19:34:54','2022-10-10 19:34:54','订单回调','App自动回调'),(523,NULL,115,'BD20221010192630KNT3P','112.96.179.22','2022-10-10 19:39:18','2022-10-10 19:39:18','订单回调','人工操作'),(524,NULL,115,'BD202210101918285XTYE','112.96.179.22','2022-10-10 19:42:39','2022-10-10 19:42:39','订单回调','人工操作'),(525,NULL,0,'BD20221010194207MSLJH','112.96.179.22','2022-10-10 19:43:23','2022-10-10 19:43:23','订单回调','App自动回调'),(526,NULL,0,'BD202210101945167RTYU','112.96.179.22','2022-10-10 19:47:28','2022-10-10 19:47:28','订单回调','App自动回调'),(527,NULL,112,'BD20221010185834DPSFK','182.118.239.241','2022-10-10 19:47:40','2022-10-10 19:47:40','订单回调','人工操作'),(528,NULL,1,'H2000584221010164933857661500','1.46.6.225','2022-10-10 19:52:57','2022-10-10 19:52:57','订单回调','人工操作'),(529,NULL,1,'H2000584221010164930968661400','1.46.6.225','2022-10-10 19:53:46','2022-10-10 19:53:46','订单回调','人工操作'),(530,NULL,0,'BD20221010195211SZOJT','112.96.179.22','2022-10-10 19:54:00','2022-10-10 19:54:00','订单回调','App自动回调'),(531,NULL,1,'XF202210101951590236','1.46.6.225','2022-10-10 19:55:39','2022-10-10 19:55:39','订单回调','人工操作'),(532,NULL,0,'BD20221010200139QOOSO','112.96.179.22','2022-10-10 20:02:40','2022-10-10 20:02:40','订单回调','App自动回调'),(533,NULL,0,'BD20221010200248JDF3V','112.96.179.22','2022-10-10 20:05:40','2022-10-10 20:05:40','订单回调','App自动回调'),(534,NULL,0,'BD202210102004031GHU9','112.96.179.22','2022-10-10 20:06:08','2022-10-10 20:06:08','订单回调','App自动回调'),(535,NULL,0,'BD20221010200325AP5OT','112.96.179.22','2022-10-10 20:07:22','2022-10-10 20:07:22','订单回调','App自动回调'),(536,NULL,0,'BD202210102007230RCRW','112.96.179.22','2022-10-10 20:09:14','2022-10-10 20:09:14','订单回调','App自动回调'),(537,NULL,0,'BD20221010201046R0YZE','112.96.179.22','2022-10-10 20:11:54','2022-10-10 20:11:54','订单回调','App自动回调'),(538,NULL,0,'BD20221010201354QN1JJ','112.96.179.22','2022-10-10 20:15:26','2022-10-10 20:15:26','订单回调','App自动回调'),(539,NULL,0,'BD20221010201523SJEPF','112.96.179.22','2022-10-10 20:16:16','2022-10-10 20:16:16','订单回调','App自动回调'),(540,NULL,0,'BD20221010201725KVEYU','112.96.179.22','2022-10-10 20:18:21','2022-10-10 20:18:21','订单回调','App自动回调'),(541,NULL,1,'H2000584221010170349568661600','1.46.6.225','2022-10-10 20:25:34','2022-10-10 20:25:34','订单回调','人工操作'),(542,NULL,0,'BD202210102025061PWF7','112.96.179.22','2022-10-10 20:26:32','2022-10-10 20:26:32','订单回调','App自动回调'),(543,NULL,0,'BD20221010202945Z94RF','112.96.179.22','2022-10-10 20:31:09','2022-10-10 20:31:09','订单回调','App自动回调'),(544,NULL,0,'BD20221010203213G90SR','112.96.179.22','2022-10-10 20:33:10','2022-10-10 20:33:10','订单回调','App自动回调'),(545,NULL,0,'BD20221010204929MMIQR','112.96.179.22','2022-10-10 20:50:41','2022-10-10 20:50:41','订单回调','App自动回调'),(546,NULL,0,'BD20221010210224T5I2E','112.96.179.22','2022-10-10 21:03:28','2022-10-10 21:03:28','订单回调','App自动回调'),(547,NULL,115,'BD20221010194646CXJOQ','112.96.179.22','2022-10-10 21:04:37','2022-10-10 21:04:37','订单回调','人工操作'),(548,NULL,112,'BD20221010210529JHISW','182.118.239.241','2022-10-10 21:13:43','2022-10-10 21:13:43','订单回调','人工操作'),(549,NULL,0,'BD202210102112203M5IV','112.97.249.252','2022-10-10 21:14:10','2022-10-10 21:14:10','订单回调','App自动回调'),(550,NULL,0,'BD20221010212001UPDOH','112.97.249.252','2022-10-10 21:20:55','2022-10-10 21:20:55','订单回调','App自动回调'),(551,NULL,115,'BD20221010205529VAKI7','112.97.249.252','2022-10-10 21:21:26','2022-10-10 21:21:26','订单回调','人工操作'),(552,NULL,112,'BD20221010185156ICPYW','182.118.239.241','2022-10-10 21:25:41','2022-10-10 21:25:41','订单回调','人工操作'),(553,NULL,115,'BD20221010211011HSCBK','112.97.249.252','2022-10-10 21:26:46','2022-10-10 21:26:46','订单回调','人工操作'),(554,NULL,112,'BD20221010211731HI5VY','182.118.239.241','2022-10-10 21:33:11','2022-10-10 21:33:11','订单回调','人工操作'),(555,NULL,112,'BD20221010212026BJFEX','182.118.239.241','2022-10-10 21:37:29','2022-10-10 21:37:29','订单回调','人工操作'),(556,NULL,1,'H2000584221010183855776661800','1.46.6.225','2022-10-10 21:40:18','2022-10-10 21:40:18','订单驳回','人工操作'),(557,NULL,115,'BD20221010213606TRYEH','112.97.249.252','2022-10-10 21:42:00','2022-10-10 21:42:00','订单回调','人工操作'),(558,NULL,0,'BD20221010213853CAWUE','112.97.249.252','2022-10-10 21:45:13','2022-10-10 21:45:13','订单回调','App自动回调'),(559,NULL,1,'H2000584221010190418308661500','1.46.6.225','2022-10-10 21:48:45','2022-10-10 21:48:45','订单回调','人工操作'),(560,NULL,1,'H2000584221010190932368661300','1.46.6.225','2022-10-10 21:49:04','2022-10-10 21:49:04','订单回调','人工操作'),(561,NULL,0,'BD20221010214602M2IK5','112.97.249.252','2022-10-10 21:49:51','2022-10-10 21:49:51','订单回调','App自动回调'),(562,NULL,0,'BD20221010214721FWRLP','112.97.249.252','2022-10-10 21:50:29','2022-10-10 21:50:29','订单回调','App自动回调'),(563,NULL,0,'BD20221010215017VCWCZ','112.97.249.252','2022-10-10 21:51:29','2022-10-10 21:51:29','订单回调','App自动回调'),(564,NULL,0,'BD202210102151137J2SJ','112.97.249.252','2022-10-10 21:52:18','2022-10-10 21:52:18','订单回调','App自动回调'),(565,NULL,1,'H2000584221010190433306661700','1.46.6.225','2022-10-10 21:52:52','2022-10-10 21:52:52','订单回调','人工操作'),(566,NULL,0,'BD2022101021523246JG3','112.97.249.252','2022-10-10 21:53:18','2022-10-10 21:53:18','订单回调','App自动回调'),(567,NULL,115,'BD20221010214328JLEVU','112.97.249.252','2022-10-10 21:53:31','2022-10-10 21:53:31','订单回调','人工操作'),(568,NULL,0,'BD20221010215133CREMQ','112.97.249.252','2022-10-10 21:53:48','2022-10-10 21:53:48','订单回调','App自动回调'),(569,NULL,0,'BD202210102156396SSQ6','112.97.249.252','2022-10-10 21:57:44','2022-10-10 21:57:44','订单回调','App自动回调'),(570,NULL,0,'BD202210102156279QVIT','112.97.249.252','2022-10-10 21:57:53','2022-10-10 21:57:53','订单回调','App自动回调'),(571,NULL,0,'BD20221010215626F2VE2','112.97.249.252','2022-10-10 21:59:00','2022-10-10 21:59:00','订单回调','App自动回调'),(572,NULL,0,'BD20221010215807YNI8K','112.97.249.252','2022-10-10 21:59:28','2022-10-10 21:59:28','订单回调','App自动回调'),(573,NULL,0,'BD20221010215715I2O8Y','112.97.249.252','2022-10-10 22:00:02','2022-10-10 22:00:02','订单回调','App自动回调'),(574,NULL,0,'BD202210102158400TJXR','112.97.249.252','2022-10-10 22:00:09','2022-10-10 22:00:09','订单回调','App自动回调'),(575,NULL,0,'BD20221010215916BLQYV','112.97.249.252','2022-10-10 22:00:43','2022-10-10 22:00:43','订单回调','App自动回调'),(576,NULL,0,'BD20221010215917ZKTWQ','112.97.249.252','2022-10-10 22:00:46','2022-10-10 22:00:46','订单回调','App自动回调'),(577,NULL,112,'BD20221010214114QAGRY','182.118.239.241','2022-10-10 22:00:47','2022-10-10 22:00:47','订单回调','人工操作'),(578,NULL,0,'BD20221010215755Z5BJV','112.97.249.252','2022-10-10 22:00:58','2022-10-10 22:00:58','订单回调','App自动回调'),(579,NULL,0,'BD20221010215820E2SUI','112.97.249.252','2022-10-10 22:01:40','2022-10-10 22:01:40','订单回调','App自动回调'),(580,NULL,115,'BD20221010214651XYHXW','112.97.249.252','2022-10-10 22:01:54','2022-10-10 22:01:54','订单回调','人工操作'),(581,NULL,112,'BD202210102142115UUQI','182.118.239.241','2022-10-10 22:03:58','2022-10-10 22:03:58','订单回调','人工操作'),(582,NULL,1,'H2000584221010191746580661300','1.46.6.225','2022-10-10 22:06:17','2022-10-10 22:06:17','订单回调','人工操作'),(583,NULL,1,'H2000584221010191818434661400','1.46.6.225','2022-10-10 22:06:50','2022-10-10 22:06:50','订单回调','人工操作'),(584,NULL,112,'BD20221010214348BNLK9','182.118.239.241','2022-10-10 22:07:14','2022-10-10 22:07:14','订单回调','人工操作'),(585,NULL,115,'BD20221010191653SVYUU','112.97.249.252','2022-10-10 22:08:34','2022-10-10 22:08:34','订单回调','人工操作'),(586,NULL,0,'BD20221010221041MEBVL','112.97.249.252','2022-10-10 22:12:04','2022-10-10 22:12:04','订单回调','App自动回调'),(587,NULL,0,'BD20221010221012IXJ9H','112.97.249.252','2022-10-10 22:12:23','2022-10-10 22:12:23','订单回调','App自动回调'),(588,NULL,0,'BD202210102210451LW7P','112.97.249.252','2022-10-10 22:12:32','2022-10-10 22:12:32','订单回调','App自动回调'),(589,NULL,115,'BD20221010214725P5QD6','112.97.249.252','2022-10-10 22:12:34','2022-10-10 22:12:34','订单回调','人工操作'),(590,NULL,0,'BD202210102211220ZMLP','112.97.249.252','2022-10-10 22:13:09','2022-10-10 22:13:09','订单回调','App自动回调'),(591,NULL,0,'BD20221010221149F93KI','112.97.249.252','2022-10-10 22:13:14','2022-10-10 22:13:14','订单回调','App自动回调'),(592,NULL,0,'BD20221010221208N0YCM','112.97.249.252','2022-10-10 22:13:29','2022-10-10 22:13:29','订单回调','App自动回调'),(593,NULL,0,'BD20221010221236Y9HRF','112.97.249.252','2022-10-10 22:13:33','2022-10-10 22:13:33','订单回调','App自动回调'),(594,NULL,0,'BD20221010221120VOSCG','112.97.249.252','2022-10-10 22:13:43','2022-10-10 22:13:43','订单回调','App自动回调'),(595,NULL,0,'BD20221010221204OFGFL','112.97.249.252','2022-10-10 22:14:10','2022-10-10 22:14:10','订单回调','App自动回调'),(596,NULL,0,'BD20221010221438DDIPQ','112.97.249.252','2022-10-10 22:15:50','2022-10-10 22:15:50','订单回调','App自动回调'),(597,NULL,0,'BD20221010221426SXMFO','112.97.249.252','2022-10-10 22:16:36','2022-10-10 22:16:36','订单回调','App自动回调'),(598,NULL,0,'BD202210102215397UQT7','112.97.249.252','2022-10-10 22:16:53','2022-10-10 22:16:53','订单回调','App自动回调'),(599,NULL,0,'BD20221010221655WESX1','112.97.249.252','2022-10-10 22:18:45','2022-10-10 22:18:45','订单回调','App自动回调'),(600,NULL,0,'BD202210102218222QZ8W','112.97.249.252','2022-10-10 22:20:39','2022-10-10 22:20:39','订单回调','App自动回调'),(601,NULL,0,'BD2022101022192341AEY','112.97.249.252','2022-10-10 22:21:32','2022-10-10 22:21:32','订单回调','App自动回调'),(602,NULL,0,'BD202210102219558G7YD','112.97.249.252','2022-10-10 22:22:37','2022-10-10 22:22:37','订单回调','App自动回调'),(603,NULL,1,'H2000584221010194543943661500','1.47.139.9','2022-10-10 22:27:03','2022-10-10 22:27:03','订单回调','人工操作'),(604,NULL,1,'H2000584221010194542678661600','1.47.139.9','2022-10-10 22:27:06','2022-10-10 22:27:06','订单回调','人工操作'),(605,NULL,0,'BD20221010222014I9QBZ','112.97.249.252','2022-10-10 22:27:58','2022-10-10 22:27:58','订单回调','App自动回调'),(606,NULL,115,'BD20221010221857Y0O4M','112.97.249.252','2022-10-10 22:29:05','2022-10-10 22:29:05','订单回调','人工操作'),(607,NULL,115,'BD20221010221654FA2NT','112.97.249.252','2022-10-10 22:33:30','2022-10-10 22:33:30','订单回调','人工操作'),(608,NULL,115,'BD20221010221739SDUZP','112.97.249.252','2022-10-10 22:42:45','2022-10-10 22:42:45','订单回调','人工操作'),(609,NULL,115,'BD20221010220018PM6Y0','112.97.249.252','2022-10-10 22:44:20','2022-10-10 22:44:20','订单回调','人工操作'),(610,NULL,103,'H2000584221010204835642661700','84.17.34.104','2022-10-10 22:44:59','2022-10-10 22:44:59','订单回调','人工操作'),(611,NULL,103,'H2000584221010204939009661500','84.17.34.104','2022-10-10 22:45:01','2022-10-10 22:45:01','订单回调','人工操作'),(612,NULL,103,'H2000584221010205118226661500','84.17.34.104','2022-10-10 22:45:04','2022-10-10 22:45:04','订单回调','人工操作'),(613,NULL,103,'H2000584221010211533497661600','84.17.34.104','2022-10-10 22:55:31','2022-10-10 22:55:31','订单回调','人工操作'),(614,NULL,0,'BD20221010225418I8QF5','112.97.249.252','2022-10-10 22:56:02','2022-10-10 22:56:02','订单回调','App自动回调'),(615,NULL,0,'BD20221010225521V7WPD','112.97.249.252','2022-10-10 22:57:11','2022-10-10 22:57:11','订单回调','App自动回调'),(616,NULL,0,'BD20221010225655QQZDF','112.97.249.252','2022-10-10 22:59:58','2022-10-10 22:59:58','订单回调','App自动回调'),(617,NULL,0,'BD20221010230149XUO3X','112.97.249.252','2022-10-10 23:05:28','2022-10-10 23:05:28','订单回调','App自动回调'),(618,NULL,0,'BD20221010230251IMXKJ','112.97.249.252','2022-10-10 23:06:05','2022-10-10 23:06:05','订单回调','App自动回调'),(619,NULL,115,'BD20221010225310F6DLV','112.97.249.252','2022-10-10 23:06:20','2022-10-10 23:06:20','订单回调','人工操作'),(620,NULL,0,'BD20221010230842EQ9RR','112.97.249.252','2022-10-10 23:09:43','2022-10-10 23:09:43','订单回调','App自动回调'),(621,NULL,112,'BD20221010225238XVTRS','182.118.239.241','2022-10-10 23:10:05','2022-10-10 23:10:05','订单回调','人工操作'),(622,NULL,112,'BD20221010225639JWKFZ','182.118.239.241','2022-10-10 23:12:33','2022-10-10 23:12:33','订单回调','人工操作'),(623,NULL,0,'BD20221010231133932TQ','112.97.249.252','2022-10-10 23:12:50','2022-10-10 23:12:50','订单回调','App自动回调'),(624,NULL,112,'BD20221010225321WC4Y0','182.118.239.241','2022-10-10 23:14:36','2022-10-10 23:14:36','订单回调','人工操作'),(625,NULL,112,'BD20221010231100ITY6C','182.118.239.241','2022-10-10 23:20:44','2022-10-10 23:20:44','订单回调','人工操作'),(626,NULL,0,'BD20221010231903EQCK5','112.97.249.252','2022-10-10 23:20:55','2022-10-10 23:20:55','订单回调','App自动回调'),(627,NULL,0,'BD20221010232037JHABZ','112.97.249.252','2022-10-10 23:21:42','2022-10-10 23:21:42','订单回调','App自动回调'),(628,NULL,112,'BD20221010231550HSBG5','182.118.239.241','2022-10-10 23:22:21','2022-10-10 23:22:21','订单回调','人工操作'),(629,NULL,112,'BD20221010231251Q3IO2','182.118.239.241','2022-10-10 23:23:22','2022-10-10 23:23:22','订单回调','人工操作'),(630,NULL,0,'BD20221010232303FYOFM','112.97.249.252','2022-10-10 23:24:13','2022-10-10 23:24:13','订单回调','App自动回调'),(631,NULL,112,'BD20221010231955TV1EN','182.118.239.241','2022-10-10 23:24:32','2022-10-10 23:24:32','订单回调','人工操作'),(632,NULL,103,'H2000584221010214842661661300','84.17.34.104','2022-10-10 23:31:07','2022-10-10 23:31:07','订单回调','人工操作'),(633,NULL,103,'H2000584221010214811638661700','84.17.34.104','2022-10-10 23:33:11','2022-10-10 23:33:11','订单回调','人工操作'),(634,NULL,103,'H2000584221010214949658661600','84.17.34.104','2022-10-10 23:33:41','2022-10-10 23:33:41','订单回调','人工操作'),(635,NULL,112,'BD20221010232832LRQQ7','182.118.239.241','2022-10-10 23:33:47','2022-10-10 23:33:47','订单回调','人工操作'),(636,NULL,103,'H2000584221010214825293661800','84.17.34.104','2022-10-10 23:35:22','2022-10-10 23:35:22','订单回调','人工操作'),(637,NULL,0,'BD202210102337205Y6J1','112.97.249.252','2022-10-10 23:39:09','2022-10-10 23:39:09','订单回调','App自动回调'),(638,NULL,0,'BD20221010234009MIDGE','112.97.249.252','2022-10-10 23:41:57','2022-10-10 23:41:57','订单回调','App自动回调'),(639,NULL,112,'BD20221010233751HTDLM','182.118.239.241','2022-10-10 23:43:56','2022-10-10 23:43:56','订单回调','人工操作'),(640,NULL,112,'BD20221010233847RDIC6','182.118.239.241','2022-10-10 23:45:04','2022-10-10 23:45:04','订单回调','人工操作'),(641,NULL,0,'BD20221010234347BPKX6','112.97.249.252','2022-10-10 23:45:28','2022-10-10 23:45:28','订单回调','App自动回调'),(642,NULL,0,'BD20221010234434V0WNJ','112.96.179.22','2022-10-10 23:46:57','2022-10-10 23:46:57','订单回调','App自动回调'),(643,NULL,0,'BD20221010234601AKUC0','112.97.249.252','2022-10-10 23:48:03','2022-10-10 23:48:03','订单回调','App自动回调'),(644,NULL,0,'BD20221010234907OTXWC','112.97.249.252','2022-10-10 23:50:56','2022-10-10 23:50:56','订单回调','App自动回调'),(645,NULL,112,'BD20221010234549PGW7H','182.118.239.241','2022-10-10 23:51:14','2022-10-10 23:51:14','订单回调','人工操作'),(646,NULL,112,'BD20221010234442BGLTQ','182.118.239.241','2022-10-10 23:51:33','2022-10-10 23:51:33','订单回调','人工操作'),(647,NULL,112,'BD20221010234225UM3UN','182.118.238.42','2022-10-10 23:52:26','2022-10-10 23:52:26','订单回调','人工操作'),(648,NULL,0,'BD20221010235141AQE4L','112.97.249.252','2022-10-10 23:53:31','2022-10-10 23:53:31','订单回调','App自动回调'),(649,NULL,0,'BD20221010235143HD8M8','112.97.249.252','2022-10-10 23:53:55','2022-10-10 23:53:55','订单回调','App自动回调'),(650,NULL,112,'BD20221010235142XGYFL','182.118.238.42','2022-10-10 23:53:59','2022-10-10 23:53:59','订单回调','人工操作'),(651,NULL,112,'BD20221010235138XZNLI','182.118.238.42','2022-10-10 23:55:34','2022-10-10 23:55:34','订单回调','人工操作'),(652,NULL,112,'BD20221010235415XIL7L','182.118.238.42','2022-10-10 23:56:03','2022-10-10 23:56:03','订单回调','人工操作'),(653,NULL,103,'H2000584221010221253016661600','84.17.34.104','2022-10-10 23:57:02','2022-10-10 23:57:02','订单回调','人工操作'),(654,NULL,112,'BD20221010235509HYU5R','182.118.238.42','2022-10-10 23:57:09','2022-10-10 23:57:09','订单回调','人工操作'),(655,NULL,0,'BD20221010235623COSJR','112.97.249.252','2022-10-10 23:57:20','2022-10-10 23:57:20','订单回调','App自动回调'),(656,NULL,0,'BD202210102355156HWGK','112.97.249.252','2022-10-10 23:57:22','2022-10-10 23:57:22','订单回调','App自动回调'),(657,NULL,112,'BD20221010235204Y5QLR','182.118.238.42','2022-10-10 23:57:58','2022-10-10 23:57:58','订单回调','人工操作'),(658,NULL,0,'BD20221010235658ZIAAO','112.97.249.252','2022-10-10 23:58:45','2022-10-10 23:58:45','订单回调','App自动回调'),(659,NULL,0,'BD20221010235731ED2V0','112.97.249.252','2022-10-10 23:59:31','2022-10-10 23:59:31','订单回调','App自动回调'),(660,NULL,112,'BD20221010235736UXUUI','182.118.238.42','2022-10-10 23:59:32','2022-10-10 23:59:32','订单回调','人工操作'),(661,NULL,0,'BD20221011000231NNHMD','112.97.249.252','2022-10-11 00:03:17','2022-10-11 00:03:17','订单回调','App自动回调'),(662,NULL,115,'BD202210102353479JNTJ','112.97.249.252','2022-10-11 00:03:59','2022-10-11 00:03:59','订单回调','人工操作'),(663,NULL,0,'BD20221011000333UCS9N','112.97.249.252','2022-10-11 00:04:44','2022-10-11 00:04:44','订单回调','App自动回调'),(664,NULL,0,'BD20221011000149VCFCQ','112.97.249.252','2022-10-11 00:06:03','2022-10-11 00:06:03','订单回调','App自动回调'),(665,NULL,112,'BD20221011000234OFTDF','182.118.233.74','2022-10-11 00:06:14','2022-10-11 00:06:14','订单回调','人工操作'),(666,NULL,0,'BD20221011000429D0NAZ','112.97.249.252','2022-10-11 00:06:15','2022-10-11 00:06:15','订单回调','App自动回调'),(667,NULL,112,'BD20221010235935KMJBA','182.118.233.74','2022-10-11 00:07:04','2022-10-11 00:07:04','订单回调','人工操作'),(668,NULL,0,'BD20221011000559AA71W','112.97.249.252','2022-10-11 00:07:10','2022-10-11 00:07:10','订单回调','App自动回调'),(669,NULL,115,'BD20221011000006HEK4I','112.97.249.252','2022-10-11 00:07:14','2022-10-11 00:07:14','订单回调','人工操作'),(670,NULL,0,'BD20221011000725BS7OY','112.96.179.22','2022-10-11 00:08:30','2022-10-11 00:08:30','订单回调','App自动回调'),(671,NULL,0,'BD202210110010149YIP6','112.96.179.22','2022-10-11 00:11:08','2022-10-11 00:11:08','订单回调','App自动回调'),(672,NULL,0,'BD20221011001322K2LDG','112.96.179.22','2022-10-11 00:19:12','2022-10-11 00:19:12','订单回调','App自动回调'),(673,NULL,112,'BD20221011000220WG2QK','182.118.233.74','2022-10-11 00:20:30','2022-10-11 00:20:30','订单回调','人工操作'),(674,NULL,112,'BD20221011000136DXYJF','182.118.233.74','2022-10-11 00:23:32','2022-10-11 00:23:32','订单回调','人工操作'),(675,NULL,112,'BD20221011001141CDMMM','182.118.233.74','2022-10-11 00:30:03','2022-10-11 00:30:03','订单回调','人工操作'),(676,NULL,112,'BD2022101023565245XNK','182.118.237.20','2022-10-11 00:33:21','2022-10-11 00:33:21','订单回调','人工操作'),(677,NULL,103,'H2000584221010183640964661700','84.17.34.104','2022-10-11 00:55:33','2022-10-11 00:55:33','订单驳回','人工操作'),(678,NULL,115,'BD20221011000345ZUEIT','112.96.179.22','2022-10-11 00:57:57','2022-10-11 00:57:57','订单回调','人工操作'),(679,NULL,103,'H2000584221010225444404661500','84.17.34.104','2022-10-11 01:10:50','2022-10-11 01:10:50','订单回调','人工操作'),(680,NULL,115,'BD20221011012147JQCPZ','120.197.197.60','2022-10-11 01:27:56','2022-10-11 01:27:56','订单回调','人工操作'),(681,NULL,103,'H2000584221010184022873661400','84.17.34.104','2022-10-11 01:29:12','2022-10-11 01:29:12','订单回调','人工操作'),(682,NULL,115,'BD20221011000223HQVLR','120.197.197.60','2022-10-11 01:42:23','2022-10-11 01:42:23','订单回调','人工操作'),(683,NULL,0,'BD20221011015724LGMEU','120.197.197.60','2022-10-11 01:59:16','2022-10-11 01:59:16','订单回调','App自动回调'),(684,NULL,112,'BD20221011014740DZMWI','182.118.237.41','2022-10-11 01:59:25','2022-10-11 01:59:25','订单回调','人工操作'),(685,NULL,112,'BD202210110208485QNRD','182.118.237.41','2022-10-11 02:22:11','2022-10-11 02:22:11','订单回调','人工操作'),(686,NULL,112,'BD20221011021829AULM6','182.118.237.41','2022-10-11 02:29:42','2022-10-11 02:29:42','订单回调','人工操作'),(687,NULL,115,'BD20221011014604EP5M0','120.197.197.60','2022-10-11 02:37:05','2022-10-11 02:37:05','订单回调','人工操作'),(688,NULL,112,'BD20221011022844AIXAU','182.118.237.41','2022-10-11 02:41:35','2022-10-11 02:41:35','订单回调','人工操作'),(689,NULL,0,'BD202210110252023FLNM','120.197.197.60','2022-10-11 02:53:51','2022-10-11 02:53:51','订单回调','App自动回调'),(690,NULL,103,'H2000584221011010424715661500','84.17.34.104','2022-10-11 03:03:48','2022-10-11 03:03:48','订单回调','人工操作'),(691,NULL,112,'BD20221011025905L9SQL','182.118.237.41','2022-10-11 03:05:47','2022-10-11 03:05:47','订单回调','人工操作'),(692,NULL,0,'BD20221011031515WNHF7','120.197.197.25','2022-10-11 03:16:58','2022-10-11 03:16:58','订单回调','App自动回调'),(693,NULL,115,'BD202210110221126FAIV','120.197.197.25','2022-10-11 03:18:41','2022-10-11 03:18:41','订单回调','人工操作'),(694,NULL,115,'BD202210110305198V04Q','120.197.197.25','2022-10-11 03:19:21','2022-10-11 03:19:21','订单回调','人工操作'),(695,NULL,0,'BD20221011032049NGRQN','120.197.197.25','2022-10-11 03:21:59','2022-10-11 03:21:59','订单回调','App自动回调'),(696,NULL,0,'BD20221011032259IQOYN','120.197.197.25','2022-10-11 03:24:06','2022-10-11 03:24:06','订单回调','App自动回调'),(697,NULL,112,'BD20221011031515BCNVJ','182.118.237.41','2022-10-11 03:26:47','2022-10-11 03:26:47','订单回调','人工操作'),(698,NULL,0,'BD20221011032850FPN1Q','120.197.197.25','2022-10-11 03:29:46','2022-10-11 03:29:46','订单回调','App自动回调'),(699,NULL,0,'BD20221011033133CURHZ','120.197.197.60','2022-10-11 03:32:31','2022-10-11 03:32:31','订单回调','App自动回调'),(700,NULL,112,'BD202210110320344KGMI','182.118.237.41','2022-10-11 03:37:37','2022-10-11 03:37:37','订单回调','人工操作'),(701,NULL,115,'BD20221011033518BAAEI','120.197.197.25','2022-10-11 03:38:03','2022-10-11 03:38:03','订单回调','人工操作'),(702,NULL,112,'BD20221011033035ERR6Z','182.118.237.41','2022-10-11 03:45:17','2022-10-11 03:45:17','订单回调','人工操作'),(703,NULL,103,'H2000584221011001611313661700','84.17.34.104','2022-10-11 03:45:21','2022-10-11 03:45:21','订单回调','人工操作'),(704,NULL,112,'BD20221011034206ZKIYI','182.118.237.41','2022-10-11 03:48:11','2022-10-11 03:48:11','订单回调','人工操作'),(705,NULL,0,'BD20221011035521E4F1O','120.197.197.58','2022-10-11 03:56:56','2022-10-11 03:56:56','订单回调','App自动回调'),(706,NULL,112,'BD20221011033439TCR5P','182.118.237.41','2022-10-11 03:57:06','2022-10-11 03:57:06','订单回调','人工操作'),(707,NULL,0,'BD20221011035655HTNO7','120.197.197.58','2022-10-11 03:58:07','2022-10-11 03:58:07','订单回调','App自动回调'),(708,NULL,0,'BD202210110400019L3PP','120.197.197.58','2022-10-11 04:03:02','2022-10-11 04:03:02','订单回调','App自动回调'),(709,NULL,112,'BD20221011035056DWCXL','182.118.237.41','2022-10-11 04:10:05','2022-10-11 04:10:05','订单回调','人工操作'),(710,NULL,112,'BD202210110357365HLDE','182.118.237.41','2022-10-11 04:12:12','2022-10-11 04:12:12','订单回调','人工操作'),(711,NULL,103,'H2000584221011013114783661400','84.17.34.104','2022-10-11 04:13:07','2022-10-11 04:13:07','订单回调','人工操作'),(712,NULL,0,'BD20221011041833XIAHO','120.197.197.58','2022-10-11 04:20:39','2022-10-11 04:20:39','订单回调','App自动回调'),(713,NULL,112,'BD20221011042043NBKVI','182.118.237.41','2022-10-11 04:36:12','2022-10-11 04:36:12','订单回调','人工操作'),(714,NULL,0,'BD20221011043549M9CNR','120.197.197.58','2022-10-11 04:37:17','2022-10-11 04:37:17','订单回调','App自动回调'),(715,NULL,112,'BD202210110406472DXFN','182.118.237.41','2022-10-11 04:38:00','2022-10-11 04:38:00','订单回调','人工操作'),(716,NULL,112,'BD20221011043152854GV','182.118.237.41','2022-10-11 04:44:16','2022-10-11 04:44:16','订单回调','人工操作'),(717,NULL,0,'BD20221011044840PEE8B','120.197.197.58','2022-10-11 04:49:34','2022-10-11 04:49:34','订单回调','App自动回调'),(718,NULL,112,'BD2022101104532608DQW','182.118.237.41','2022-10-11 04:55:19','2022-10-11 04:55:19','订单回调','人工操作'),(719,NULL,0,'BD20221011050529B7YZ8','120.197.197.58','2022-10-11 05:07:12','2022-10-11 05:07:12','订单回调','App自动回调'),(720,NULL,103,'H2000584221011021719758661700','84.17.34.104','2022-10-11 05:08:28','2022-10-11 05:08:28','订单回调','人工操作'),(721,NULL,112,'BD202210110506052MHGK','182.118.237.41','2022-10-11 05:08:35','2022-10-11 05:08:35','订单回调','人工操作'),(722,NULL,103,'H2000584221011021918441661800','84.17.34.104','2022-10-11 05:13:54','2022-10-11 05:13:54','订单回调','人工操作'),(723,NULL,0,'BD20221011051733XYTER','120.197.197.58','2022-10-11 05:19:03','2022-10-11 05:19:03','订单回调','App自动回调'),(724,NULL,0,'BD20221011052037ZW9AX','120.197.197.58','2022-10-11 05:21:46','2022-10-11 05:21:46','订单回调','App自动回调'),(725,NULL,112,'BD20221011052302GC62C','182.118.237.41','2022-10-11 05:24:37','2022-10-11 05:24:37','订单回调','人工操作'),(726,NULL,0,'BD20221011053151N3SPO','120.197.197.58','2022-10-11 05:33:19','2022-10-11 05:33:19','订单回调','App自动回调'),(727,NULL,112,'BD202210110532042PGAW','182.118.237.41','2022-10-11 05:35:36','2022-10-11 05:35:36','订单回调','人工操作'),(728,NULL,0,'BD2022101105403930JVP','120.197.197.58','2022-10-11 05:43:07','2022-10-11 05:43:07','订单回调','App自动回调'),(729,NULL,0,'BD20221011055352SXNBY','120.197.197.58','2022-10-11 05:55:19','2022-10-11 05:55:19','订单回调','App自动回调'),(730,NULL,112,'BD20221011055230N7ZDV','182.118.237.41','2022-10-11 06:15:49','2022-10-11 06:15:49','订单回调','人工操作'),(731,NULL,115,'BD20221011063830VUGKG','120.197.197.58','2022-10-11 06:47:43','2022-10-11 06:47:43','订单回调','人工操作'),(732,NULL,112,'BD20221011065821MFL7O','182.118.237.41','2022-10-11 07:00:10','2022-10-11 07:00:10','订单回调','人工操作'),(733,NULL,103,'XF202210110700332007','84.17.34.104','2022-10-11 07:13:43','2022-10-11 07:13:43','订单回调','人工操作'),(734,NULL,0,'BD20221011071825RGEA0','120.197.197.58','2022-10-11 07:19:30','2022-10-11 07:19:30','订单回调','App自动回调'),(735,NULL,112,'BD20221011072213MDSZ7','182.118.237.41','2022-10-11 07:23:33','2022-10-11 07:23:33','订单回调','人工操作'),(736,NULL,0,'BD20221011072341BGHIP','120.197.197.58','2022-10-11 07:25:39','2022-10-11 07:25:39','订单回调','App自动回调'),(737,NULL,0,'BD20221011072823YQSE6','120.197.197.58','2022-10-11 07:29:06','2022-10-11 07:29:06','订单回调','App自动回调'),(738,NULL,112,'BD20221011072856I1AYP','182.118.237.41','2022-10-11 07:32:52','2022-10-11 07:32:52','订单回调','人工操作'),(739,NULL,0,'BD20221011074233FVNYS','120.197.197.58','2022-10-11 07:43:53','2022-10-11 07:43:53','订单回调','App自动回调'),(740,NULL,103,'XF202210110716217150','84.17.34.104','2022-10-11 07:45:48','2022-10-11 07:45:48','订单回调','人工操作'),(741,NULL,0,'BD20221011074435KAXYL','120.197.197.58','2022-10-11 07:46:46','2022-10-11 07:46:46','订单回调','App自动回调'),(742,NULL,0,'BD202210110746155THV2','120.197.197.58','2022-10-11 07:46:53','2022-10-11 07:46:53','订单回调','App自动回调'),(743,NULL,112,'BD20221011074455AJD4L','182.118.237.41','2022-10-11 07:47:47','2022-10-11 07:47:47','订单回调','人工操作'),(744,NULL,112,'BD202210110748192PHKF','182.118.237.41','2022-10-11 07:49:43','2022-10-11 07:49:43','订单回调','人工操作'),(745,NULL,0,'BD20221011075136IBFU6','120.197.197.58','2022-10-11 07:52:34','2022-10-11 07:52:34','订单回调','App自动回调'),(746,NULL,112,'BD20221011080207808UF','182.118.237.41','2022-10-11 08:03:49','2022-10-11 08:03:49','订单回调','人工操作'),(747,NULL,0,'BD20221011080618RP2PE','120.197.197.58','2022-10-11 08:19:09','2022-10-11 08:19:09','订单回调','App自动回调'),(748,NULL,0,'BD20221011081549MAXBS','120.197.197.58','2022-10-11 08:19:19','2022-10-11 08:19:19','订单回调','App自动回调'),(749,NULL,115,'BD20221011000312DFVNS','120.197.197.58','2022-10-11 08:21:37','2022-10-11 08:21:37','订单回调','人工操作'),(750,NULL,0,'BD20221011082046H9WEG','120.197.197.58','2022-10-11 08:22:14','2022-10-11 08:22:14','订单回调','App自动回调'),(751,NULL,0,'BD20221011082331TY83E','120.197.197.58','2022-10-11 08:24:28','2022-10-11 08:24:28','订单回调','App自动回调'),(752,NULL,0,'BD20221011082955ZBDCP','120.197.197.58','2022-10-11 08:31:00','2022-10-11 08:31:00','订单回调','App自动回调'),(753,NULL,112,'BD20221011080836MJQ8W','182.118.237.41','2022-10-11 08:31:59','2022-10-11 08:31:59','订单回调','人工操作'),(754,NULL,112,'BD20221011082235L7S5V','182.118.237.123','2022-10-11 08:36:24','2022-10-11 08:36:24','订单回调','人工操作'),(755,NULL,112,'BD20221011082739HRGWV','182.118.237.123','2022-10-11 08:42:24','2022-10-11 08:42:24','订单回调','人工操作'),(756,NULL,0,'BD20221011084136YGUFF','120.197.197.58','2022-10-11 08:42:48','2022-10-11 08:42:48','订单回调','App自动回调'),(757,NULL,0,'BD20221011084232DU25P','120.197.197.58','2022-10-11 08:44:50','2022-10-11 08:44:50','订单回调','App自动回调'),(758,NULL,0,'BD20221011084820IKO1A','120.197.197.58','2022-10-11 08:49:16','2022-10-11 08:49:16','订单回调','App自动回调'),(759,NULL,112,'BD20221011084206HJJWK','182.118.237.123','2022-10-11 08:55:10','2022-10-11 08:55:10','订单回调','人工操作'),(760,NULL,103,'XF202210110752390868','84.17.34.104','2022-10-11 08:56:44','2022-10-11 08:56:44','订单回调','人工操作'),(761,NULL,115,'BD20221011083837MRMXR','120.197.197.58','2022-10-11 08:57:33','2022-10-11 08:57:33','订单回调','人工操作'),(762,NULL,112,'BD20221011083948FVAEI','182.118.237.123','2022-10-11 08:57:41','2022-10-11 08:57:41','订单回调','人工操作'),(763,NULL,112,'BD202210110845347VSSN','182.118.237.123','2022-10-11 08:59:12','2022-10-11 08:59:12','订单回调','人工操作'),(764,NULL,112,'BD202210110834463ZGH3','182.118.237.123','2022-10-11 09:03:52','2022-10-11 09:03:52','订单回调','人工操作'),(765,NULL,0,'BD20221011090647O3PFH','112.97.249.252','2022-10-11 09:08:32','2022-10-11 09:08:32','订单回调','App自动回调'),(766,NULL,0,'BD202210110911345Y3V2','112.97.249.252','2022-10-11 09:12:16','2022-10-11 09:12:16','订单回调','App自动回调'),(767,NULL,103,'H2000584221011081415270661600','84.17.34.104','2022-10-11 09:19:55','2022-10-11 09:19:55','订单回调','人工操作'),(768,NULL,103,'H2000584221011081605660661400','84.17.34.104','2022-10-11 09:20:28','2022-10-11 09:20:28','订单回调','人工操作'),(769,NULL,0,'BD20221011092235FQPTH','120.197.197.58','2022-10-11 09:23:51','2022-10-11 09:23:51','订单回调','App自动回调'),(770,NULL,112,'BD20221011085409R1K2P','182.118.237.123','2022-10-11 09:27:37','2022-10-11 09:27:37','订单回调','人工操作'),(771,NULL,112,'BD20221011085822YIRPA','182.118.237.123','2022-10-11 09:31:50','2022-10-11 09:31:50','订单回调','人工操作'),(772,NULL,0,'BD20221011092907UY79O','112.97.249.252','2022-10-11 09:32:26','2022-10-11 09:32:26','订单回调','App自动回调'),(773,NULL,0,'BD20221011093101SM32U','112.97.249.252','2022-10-11 09:33:12','2022-10-11 09:33:12','订单回调','App自动回调'),(774,NULL,112,'BD20221011092300TII0V','182.118.237.123','2022-10-11 09:35:40','2022-10-11 09:35:40','订单回调','人工操作'),(775,NULL,0,'BD20221011093516CH0WT','112.97.249.252','2022-10-11 09:36:46','2022-10-11 09:36:46','订单回调','App自动回调'),(776,NULL,112,'BD20221011092722VOO4E','182.118.237.123','2022-10-11 09:39:20','2022-10-11 09:39:20','订单回调','人工操作'),(777,NULL,112,'BD20221011093019VCMT4','182.118.237.123','2022-10-11 09:42:55','2022-10-11 09:42:55','订单回调','人工操作'),(778,NULL,0,'BD20221011094425EFWQ2','112.97.249.252','2022-10-11 09:45:37','2022-10-11 09:45:37','订单回调','App自动回调'),(779,NULL,112,'BD20221011093552XMYOG','182.118.237.123','2022-10-11 09:49:58','2022-10-11 09:49:58','订单回调','人工操作'),(780,NULL,112,'BD20221011093155BQLTB','182.118.237.123','2022-10-11 09:53:44','2022-10-11 09:53:44','订单回调','人工操作'),(781,NULL,103,'XF202210110945492677','1.46.6.225','2022-10-11 10:04:03','2022-10-11 10:04:03','订单回调','人工操作'),(782,NULL,103,'H2000584221011091007997661700','1.46.6.225','2022-10-11 10:05:11','2022-10-11 10:05:11','订单回调','人工操作'),(783,NULL,103,'H2000584221011090937940661400','1.46.6.225','2022-10-11 10:06:04','2022-10-11 10:06:04','订单回调','人工操作'),(784,NULL,0,'BD20221011100904UE5A6','112.97.249.252','2022-10-11 10:10:10','2022-10-11 10:10:10','订单回调','App自动回调'),(785,NULL,115,'BD20221011095540JFFHJ','112.97.249.252','2022-10-11 10:10:45','2022-10-11 10:10:45','订单回调','人工操作'),(786,NULL,0,'BD202210111033348KTW6','112.97.249.252','2022-10-11 10:35:06','2022-10-11 10:35:06','订单回调','App自动回调'),(787,NULL,103,'H2000584221011093722345661300','1.46.6.225','2022-10-11 10:38:30','2022-10-11 10:38:30','订单回调','人工操作'),(788,NULL,112,'BD20221011102209E8JUR','182.118.237.123','2022-10-11 10:39:41','2022-10-11 10:39:41','订单回调','人工操作'),(789,NULL,103,'H2000584221011093746376661800','1.46.6.225','2022-10-11 10:41:25','2022-10-11 10:41:25','订单驳回','人工操作'),(790,NULL,112,'BD20221011103704YZ0XV','182.118.237.123','2022-10-11 10:44:57','2022-10-11 10:44:57','订单回调','人工操作'),(791,NULL,0,'BD20221011104954CZRYE','112.97.249.252','2022-10-11 10:51:28','2022-10-11 10:51:28','订单回调','App自动回调'),(792,NULL,0,'BD202210111051203A84T','112.97.249.252','2022-10-11 10:52:20','2022-10-11 10:52:20','订单回调','App自动回调'),(793,NULL,0,'BD202210111101396PTCE','112.97.249.252','2022-10-11 11:03:12','2022-10-11 11:03:12','订单回调','App自动回调'),(794,NULL,103,'XF202210111058140100','1.46.6.225','2022-10-11 11:04:40','2022-10-11 11:04:40','订单回调','人工操作'),(795,NULL,112,'BD20221011105010DL5MF','182.118.237.123','2022-10-11 11:04:55','2022-10-11 11:04:55','订单回调','人工操作'),(796,NULL,0,'BD20221011110910OXSW9','112.97.249.252','2022-10-11 11:10:12','2022-10-11 11:10:12','订单回调','App自动回调'),(797,NULL,28,'202210111108344296ATF','112.120.243.51','2022-10-11 11:17:41','2022-10-11 11:17:41','订单回调','人工操作'),(798,NULL,112,'BD20221011000438JNMWE','182.118.237.29','2022-10-11 11:21:07','2022-10-11 11:21:07','订单回调','人工操作'),(799,NULL,28,'202210111108344296ATF','112.120.243.51','2022-10-11 11:26:11','2022-10-11 11:26:11','订单回调','人工操作'),(800,NULL,115,'BD20221011112152PTH2P','112.97.249.252','2022-10-11 11:31:30','2022-10-11 11:31:30','订单回调','人工操作'),(801,NULL,112,'BD20221011112036L4FD6','182.118.237.29','2022-10-11 11:32:08','2022-10-11 11:32:08','订单回调','人工操作'),(802,NULL,28,'202210111108344296ATF','112.120.243.51','2022-10-11 11:34:03','2022-10-11 11:34:03','订单回调','人工操作'),(803,NULL,112,'BD20221011112201MRX3W','182.118.237.29','2022-10-11 11:34:27','2022-10-11 11:34:27','订单回调','人工操作'),(804,NULL,112,'BD20221011113149REYSA','182.118.237.29','2022-10-11 11:37:57','2022-10-11 11:37:57','订单回调','人工操作'),(805,NULL,115,'BD202210111005015YROP','112.97.249.252','2022-10-11 11:38:52','2022-10-11 11:38:52','订单回调','人工操作'),(806,NULL,28,'202210111108344296ATF','112.120.243.51','2022-10-11 11:39:23','2022-10-11 11:39:23','订单回调','人工操作'),(807,NULL,103,'H2000584221011103820674661600','1.46.6.225','2022-10-11 11:46:05','2022-10-11 11:46:05','订单回调','人工操作'),(808,NULL,0,'BD202210111145123LCVN','112.97.249.252','2022-10-11 11:46:14','2022-10-11 11:46:14','订单回调','App自动回调'),(809,NULL,103,'H2000584221011103945484661700','1.46.6.225','2022-10-11 11:46:17','2022-10-11 11:46:17','订单回调','人工操作'),(810,NULL,28,'20221011114705265J6IO','112.120.243.51','2022-10-11 11:49:39','2022-10-11 11:49:39','订单回调','人工操作'),(811,NULL,0,'BD20221011115533155DJ','112.97.249.252','2022-10-11 11:56:11','2022-10-11 11:56:11','订单回调','App自动回调'),(812,NULL,28,'20221011114705265J6IO','112.120.243.51','2022-10-11 11:59:21','2022-10-11 11:59:21','订单回调','人工操作'),(813,NULL,112,'BD20221011115214GZWQZ','182.118.233.14','2022-10-11 12:02:29','2022-10-11 12:02:29','订单回调','人工操作'),(814,NULL,112,'BD20221011120246SJKTP','182.118.233.14','2022-10-11 12:07:29','2022-10-11 12:07:29','订单回调','人工操作'),(815,NULL,115,'BD20221011115518D6JLO','120.197.197.69','2022-10-11 12:10:48','2022-10-11 12:10:48','订单回调','人工操作'),(816,NULL,115,'BD20221011120009RVDOL','120.197.197.69','2022-10-11 12:13:38','2022-10-11 12:13:38','订单回调','人工操作'),(817,NULL,115,'BD20221011115900RVY6Z','120.197.197.69','2022-10-11 12:15:08','2022-10-11 12:15:08','订单回调','人工操作'),(818,NULL,0,'20221011121439194FY2D','120.197.197.69','2022-10-11 12:17:05','2022-10-11 12:17:05','订单回调','App自动回调'),(819,NULL,0,'BD20221011123635ZYTIC','120.197.197.69','2022-10-11 12:39:28','2022-10-11 12:39:28','订单回调','App自动回调'),(820,NULL,115,'BD20221011123242NWLKE','120.197.197.69','2022-10-11 12:39:33','2022-10-11 12:39:33','订单回调','人工操作'),(821,NULL,112,'BD20221011123631AXAJK','182.118.233.14','2022-10-11 12:43:40','2022-10-11 12:43:40','订单回调','人工操作'),(822,NULL,112,'BD20221011124300HACLL','182.118.233.14','2022-10-11 12:46:17','2022-10-11 12:46:17','订单回调','人工操作'),(823,NULL,0,'BD20221011124449AULH9','120.197.197.69','2022-10-11 12:47:36','2022-10-11 12:47:36','订单回调','App自动回调'),(824,NULL,0,'BD20221011124802BWNRY','120.197.197.69','2022-10-11 12:49:52','2022-10-11 12:49:52','订单回调','App自动回调'),(825,NULL,112,'BD20221011125139GFA1B','182.118.233.14','2022-10-11 12:53:42','2022-10-11 12:53:42','订单回调','人工操作'),(826,NULL,0,'BD20221011125604PZ8GP','120.197.197.69','2022-10-11 12:57:27','2022-10-11 12:57:27','订单回调','App自动回调'),(827,NULL,115,'BD20221011120441HX4XO','120.197.197.69','2022-10-11 12:58:00','2022-10-11 12:58:00','订单回调','人工操作'),(828,NULL,112,'BD20221011130146ACQCS','182.118.233.14','2022-10-11 13:03:28','2022-10-11 13:03:28','订单回调','人工操作'),(829,NULL,103,'H2000584221011114057655661800','1.46.6.225','2022-10-11 13:08:43','2022-10-11 13:08:43','订单回调','人工操作'),(830,NULL,112,'BD20221011130446AMZJX','182.118.233.14','2022-10-11 13:08:56','2022-10-11 13:08:56','订单回调','人工操作'),(831,NULL,115,'BD20221011130223FLBZ8','112.97.249.252','2022-10-11 13:10:55','2022-10-11 13:10:55','订单回调','人工操作'),(832,NULL,112,'BD20221011095522NLVVC','182.118.233.14','2022-10-11 13:12:11','2022-10-11 13:12:11','订单回调','人工操作'),(833,NULL,0,'BD20221011131242ZKQS1','112.97.249.252','2022-10-11 13:14:27','2022-10-11 13:14:27','订单回调','App自动回调'),(834,NULL,103,'43113466711486','1.46.6.225','2022-10-11 13:20:03','2022-10-11 13:20:03','订单回调','人工操作'),(835,NULL,0,'BD20221011131849ZECXL','112.97.249.252','2022-10-11 13:20:22','2022-10-11 13:20:22','订单回调','App自动回调'),(836,NULL,103,'25038172596408','1.46.6.225','2022-10-11 13:20:36','2022-10-11 13:20:36','订单回调','人工操作'),(837,NULL,115,'BD20221011130539IB6Y8','112.97.249.252','2022-10-11 13:24:33','2022-10-11 13:24:33','订单回调','人工操作'),(838,NULL,0,'BD20221011132330EIULG','112.97.249.252','2022-10-11 13:26:04','2022-10-11 13:26:04','订单回调','App自动回调'),(839,NULL,0,'BD20221011132824FCLLB','112.97.249.252','2022-10-11 13:29:13','2022-10-11 13:29:13','订单回调','App自动回调'),(840,NULL,112,'BD20221011132510Y0A0H','182.118.233.14','2022-10-11 13:29:42','2022-10-11 13:29:42','订单回调','人工操作'),(841,NULL,112,'BD20221011133250Z6LQP','182.118.233.14','2022-10-11 13:34:54','2022-10-11 13:34:54','订单回调','人工操作'),(842,NULL,28,'67212893061608','112.120.243.51','2022-10-11 13:36:15','2022-10-11 13:36:15','卡商分配','人工操作'),(843,NULL,0,'BD20221011133812RQFGK','112.97.249.252','2022-10-11 13:39:53','2022-10-11 13:39:53','订单回调','App自动回调'),(844,NULL,112,'BD2022101113423089O4D','182.118.233.14','2022-10-11 13:44:59','2022-10-11 13:44:59','订单回调','人工操作'),(845,NULL,0,'BD20221011134320UPMMY','112.97.249.252','2022-10-11 13:45:20','2022-10-11 13:45:20','订单回调','App自动回调'),(846,NULL,103,'H2000584221011121631555661500','1.46.6.225','2022-10-11 13:48:30','2022-10-11 13:48:30','订单回调','人工操作'),(847,NULL,0,'BD20221011135207NZCPG','112.97.249.252','2022-10-11 13:58:39','2022-10-11 13:58:39','订单回调','App自动回调'),(848,NULL,103,'H2000584221011123137707661600','1.46.6.225','2022-10-11 14:01:21','2022-10-11 14:01:21','订单回调','人工操作'),(849,NULL,112,'BD20221011140521KG0TK','182.118.233.14','2022-10-11 14:08:11','2022-10-11 14:08:11','订单回调','人工操作'),(850,NULL,103,'H2000584221011130659539661800','1.46.6.225','2022-10-11 14:14:27','2022-10-11 14:14:27','订单回调','人工操作'),(851,NULL,112,'BD202210111418315UZLU','182.118.233.14','2022-10-11 14:20:23','2022-10-11 14:20:23','订单回调','人工操作'),(852,NULL,0,'BD20221011142009PB0HS','182.118.233.14','2022-10-11 14:21:29','2022-10-11 14:21:29','订单回调','App自动回调'),(853,NULL,0,'BD20221011142009PB0HS','182.118.233.14','2022-10-11 14:21:29','2022-10-11 14:21:29','订单回调','App自动回调'),(854,NULL,1,'67212893061608','1.46.153.123','2022-10-11 14:28:45','2022-10-11 14:28:45','订单驳回','人工操作'),(855,NULL,115,'BD20221011142617DU8UK','112.97.249.252','2022-10-11 14:31:11','2022-10-11 14:31:11','订单回调','人工操作'),(856,NULL,115,'BD20221011141912N4LZT','112.97.249.252','2022-10-11 14:31:27','2022-10-11 14:31:27','订单回调','人工操作'),(857,NULL,103,'H2000584221011132835214661300','1.46.6.225','2022-10-11 14:32:58','2022-10-11 14:32:58','订单回调','人工操作'),(858,NULL,115,'BD20221011140850ZMP9U','112.97.249.252','2022-10-11 14:44:25','2022-10-11 14:44:25','订单回调','人工操作'),(859,NULL,112,'BD20221011144752Y123I','182.118.233.14','2022-10-11 14:51:47','2022-10-11 14:51:47','订单回调','人工操作'),(860,NULL,112,'BD20221011145543CVUQW','182.118.233.14','2022-10-11 14:59:01','2022-10-11 14:59:01','订单回调','人工操作'),(861,NULL,103,'H2000584221011140956537661800','1.46.6.225','2022-10-11 15:07:42','2022-10-11 15:07:42','订单回调','人工操作'),(862,NULL,115,'BD20221011145245H5FO0','112.97.249.252','2022-10-11 15:08:18','2022-10-11 15:08:18','订单回调','人工操作'),(863,NULL,103,'H2000584221011140942329661500','1.46.6.225','2022-10-11 15:08:46','2022-10-11 15:08:46','订单回调','人工操作'),(864,NULL,112,'BD202210111108384AXCF','182.118.233.14','2022-10-11 15:12:15','2022-10-11 15:12:15','订单回调','人工操作'),(865,NULL,0,'BD20221011151212H7GHO','182.118.233.14','2022-10-11 15:13:14','2022-10-11 15:13:14','订单回调','App自动回调'),(866,NULL,112,'BD20221011150417UBXW5','182.118.233.14','2022-10-11 15:14:10','2022-10-11 15:14:10','订单回调','人工操作'),(867,NULL,0,'BD20221011151324K99VY','182.118.233.14','2022-10-11 15:14:44','2022-10-11 15:14:44','订单回调','App自动回调'),(868,NULL,112,'BD20221011151556VD7TQ','182.118.233.14','2022-10-11 15:18:00','2022-10-11 15:18:00','订单回调','人工操作'),(869,NULL,115,'BD20221011150729ZQ1LD','112.97.249.252','2022-10-11 15:18:23','2022-10-11 15:18:23','订单回调','人工操作'),(870,NULL,112,'BD20221011151747AWVWI','182.118.233.14','2022-10-11 15:21:33','2022-10-11 15:21:33','订单回调','人工操作'),(871,NULL,115,'BD20221011145137IUVKY','112.97.249.252','2022-10-11 15:28:14','2022-10-11 15:28:14','订单回调','人工操作'),(872,NULL,112,'BD20221011152432UL8GU','182.118.233.14','2022-10-11 15:28:58','2022-10-11 15:28:58','订单回调','人工操作'),(873,NULL,115,'BD20221011151507OGK3P','112.97.249.252','2022-10-11 15:35:56','2022-10-11 15:35:56','订单回调','人工操作'),(874,NULL,112,'BD20221011153656YQBRC','182.118.233.14','2022-10-11 15:39:47','2022-10-11 15:39:47','订单回调','人工操作'),(875,NULL,115,'BD20221011151237UFMCC','112.97.249.252','2022-10-11 15:44:01','2022-10-11 15:44:01','订单回调','人工操作'),(876,NULL,103,'H2000584221011152012037661700','1.46.6.225','2022-10-11 15:44:47','2022-10-11 15:44:47','订单回调','人工操作'),(877,NULL,103,'H2000584221011151648469661300','1.46.6.225','2022-10-11 15:44:50','2022-10-11 15:44:50','订单回调','人工操作'),(878,NULL,115,'BD20221011153159C69KK','112.97.249.252','2022-10-11 15:44:59','2022-10-11 15:44:59','订单回调','人工操作'),(879,NULL,103,'68694961094151','1.46.6.225','2022-10-11 15:45:07','2022-10-11 15:45:07','订单回调','人工操作'),(880,NULL,115,'BD202210111503445FHST','112.97.249.252','2022-10-11 15:46:01','2022-10-11 15:46:01','订单回调','人工操作'),(881,NULL,112,'BD20221011154741X6LLO','182.118.233.14','2022-10-11 15:50:00','2022-10-11 15:50:00','订单回调','人工操作'),(882,NULL,112,'BD20221011155544ZJ9CO','182.118.233.14','2022-10-11 15:57:45','2022-10-11 15:57:45','订单回调','人工操作'),(883,NULL,0,'BD20221011160042KX5OS','182.118.233.14','2022-10-11 16:02:32','2022-10-11 16:02:32','订单回调','App自动回调'),(884,NULL,0,'BD202210111601578B9AN','182.118.233.14','2022-10-11 16:02:43','2022-10-11 16:02:43','订单回调','App自动回调'),(885,NULL,0,'BD20221011160226AQWKP','182.118.233.14','2022-10-11 16:04:02','2022-10-11 16:04:02','订单回调','App自动回调'),(886,NULL,0,'BD202210111606059JEF1','182.118.233.14','2022-10-11 16:07:05','2022-10-11 16:07:05','订单回调','App自动回调'),(887,NULL,112,'BD202210111606059JEF1','182.118.233.14','2022-10-11 16:07:21','2022-10-11 16:07:21','订单回调','人工操作'),(888,NULL,112,'BD20221011160338SWSS0','182.118.233.14','2022-10-11 16:07:56','2022-10-11 16:07:56','订单回调','人工操作'),(889,NULL,103,'H2000584221011154221561661400','1.46.6.225','2022-10-11 16:11:52','2022-10-11 16:11:52','订单回调','人工操作'),(890,NULL,103,'H2000584221011154120571661400','1.46.6.225','2022-10-11 16:13:53','2022-10-11 16:13:53','订单回调','人工操作'),(891,NULL,103,'H2000584221011155603662661700','1.46.6.225','2022-10-11 16:23:14','2022-10-11 16:23:14','订单回调','人工操作'),(892,NULL,112,'BD20221011161555GHPYL','182.118.233.14','2022-10-11 16:24:27','2022-10-11 16:24:27','订单回调','人工操作'),(893,NULL,112,'BD20221011161353ANFQD','182.118.233.14','2022-10-11 16:32:01','2022-10-11 16:32:01','订单回调','人工操作'),(894,NULL,112,'BD20221011162900DY3IW','182.118.233.14','2022-10-11 16:35:10','2022-10-11 16:35:10','订单回调','人工操作'),(895,NULL,112,'BD20221011164340PEGYJ','182.118.233.14','2022-10-11 16:49:17','2022-10-11 16:49:17','订单回调','人工操作'),(896,NULL,112,'BD20221011164856O9M7J','182.118.233.14','2022-10-11 16:51:46','2022-10-11 16:51:46','订单回调','人工操作'),(897,NULL,103,'72230281200455','1.46.6.225','2022-10-11 16:54:07','2022-10-11 16:54:07','订单回调','人工操作'),(898,NULL,115,'BD20221011144720YTSWR','112.97.249.252','2022-10-11 17:01:27','2022-10-11 17:01:27','订单回调','人工操作'),(899,NULL,103,'68815070229721','1.46.6.225','2022-10-11 17:43:06','2022-10-11 17:43:06','订单回调','人工操作'),(900,NULL,112,'97236590531235','182.118.233.14','2022-10-11 17:56:53','2022-10-11 17:56:53','订单回调','人工操作'),(901,NULL,112,'BD20221011192819WEMLK','182.118.233.14','2022-10-11 19:29:47','2022-10-11 19:29:47','订单回调','人工操作'),(902,NULL,0,'BD20221011193804VENSG','182.118.233.14','2022-10-11 19:40:33','2022-10-11 19:40:33','订单回调','App自动回调'),(903,NULL,0,'BD20221011194226TBKAJ','182.118.233.14','2022-10-11 19:43:05','2022-10-11 19:43:05','订单回调','App自动回调'),(904,NULL,0,'BD20221011194249DHKKH','182.118.233.14','2022-10-11 19:44:58','2022-10-11 19:44:58','订单回调','App自动回调'),(905,NULL,0,'BD20221011194212MA36M','182.118.233.14','2022-10-11 19:45:58','2022-10-11 19:45:58','订单回调','App自动回调'),(906,NULL,0,'BD2022101119463382ZCW','182.118.233.14','2022-10-11 19:48:23','2022-10-11 19:48:23','订单回调','App自动回调'),(907,NULL,0,'BD202210111946581OYLC','182.118.233.14','2022-10-11 19:49:07','2022-10-11 19:49:07','订单回调','App自动回调'),(908,NULL,0,'BD202210111946581OYLC','182.118.233.14','2022-10-11 19:49:08','2022-10-11 19:49:08','订单回调','App自动回调'),(909,NULL,0,'BD20221011194906LKYSV','182.118.233.14','2022-10-11 19:51:35','2022-10-11 19:51:35','订单回调','App自动回调'),(910,NULL,112,'BD20221011194853WINWF','182.118.233.14','2022-10-11 19:53:07','2022-10-11 19:53:07','订单回调','人工操作'),(911,NULL,112,'BD20221011200336OTAAC','182.118.237.127','2022-10-11 20:06:10','2022-10-11 20:06:10','订单回调','人工操作'),(912,NULL,0,'BD20221011200606TY6IX','182.118.237.127','2022-10-11 20:07:00','2022-10-11 20:07:00','订单回调','App自动回调'),(913,NULL,0,'BD20221011200606TY6IX','182.118.237.127','2022-10-11 20:07:00','2022-10-11 20:07:00','订单回调','App自动回调'),(914,NULL,0,'BD20221011200606TY6IX','182.118.237.127','2022-10-11 20:07:00','2022-10-11 20:07:00','订单回调','App自动回调'),(915,NULL,0,'BD20221011200606TY6IX','182.118.237.127','2022-10-11 20:07:00','2022-10-11 20:07:00','订单回调','App自动回调'),(916,NULL,0,'BD20221011200606TY6IX','182.118.237.127','2022-10-11 20:07:00','2022-10-11 20:07:00','订单回调','App自动回调'),(917,NULL,0,'BD20221011200606TY6IX','182.118.237.127','2022-10-11 20:07:00','2022-10-11 20:07:00','订单回调','App自动回调'),(918,NULL,0,'BD20221011200606TY6IX','182.118.237.127','2022-10-11 20:07:00','2022-10-11 20:07:00','订单回调','App自动回调'),(919,NULL,0,'BD20221011200606TY6IX','182.118.237.127','2022-10-11 20:07:00','2022-10-11 20:07:00','订单回调','App自动回调'),(920,NULL,0,'BD202210112009119VX9K','182.118.237.127','2022-10-11 20:10:57','2022-10-11 20:10:57','订单回调','App自动回调'),(921,NULL,0,'BD202210112009119VX9K','182.118.237.127','2022-10-11 20:10:57','2022-10-11 20:10:57','订单回调','App自动回调'),(922,NULL,103,'35573078373290','1.46.6.225','2022-10-11 20:20:30','2022-10-11 20:20:30','订单回调','人工操作'),(923,NULL,0,'BD20221011202143RKICK','182.118.237.127','2022-10-11 20:22:55','2022-10-11 20:22:55','订单回调','App自动回调'),(924,NULL,0,'BD20221011202139I484M','182.118.237.127','2022-10-11 20:23:01','2022-10-11 20:23:01','订单回调','App自动回调'),(925,NULL,0,'BD20221011202139I484M','182.118.237.127','2022-10-11 20:23:01','2022-10-11 20:23:01','订单回调','App自动回调'),(926,NULL,112,'BD20221011202732REQ5X','182.118.237.127','2022-10-11 20:34:11','2022-10-11 20:34:11','订单回调','人工操作'),(927,NULL,0,'BD20221011203852RFR40','222.142.54.61','2022-10-11 20:41:32','2022-10-11 20:41:32','订单回调','App自动回调'),(928,NULL,103,'74109641233492','1.46.6.225','2022-10-11 20:47:18','2022-10-11 20:47:18','订单回调','人工操作'),(929,NULL,0,'BD20221011204643ZUVJW','182.118.237.127','2022-10-11 20:48:55','2022-10-11 20:48:55','订单回调','App自动回调'),(930,NULL,0,'BD20221011204503R9VOQ','182.118.237.127','2022-10-11 20:49:42','2022-10-11 20:49:42','订单回调','App自动回调'),(931,NULL,0,'BD20221011204503R9VOQ','182.118.237.127','2022-10-11 20:49:42','2022-10-11 20:49:42','订单回调','App自动回调'),(932,NULL,0,'BD20221011204503R9VOQ','182.118.237.127','2022-10-11 20:49:42','2022-10-11 20:49:42','订单回调','App自动回调'),(933,NULL,0,'BD20221011204503R9VOQ','182.118.237.127','2022-10-11 20:49:42','2022-10-11 20:49:42','订单回调','App自动回调'),(934,NULL,0,'BD20221011204503R9VOQ','182.118.237.127','2022-10-11 20:49:42','2022-10-11 20:49:42','订单回调','App自动回调'),(935,NULL,0,'BD20221011204503R9VOQ','182.118.237.127','2022-10-11 20:49:42','2022-10-11 20:49:42','订单回调','App自动回调'),(936,NULL,0,'BD20221011204503R9VOQ','182.118.237.127','2022-10-11 20:49:42','2022-10-11 20:49:42','订单回调','App自动回调'),(937,NULL,0,'BD20221011204503R9VOQ','182.118.237.127','2022-10-11 20:49:42','2022-10-11 20:49:42','订单回调','App自动回调'),(938,NULL,0,'BD20221011204934K3CYB','182.118.237.127','2022-10-11 20:50:55','2022-10-11 20:50:55','订单回调','App自动回调'),(939,NULL,0,'BD20221011205038GVHXC','182.118.237.127','2022-10-11 20:51:26','2022-10-11 20:51:26','订单回调','App自动回调'),(940,NULL,0,'BD20221011205038GVHXC','182.118.237.127','2022-10-11 20:51:26','2022-10-11 20:51:26','订单回调','App自动回调'),(941,NULL,0,'BD20221011205929A3TQQ','182.118.237.127','2022-10-11 21:00:56','2022-10-11 21:00:56','订单回调','App自动回调'),(942,NULL,0,'BD20221011205929A3TQQ','182.118.237.127','2022-10-11 21:00:56','2022-10-11 21:00:56','订单回调','App自动回调'),(943,NULL,0,'BD20221011205929A3TQQ','182.118.237.127','2022-10-11 21:00:56','2022-10-11 21:00:56','订单回调','App自动回调'),(944,NULL,112,'BD20221011205444MVWML','182.118.237.127','2022-10-11 21:05:12','2022-10-11 21:05:12','订单回调','人工操作'),(945,NULL,0,'BD20221011210226NZ3NZ','182.118.237.127','2022-10-11 21:05:16','2022-10-11 21:05:16','订单回调','App自动回调'),(946,NULL,0,'BD20221011210226NZ3NZ','182.118.237.127','2022-10-11 21:05:16','2022-10-11 21:05:16','订单回调','App自动回调'),(947,NULL,0,'BD20221011210323HG4KN','182.118.237.127','2022-10-11 21:05:32','2022-10-11 21:05:32','订单回调','App自动回调'),(948,NULL,0,'BD20221011210323HG4KN','182.118.237.127','2022-10-11 21:05:32','2022-10-11 21:05:32','订单回调','App自动回调'),(949,NULL,0,'BD20221011210323HG4KN','182.118.237.127','2022-10-11 21:05:32','2022-10-11 21:05:32','订单回调','App自动回调'),(950,NULL,0,'BD20221011210323HG4KN','182.118.237.127','2022-10-11 21:05:32','2022-10-11 21:05:32','订单回调','App自动回调'),(951,NULL,103,'22474057700145','1.46.6.225','2022-10-11 21:05:46','2022-10-11 21:05:46','订单回调','人工操作'),(952,NULL,0,'BD20221011210833SSKYX','182.118.237.127','2022-10-11 21:09:22','2022-10-11 21:09:22','订单回调','App自动回调'),(953,NULL,0,'BD202210112112449JX3G','182.118.237.127','2022-10-11 21:13:41','2022-10-11 21:13:41','订单回调','App自动回调'),(954,NULL,112,'BD20221011211356KS4LZ','182.118.237.127','2022-10-11 21:15:25','2022-10-11 21:15:25','订单回调','人工操作'),(955,NULL,0,'BD20221011211641L8XVS','182.118.237.127','2022-10-11 21:17:37','2022-10-11 21:17:37','订单回调','App自动回调'),(956,NULL,0,'BD20221011211641L8XVS','182.118.237.127','2022-10-11 21:17:37','2022-10-11 21:17:37','订单回调','App自动回调'),(957,NULL,0,'BD20221011211641L8XVS','182.118.237.127','2022-10-11 21:17:37','2022-10-11 21:17:37','订单回调','App自动回调'),(958,NULL,0,'BD20221011211744I2WVN','182.118.237.127','2022-10-11 21:19:31','2022-10-11 21:19:31','订单回调','App自动回调'),(959,NULL,0,'BD20221011212105EXPWC','182.118.237.127','2022-10-11 21:22:59','2022-10-11 21:22:59','订单回调','App自动回调'),(960,NULL,103,'89756754137093','1.46.6.225','2022-10-11 21:25:31','2022-10-11 21:25:31','订单回调','人工操作'),(961,NULL,112,'BD2022101121162463ZEI','182.118.237.127','2022-10-11 21:26:33','2022-10-11 21:26:33','订单回调','人工操作'),(962,NULL,103,'97316440679851','1.46.6.225','2022-10-11 21:32:34','2022-10-11 21:32:34','订单回调','人工操作'),(963,NULL,0,'BD202210112132123TFWB','182.118.237.127','2022-10-11 21:33:41','2022-10-11 21:33:41','订单回调','App自动回调'),(964,NULL,0,'BD20221011214333DGJKY','182.118.237.127','2022-10-11 21:46:08','2022-10-11 21:46:08','订单回调','App自动回调'),(965,NULL,0,'BD20221011214620XEE5E','182.118.237.127','2022-10-11 21:48:14','2022-10-11 21:48:14','订单回调','App自动回调'),(966,NULL,103,'41060491305869','1.46.6.225','2022-10-11 21:48:30','2022-10-11 21:48:30','订单回调','人工操作'),(967,NULL,0,'BD20221011214843TGELY','182.118.237.127','2022-10-11 21:50:34','2022-10-11 21:50:34','订单回调','App自动回调'),(968,NULL,0,'BD20221011220619LTZPE','182.118.237.127','2022-10-11 22:07:25','2022-10-11 22:07:25','订单回调','App自动回调'),(969,NULL,0,'BD20221011220619LTZPE','182.118.237.127','2022-10-11 22:07:25','2022-10-11 22:07:25','订单回调','App自动回调'),(970,NULL,0,'BD20221011220623WFFFE','182.118.237.127','2022-10-11 22:07:51','2022-10-11 22:07:51','订单回调','App自动回调'),(971,NULL,0,'BD20221011220623WFFFE','182.118.237.127','2022-10-11 22:07:51','2022-10-11 22:07:51','订单回调','App自动回调'),(972,NULL,0,'BD20221011220623WFFFE','182.118.237.127','2022-10-11 22:07:51','2022-10-11 22:07:51','订单回调','App自动回调'),(973,NULL,0,'BD20221011220623WFFFE','182.118.237.127','2022-10-11 22:07:51','2022-10-11 22:07:51','订单回调','App自动回调'),(974,NULL,112,'BD20221011220316LY0XZ','182.118.237.127','2022-10-11 22:09:10','2022-10-11 22:09:10','订单回调','人工操作'),(975,NULL,0,'BD20221011220751QEOS1','182.118.237.127','2022-10-11 22:10:02','2022-10-11 22:10:02','订单回调','App自动回调'),(976,NULL,0,'BD20221011220751QEOS1','182.118.237.127','2022-10-11 22:10:02','2022-10-11 22:10:02','订单回调','App自动回调'),(977,NULL,0,'BD20221011221216TDH8A','182.118.237.127','2022-10-11 22:13:17','2022-10-11 22:13:17','订单回调','App自动回调'),(978,NULL,0,'BD20221011222322T8S1F','182.118.237.127','2022-10-11 22:25:04','2022-10-11 22:25:04','订单回调','App自动回调'),(979,NULL,103,'5997299566260','43.239.85.245','2022-10-11 22:27:35','2022-10-11 22:27:35','订单回调','人工操作'),(980,NULL,0,'BD20221011223335FUARY','182.118.237.127','2022-10-11 22:35:12','2022-10-11 22:35:12','订单回调','App自动回调'),(981,NULL,0,'BD20221011224902SJC1P','182.118.237.127','2022-10-11 22:50:51','2022-10-11 22:50:51','订单回调','App自动回调'),(982,NULL,0,'BD20221011225246ASL1W','182.118.237.127','2022-10-11 22:53:53','2022-10-11 22:53:53','订单回调','App自动回调'),(983,NULL,0,'BD20221011225246ASL1W','182.118.237.127','2022-10-11 22:53:53','2022-10-11 22:53:53','订单回调','App自动回调'),(984,NULL,0,'BD20221011225219CDABZ','182.118.237.127','2022-10-11 22:54:01','2022-10-11 22:54:01','订单回调','App自动回调'),(985,NULL,103,'49468404338806','43.239.85.245','2022-10-11 23:16:43','2022-10-11 23:16:43','订单回调','人工操作'),(986,NULL,0,'BD20221011233825BNNDT','182.118.233.1','2022-10-11 23:40:01','2022-10-11 23:40:01','订单回调','App自动回调'),(987,NULL,0,'BD20221011233902SXWSN','182.118.233.1','2022-10-11 23:40:07','2022-10-11 23:40:07','订单回调','App自动回调'),(988,NULL,0,'BD20221011233921BSJEQ','182.118.233.1','2022-10-11 23:40:25','2022-10-11 23:40:25','订单回调','App自动回调'),(989,NULL,0,'BD20221011233947ZFXXI','182.118.233.1','2022-10-11 23:40:55','2022-10-11 23:40:55','订单回调','App自动回调'),(990,NULL,0,'BD20221011234131HDAHO','182.118.233.1','2022-10-11 23:42:49','2022-10-11 23:42:49','订单回调','App自动回调'),(991,NULL,0,'BD202210112343185ZBEC','182.118.233.1','2022-10-11 23:44:35','2022-10-11 23:44:35','订单回调','App自动回调'),(992,NULL,0,'BD20221011234459CKUM0','182.118.233.1','2022-10-11 23:46:02','2022-10-11 23:46:02','订单回调','App自动回调'),(993,NULL,0,'BD20221011234555FABOI','182.118.233.1','2022-10-11 23:46:58','2022-10-11 23:46:58','订单回调','App自动回调'),(994,NULL,112,'BD20221011233823FVXTD','182.118.233.1','2022-10-11 23:49:40','2022-10-11 23:49:40','订单回调','人工操作'),(995,NULL,0,'BD20221011234749IC0UZ','182.118.233.1','2022-10-11 23:49:50','2022-10-11 23:49:50','订单回调','App自动回调'),(996,NULL,112,'BD20221011233823FVXTD','182.118.233.1','2022-10-11 23:50:51','2022-10-11 23:50:51','订单回调','人工操作'),(997,NULL,0,'BD20221011234934CPXHX','182.118.233.1','2022-10-11 23:51:28','2022-10-11 23:51:28','订单回调','App自动回调'),(998,NULL,0,'BD20221011234840WAEXH','182.118.233.1','2022-10-11 23:51:40','2022-10-11 23:51:40','订单回调','App自动回调'),(999,NULL,0,'BD20221011234940TECLR','182.118.233.1','2022-10-11 23:51:44','2022-10-11 23:51:44','订单回调','App自动回调'),(1000,NULL,0,'BD20221011235052O8FFI','182.118.233.1','2022-10-11 23:51:46','2022-10-11 23:51:46','订单回调','App自动回调'),(1001,NULL,0,'BD20221011235053ZD8AX','182.118.233.1','2022-10-11 23:51:55','2022-10-11 23:51:55','订单回调','App自动回调'),(1002,NULL,0,'BD202210112351554XTS5','182.118.233.1','2022-10-11 23:52:38','2022-10-11 23:52:38','订单回调','App自动回调'),(1003,NULL,0,'BD20221011235126TSBKI','182.118.233.1','2022-10-11 23:52:47','2022-10-11 23:52:47','订单回调','App自动回调'),(1004,NULL,0,'BD20221011235329H5TCC','182.118.233.1','2022-10-11 23:55:04','2022-10-11 23:55:04','订单回调','App自动回调'),(1005,NULL,0,'BD20221011234940YQCVW','182.118.233.1','2022-10-11 23:57:52','2022-10-11 23:57:52','订单回调','App自动回调'),(1006,NULL,0,'BD20221011235551JX3AF','182.118.233.1','2022-10-11 23:57:53','2022-10-11 23:57:53','订单回调','App自动回调'),(1007,NULL,0,'BD20221011235622CS9N8','182.118.233.1','2022-10-11 23:58:04','2022-10-11 23:58:04','订单回调','App自动回调'),(1008,NULL,0,'BD20221011235718P95QP','182.118.233.1','2022-10-11 23:58:37','2022-10-11 23:58:37','订单回调','App自动回调'),(1009,NULL,0,'BD20221011235809EH97X','182.118.233.1','2022-10-11 23:59:05','2022-10-11 23:59:05','订单回调','App自动回调'),(1010,NULL,0,'BD202210112356123JGEH','182.118.233.1','2022-10-11 23:59:19','2022-10-11 23:59:19','订单回调','App自动回调'),(1011,NULL,0,'BD20221011235742CSCVR','182.118.233.1','2022-10-11 23:59:31','2022-10-11 23:59:31','订单回调','App自动回调'),(1012,NULL,0,'BD20221011235842YBEE7','182.118.233.1','2022-10-12 00:00:11','2022-10-12 00:00:11','订单回调','App自动回调'),(1013,NULL,0,'BD20221011235926MS8QS','182.118.233.1','2022-10-12 00:00:46','2022-10-12 00:00:46','订单回调','App自动回调'),(1014,NULL,112,'BD20221011234517Z854C','182.118.233.1','2022-10-12 00:01:28','2022-10-12 00:01:28','订单回调','人工操作'),(1015,NULL,0,'BD202210120000417TXOF','182.118.233.1','2022-10-12 00:01:28','2022-10-12 00:01:28','订单回调','App自动回调'),(1016,NULL,0,'BD20221012000036NFHAB','182.118.233.1','2022-10-12 00:01:40','2022-10-12 00:01:40','订单回调','App自动回调'),(1017,NULL,0,'BD20221011235929VGWUT','182.118.233.1','2022-10-12 00:02:01','2022-10-12 00:02:01','订单回调','App自动回调'),(1018,NULL,0,'BD20221012000126XGSE8','182.118.233.1','2022-10-12 00:03:01','2022-10-12 00:03:01','订单回调','App自动回调'),(1019,NULL,112,'BD20221012000209JEDPR','182.118.233.1','2022-10-12 00:16:36','2022-10-12 00:16:36','订单回调','人工操作'),(1020,NULL,112,'BD20221011235056UHX83','182.118.233.1','2022-10-12 00:20:35','2022-10-12 00:20:35','订单回调','人工操作'),(1021,NULL,112,'BD20221010225425BNHK1','182.118.233.1','2022-10-12 00:27:13','2022-10-12 00:27:13','订单回调','人工操作'),(1022,NULL,112,'BD20221010225425BNHK1','182.118.233.1','2022-10-12 00:35:02','2022-10-12 00:35:02','订单回调','人工操作'),(1023,NULL,103,'XF202210120028456564','43.239.85.245','2022-10-12 00:36:14','2022-10-12 00:36:14','订单回调','人工操作'),(1024,NULL,112,'BD20221012000111IIYSV','182.118.233.1','2022-10-12 00:55:01','2022-10-12 00:55:01','订单回调','人工操作'),(1025,NULL,103,'XF202210120053049047','43.239.85.245','2022-10-12 01:01:48','2022-10-12 01:01:48','订单回调','人工操作'),(1026,NULL,103,'XF202210120054236347','43.239.85.245','2022-10-12 01:02:08','2022-10-12 01:02:08','订单回调','人工操作'),(1027,NULL,103,'H2000584221012010120810661700','43.239.85.245','2022-10-12 01:09:58','2022-10-12 01:09:58','订单回调','人工操作'),(1028,NULL,103,'XF202210120110247715','43.239.85.245','2022-10-12 01:16:30','2022-10-12 01:16:30','订单回调','人工操作'),(1029,NULL,0,'BD20221012012329PEBPA','182.118.233.1','2022-10-12 01:24:21','2022-10-12 01:24:21','订单回调','App自动回调'),(1030,NULL,112,'BD20221012012144AV3NX','182.118.233.1','2022-10-12 01:34:47','2022-10-12 01:34:47','订单回调','人工操作'),(1031,NULL,0,'BD202210120136480MEVB','182.118.233.1','2022-10-12 01:38:29','2022-10-12 01:38:29','订单回调','App自动回调'),(1032,NULL,0,'BD202210120139507KEOJ','182.118.233.1','2022-10-12 01:41:19','2022-10-12 01:41:19','订单回调','App自动回调'),(1033,NULL,0,'BD202210120140035BRVG','182.118.233.1','2022-10-12 01:41:34','2022-10-12 01:41:34','订单回调','App自动回调'),(1034,NULL,0,'BD20221012014004YR6KH','182.118.233.1','2022-10-12 01:41:37','2022-10-12 01:41:37','订单回调','App自动回调'),(1035,NULL,0,'BD20221012014133NAFEM','182.118.233.1','2022-10-12 01:43:25','2022-10-12 01:43:25','订单回调','App自动回调'),(1036,NULL,0,'BD20221012014059FVMCI','182.118.233.1','2022-10-12 01:44:44','2022-10-12 01:44:44','订单回调','App自动回调'),(1037,NULL,112,'BD20221012013517GTTVE','182.118.233.1','2022-10-12 01:44:51','2022-10-12 01:44:51','订单回调','人工操作'),(1038,NULL,0,'BD20221012014403RSK7U','182.118.233.1','2022-10-12 01:44:55','2022-10-12 01:44:55','订单回调','App自动回调'),(1039,NULL,112,'BD20221012013142AZO6Q','182.118.233.1','2022-10-12 01:50:58','2022-10-12 01:50:58','订单回调','人工操作'),(1040,NULL,103,'MW120221012014351196641200','43.239.85.245','2022-10-12 01:52:20','2022-10-12 01:52:20','订单回调','人工操作'),(1041,NULL,112,'BD20221012015010IB4KB','182.118.233.1','2022-10-12 01:52:21','2022-10-12 01:52:21','订单回调','人工操作'),(1042,NULL,112,'BD20221012014813V8O1E','182.118.233.1','2022-10-12 01:52:28','2022-10-12 01:52:28','订单回调','人工操作'),(1043,NULL,0,'BD20221012015644TJFW9','182.118.233.1','2022-10-12 01:58:59','2022-10-12 01:58:59','订单回调','App自动回调'),(1044,NULL,0,'BD20221012015951WUNLQ','182.118.233.1','2022-10-12 02:00:31','2022-10-12 02:00:31','订单回调','App自动回调'),(1045,NULL,112,'BD202210120144369MDNI','182.118.233.1','2022-10-12 02:02:25','2022-10-12 02:02:25','订单回调','人工操作'),(1046,NULL,112,'BD20221012013623BYAQT','182.118.233.1','2022-10-12 02:06:05','2022-10-12 02:06:05','订单回调','人工操作'),(1047,NULL,112,'BD202210120211467IYNX','182.118.233.1','2022-10-12 02:15:17','2022-10-12 02:15:17','订单回调','人工操作'),(1048,NULL,112,'BD20221012021313UAX1Y','182.118.233.1','2022-10-12 02:16:08','2022-10-12 02:16:08','订单回调','人工操作'),(1049,NULL,103,'XF202210120158380348','43.239.85.245','2022-10-12 02:18:58','2022-10-12 02:18:58','订单回调','人工操作'),(1050,NULL,103,'XF202210120200209161','43.239.85.245','2022-10-12 02:19:14','2022-10-12 02:19:14','订单回调','人工操作'),(1051,NULL,0,'BD20221012021856IFORN','182.118.233.1','2022-10-12 02:21:28','2022-10-12 02:21:28','订单回调','App自动回调'),(1052,NULL,112,'BD202210120225064PGQW','182.118.233.1','2022-10-12 02:28:56','2022-10-12 02:28:56','订单回调','人工操作'),(1053,NULL,112,'BD20221012022739UFMM8','182.118.233.1','2022-10-12 02:30:49','2022-10-12 02:30:49','订单回调','人工操作'),(1054,NULL,0,'BD20221012023608PE4R4','182.118.233.1','2022-10-12 02:38:08','2022-10-12 02:38:08','订单回调','App自动回调'),(1055,NULL,112,'BD20221012023454PHKMB','182.118.233.1','2022-10-12 02:40:54','2022-10-12 02:40:54','订单回调','人工操作'),(1056,NULL,103,'H2000584221012024159383661400','43.239.85.245','2022-10-12 02:49:43','2022-10-12 02:49:43','订单回调','人工操作'),(1057,NULL,112,'BD20221012024659PEY3K','182.118.233.1','2022-10-12 02:49:45','2022-10-12 02:49:45','订单回调','人工操作'),(1058,NULL,112,'BD20221012024607IBEPV','182.118.233.1','2022-10-12 02:50:41','2022-10-12 02:50:41','订单回调','人工操作'),(1059,NULL,112,'BD20221012024446COPQH','182.118.233.1','2022-10-12 02:51:20','2022-10-12 02:51:20','订单回调','人工操作'),(1060,NULL,112,'BD20221012024309RKIPF','182.118.233.1','2022-10-12 02:51:49','2022-10-12 02:51:49','订单回调','人工操作'),(1061,NULL,0,'BD20221012025251GKWLR','182.118.233.1','2022-10-12 02:55:02','2022-10-12 02:55:02','订单回调','App自动回调'),(1062,NULL,112,'BD20221012013635N61GC','182.118.233.1','2022-10-12 02:55:14','2022-10-12 02:55:14','订单回调','人工操作'),(1063,NULL,0,'BD20221012025456YDCMS','182.118.233.1','2022-10-12 02:56:47','2022-10-12 02:56:47','订单回调','App自动回调'),(1064,NULL,103,'H2000584221012025353778661700','43.239.85.245','2022-10-12 03:02:29','2022-10-12 03:02:29','订单回调','人工操作'),(1065,NULL,0,'BD20221012025807XW5NV','182.118.233.1','2022-10-12 03:05:15','2022-10-12 03:05:15','订单回调','App自动回调'),(1066,NULL,0,'BD20221012025807XW5NV','182.118.233.1','2022-10-12 03:05:15','2022-10-12 03:05:15','订单回调','App自动回调'),(1067,NULL,0,'BD20221012025807XW5NV','182.118.233.1','2022-10-12 03:05:15','2022-10-12 03:05:15','订单回调','App自动回调'),(1068,NULL,112,'BD20221012033442H1UCX','182.118.233.1','2022-10-12 03:36:45','2022-10-12 03:36:45','订单回调','人工操作'),(1069,NULL,112,'BD20221012035033V3TWV','182.118.233.1','2022-10-12 03:53:08','2022-10-12 03:53:08','订单回调','人工操作'),(1070,NULL,0,'BD20221012035454GAFC7','182.118.233.1','2022-10-12 03:56:32','2022-10-12 03:56:32','订单回调','App自动回调'),(1071,NULL,103,'XF202210120324201744','43.239.85.245','2022-10-12 03:58:14','2022-10-12 03:58:14','订单驳回','人工操作'),(1072,NULL,103,'MW120221012030857940641000','43.239.85.245','2022-10-12 04:06:54','2022-10-12 04:06:54','订单回调','人工操作'),(1073,NULL,112,'BD20221012043125IL4ZO','182.118.233.1','2022-10-12 04:34:48','2022-10-12 04:34:48','订单回调','人工操作'),(1074,NULL,103,'XF202210120350474857','43.239.85.245','2022-10-12 04:39:41','2022-10-12 04:39:41','订单回调','人工操作'),(1075,NULL,0,'BD20221012043904COEN3','182.118.233.1','2022-10-12 04:39:52','2022-10-12 04:39:52','订单回调','App自动回调'),(1076,NULL,0,'BD20221012043904COEN3','182.118.233.1','2022-10-12 04:39:52','2022-10-12 04:39:52','订单回调','App自动回调'),(1077,NULL,103,'XF202210120439204371','43.239.85.245','2022-10-12 04:44:45','2022-10-12 04:44:45','订单回调','人工操作'),(1078,NULL,0,'BD20221012045302QHIAF','182.118.233.1','2022-10-12 04:54:31','2022-10-12 04:54:31','订单回调','App自动回调'),(1079,NULL,0,'BD20221012045404ZYDUR','182.118.233.1','2022-10-12 04:55:10','2022-10-12 04:55:10','订单回调','App自动回调'),(1080,NULL,0,'BD20221012045323ZFRVI','182.118.233.1','2022-10-12 04:55:50','2022-10-12 04:55:50','订单回调','App自动回调'),(1081,NULL,0,'BD20221012045530DDYN8','182.118.233.1','2022-10-12 04:56:58','2022-10-12 04:56:58','订单回调','App自动回调'),(1082,NULL,112,'BD20221012051354VK64K','182.118.233.1','2022-10-12 05:16:34','2022-10-12 05:16:34','订单回调','人工操作'),(1083,NULL,0,'BD20221012051807MI8MV','182.118.233.1','2022-10-12 05:22:02','2022-10-12 05:22:02','订单回调','App自动回调'),(1084,NULL,112,'BD202210120524270QO1U','182.118.233.1','2022-10-12 05:36:42','2022-10-12 05:36:42','订单回调','人工操作'),(1085,NULL,0,'BD20221012055121L8QAI','182.118.233.1','2022-10-12 05:54:04','2022-10-12 05:54:04','订单回调','App自动回调'),(1086,NULL,112,'BD20221012055055P5LVN','182.118.233.1','2022-10-12 05:55:08','2022-10-12 05:55:08','订单回调','人工操作'),(1087,NULL,112,'BD20221012060537UJXEJ','182.118.233.1','2022-10-12 06:08:23','2022-10-12 06:08:23','订单回调','人工操作'),(1088,NULL,112,'BD20221012061100YLFIU','182.118.233.1','2022-10-12 06:14:08','2022-10-12 06:14:08','订单回调','人工操作'),(1089,NULL,112,'BD20221012060948OIG1K','182.118.233.1','2022-10-12 06:14:25','2022-10-12 06:14:25','订单回调','人工操作'),(1090,NULL,112,'BD20221012061244TKFAK','182.118.233.1','2022-10-12 06:15:03','2022-10-12 06:15:03','订单回调','人工操作'),(1091,NULL,103,'H2000584221012045850547661400','43.239.85.245','2022-10-12 06:25:42','2022-10-12 06:25:42','订单回调','人工操作'),(1092,NULL,103,'H2000584221012050236081661700','43.239.85.245','2022-10-12 06:25:58','2022-10-12 06:25:58','订单回调','人工操作'),(1093,NULL,112,'BD20221012052559XRNLK','182.118.233.1','2022-10-12 06:59:16','2022-10-12 06:59:16','订单回调','人工操作'),(1094,NULL,112,'BD20221012065141QWV0J','182.118.233.1','2022-10-12 07:01:09','2022-10-12 07:01:09','订单回调','人工操作'),(1095,NULL,103,'BD20221012051613OFN5K','43.239.85.245','2022-10-12 07:03:48','2022-10-12 07:03:48','订单回调','人工操作'),(1096,NULL,112,'BD20221012070249RKJQQ','182.118.237.31','2022-10-12 07:09:28','2022-10-12 07:09:28','订单回调','人工操作'),(1097,NULL,112,'BD20221011233941IB6UD','182.118.237.31','2022-10-12 07:20:37','2022-10-12 07:20:37','订单回调','人工操作'),(1098,NULL,103,'H2000584221012050458333661300','43.239.85.245','2022-10-12 07:33:43','2022-10-12 07:33:43','订单回调','人工操作'),(1099,NULL,0,'BD20221012101533ADQNO','182.118.232.16','2022-10-12 10:16:58','2022-10-12 10:16:58','订单回调','App自动回调'),(1100,NULL,112,'BD20221012101116TGLHT','182.118.232.16','2022-10-12 10:17:20','2022-10-12 10:17:20','订单回调','人工操作'),(1101,NULL,112,'BD20221012103736EVVRF','182.118.232.16','2022-10-12 10:51:02','2022-10-12 10:51:02','订单回调','人工操作'),(1102,NULL,0,'BD20221012110457YPHSM','182.118.232.16','2022-10-12 11:06:18','2022-10-12 11:06:18','订单回调','App自动回调'),(1103,NULL,0,'BD20221012110532QXLWC','182.118.232.16','2022-10-12 11:07:50','2022-10-12 11:07:50','订单回调','App自动回调'),(1104,NULL,0,'BD20221012111225ZWB96','182.118.236.24','2022-10-12 11:14:20','2022-10-12 11:14:20','订单回调','App自动回调'),(1105,NULL,103,'H2000584221012105140933661600','1.46.6.225','2022-10-12 11:22:36','2022-10-12 11:22:36','订单回调','人工操作'),(1106,NULL,0,'BD20221012112247U1YEN','182.118.236.24','2022-10-12 11:23:46','2022-10-12 11:23:46','订单回调','App自动回调'),(1107,NULL,0,'BD20221012112435W7TYU','182.118.236.24','2022-10-12 11:27:44','2022-10-12 11:27:44','订单回调','App自动回调'),(1108,NULL,0,'BD20221012113240Z8QXJ','182.118.236.24','2022-10-12 11:33:47','2022-10-12 11:33:47','订单回调','App自动回调'),(1109,NULL,0,'BD202210121139130OZE6','182.118.236.24','2022-10-12 11:40:19','2022-10-12 11:40:19','订单回调','App自动回调'),(1110,NULL,0,'BD202210121139481CNIT','182.118.236.24','2022-10-12 11:41:10','2022-10-12 11:41:10','订单回调','App自动回调'),(1111,NULL,0,'BD202210121142585FLNB','182.118.236.24','2022-10-12 11:44:27','2022-10-12 11:44:27','订单回调','App自动回调'),(1112,NULL,112,'BD20221012114620FYOKL','182.118.236.24','2022-10-12 11:57:00','2022-10-12 11:57:00','订单回调','人工操作'),(1113,NULL,112,'BD202210121156139AMHH','182.118.236.24','2022-10-12 12:03:29','2022-10-12 12:03:29','订单回调','人工操作'),(1114,NULL,112,'BD20221012115015IKGXW','182.118.236.24','2022-10-12 12:04:05','2022-10-12 12:04:05','订单回调','人工操作'),(1115,NULL,112,'BD20221012115546LWFX3','182.118.236.24','2022-10-12 12:10:01','2022-10-12 12:10:01','订单回调','人工操作'),(1116,NULL,0,'BD20221012122700GXU0H','182.118.236.24','2022-10-12 12:30:03','2022-10-12 12:30:03','订单回调','App自动回调'),(1117,NULL,112,'BD20221012121119S3JG9','182.118.236.24','2022-10-12 12:32:46','2022-10-12 12:32:46','订单回调','人工操作'),(1118,NULL,112,'BD20221012122522CLDHV','182.118.236.24','2022-10-12 12:34:51','2022-10-12 12:34:51','订单回调','人工操作'),(1119,NULL,112,'BD20221012120911CELOA','182.118.236.24','2022-10-12 12:37:09','2022-10-12 12:37:09','订单回调','人工操作'),(1120,NULL,112,'BD202210121233016VUZN','182.118.236.24','2022-10-12 12:38:32','2022-10-12 12:38:32','订单回调','人工操作'),(1121,NULL,112,'BD20221012122949W8LIV','182.118.236.24','2022-10-12 12:42:12','2022-10-12 12:42:12','订单回调','人工操作'),(1122,NULL,112,'BD20221012122820LJBJS','182.118.236.24','2022-10-12 12:43:37','2022-10-12 12:43:37','订单回调','人工操作'),(1123,NULL,112,'BD202210121236416HQYT','182.118.236.24','2022-10-12 12:44:49','2022-10-12 12:44:49','订单回调','人工操作'),(1124,NULL,103,'XF202210121148338036','1.46.6.225','2022-10-12 12:51:12','2022-10-12 12:51:12','订单回调','人工操作'),(1125,NULL,103,'XF202210121148338036','1.46.6.225','2022-10-12 12:51:12','2022-10-12 12:51:12','订单回调','人工操作'),(1126,NULL,112,'BD20221012123443HR0RY','182.118.232.5','2022-10-12 12:54:43','2022-10-12 12:54:43','订单回调','人工操作'),(1127,NULL,0,'BD20221012131307P25ES','182.118.232.5','2022-10-12 13:15:07','2022-10-12 13:15:07','订单回调','App自动回调'),(1128,NULL,0,'BD20221012131746XLN8V','182.118.232.5','2022-10-12 13:19:25','2022-10-12 13:19:25','订单回调','App自动回调'),(1129,NULL,0,'BD20221012131940JY7WE','182.118.232.5','2022-10-12 13:20:51','2022-10-12 13:20:51','订单回调','App自动回调'),(1130,NULL,0,'BD20221012132058O81SD','182.118.232.5','2022-10-12 13:22:13','2022-10-12 13:22:13','订单回调','App自动回调'),(1131,NULL,0,'BD20221012132135X2B98','182.118.232.5','2022-10-12 13:24:34','2022-10-12 13:24:34','订单回调','App自动回调'),(1132,NULL,103,'XF202210121313541759','1.46.6.225','2022-10-12 13:31:20','2022-10-12 13:31:20','订单回调','人工操作'),(1133,NULL,112,'BD20221012132013IYOXR','182.118.232.5','2022-10-12 13:32:25','2022-10-12 13:32:25','订单回调','人工操作'),(1134,NULL,0,'BD202210121339052D83I','182.118.232.5','2022-10-12 13:40:31','2022-10-12 13:40:31','订单回调','App自动回调'),(1135,NULL,0,'BD20221012134009PSHBO','182.118.232.5','2022-10-12 13:42:03','2022-10-12 13:42:03','订单回调','App自动回调'),(1136,NULL,0,'BD20221012134302C8HR6','182.118.232.5','2022-10-12 13:45:01','2022-10-12 13:45:01','订单回调','App自动回调'),(1137,NULL,0,'BD202210121349103G5TT','182.118.232.5','2022-10-12 13:50:07','2022-10-12 13:50:07','订单回调','App自动回调'),(1138,NULL,112,'BD20221012134821QPW5Q','182.118.232.5','2022-10-12 13:59:38','2022-10-12 13:59:38','订单回调','人工操作'),(1139,NULL,0,'BD20221012140132MFFL8','182.118.232.5','2022-10-12 14:02:43','2022-10-12 14:02:43','订单回调','App自动回调'),(1140,NULL,0,'BD20221012140422GNKPE','182.118.232.5','2022-10-12 14:06:04','2022-10-12 14:06:04','订单回调','App自动回调'),(1141,NULL,0,'BD20221012140557FDMK3','182.118.232.5','2022-10-12 14:07:21','2022-10-12 14:07:21','订单回调','App自动回调'),(1142,NULL,103,'H2000584221012131307494661600','1.46.6.225','2022-10-12 14:11:23','2022-10-12 14:11:23','订单回调','人工操作'),(1143,NULL,0,'BD20221012141338BPKOI','182.118.232.5','2022-10-12 14:16:33','2022-10-12 14:16:33','订单回调','App自动回调'),(1144,NULL,0,'BD20221012141355DRWOA','182.118.232.5','2022-10-12 14:16:36','2022-10-12 14:16:36','订单回调','App自动回调'),(1145,NULL,0,'BD20221012141558CTXQU','182.118.232.5','2022-10-12 14:17:37','2022-10-12 14:17:37','订单回调','App自动回调'),(1146,NULL,112,'BD20221012140522HYW1F','182.118.232.5','2022-10-12 14:23:27','2022-10-12 14:23:27','订单回调','人工操作'),(1147,NULL,103,'XF202210121422207331','1.46.6.225','2022-10-12 14:29:12','2022-10-12 14:29:12','订单回调','人工操作'),(1148,NULL,103,'XF202210121339329623','1.46.6.225','2022-10-12 14:33:45','2022-10-12 14:33:45','订单回调','人工操作'),(1149,NULL,112,'BD202210121424503XH1R','182.118.232.5','2022-10-12 14:38:16','2022-10-12 14:38:16','订单回调','人工操作'),(1150,NULL,112,'BD20221012143051Q9SCN','182.118.232.5','2022-10-12 14:45:17','2022-10-12 14:45:17','订单回调','人工操作'),(1151,NULL,112,'BD20221012143929RBO2U','182.118.232.5','2022-10-12 14:54:20','2022-10-12 14:54:20','订单回调','人工操作'),(1152,NULL,112,'BD20221012144302DLKOV','182.118.232.5','2022-10-12 14:56:11','2022-10-12 14:56:11','订单回调','人工操作'),(1153,NULL,0,'BD2022101215000232NG2','182.118.232.5','2022-10-12 15:01:26','2022-10-12 15:01:26','订单回调','App自动回调'),(1154,NULL,0,'BD20221012145908YFVKI','182.118.232.5','2022-10-12 15:02:07','2022-10-12 15:02:07','订单回调','App自动回调'),(1155,NULL,0,'BD20221012150126OJ7ZF','182.118.232.5','2022-10-12 15:05:22','2022-10-12 15:05:22','订单回调','App自动回调'),(1156,NULL,0,'BD20221012150541M2PFH','182.118.232.5','2022-10-12 15:07:18','2022-10-12 15:07:18','订单回调','App自动回调'),(1157,NULL,0,'BD20221012150816AFMWT','182.118.232.5','2022-10-12 15:09:51','2022-10-12 15:09:51','订单回调','App自动回调'),(1158,NULL,103,'XF202210121501592922','1.46.6.225','2022-10-12 15:12:13','2022-10-12 15:12:13','订单回调','人工操作'),(1159,NULL,0,'BD20221012151222YLJQL','182.118.232.5','2022-10-12 15:13:14','2022-10-12 15:13:14','订单回调','App自动回调'),(1160,NULL,0,'BD20221012151525F8ASE','182.118.232.5','2022-10-12 15:17:37','2022-10-12 15:17:37','订单回调','App自动回调'),(1161,NULL,112,'BD20221012145205SBB9V','182.118.232.5','2022-10-12 15:21:06','2022-10-12 15:21:06','订单回调','人工操作'),(1162,NULL,112,'BD202210121453059N9A5','182.118.232.5','2022-10-12 15:26:48','2022-10-12 15:26:48','订单回调','人工操作'),(1163,NULL,112,'BD20221012151748YESMG','182.118.232.5','2022-10-12 15:37:04','2022-10-12 15:37:04','订单回调','人工操作'),(1164,NULL,112,'BD20221012153402PZ3LM','182.118.232.5','2022-10-12 15:44:01','2022-10-12 15:44:01','订单回调','人工操作'),(1165,NULL,112,'BD20221012153156Z7JBI','182.118.232.5','2022-10-12 15:45:45','2022-10-12 15:45:45','订单回调','人工操作'),(1166,NULL,112,'BD20221012153405WTLSW','182.118.232.5','2022-10-12 15:48:38','2022-10-12 15:48:38','订单回调','人工操作'),(1167,NULL,112,'BD20221012154141M1BSA','182.118.232.5','2022-10-12 15:51:28','2022-10-12 15:51:28','订单回调','人工操作'),(1168,NULL,112,'BD20221012154141M1BSA','182.118.232.5','2022-10-12 15:52:18','2022-10-12 15:52:18','订单回调','人工操作'),(1169,NULL,112,'BD20221012153718TMZAG','182.118.232.5','2022-10-12 15:52:46','2022-10-12 15:52:46','订单回调','人工操作'),(1170,NULL,103,'H2000584221012152117511661700','1.46.6.225','2022-10-12 15:59:25','2022-10-12 15:59:25','订单回调','人工操作'),(1171,NULL,103,'H2000584221012152117885661400','1.46.6.225','2022-10-12 16:00:58','2022-10-12 16:00:58','订单回调','人工操作'),(1172,NULL,112,'BD20221012151427RYUUY','182.118.232.5','2022-10-12 16:05:11','2022-10-12 16:05:11','订单回调','人工操作'),(1173,NULL,0,'BD20221012164700GUOX6','120.197.197.14','2022-10-12 16:48:07','2022-10-12 16:48:07','订单回调','App自动回调'),(1174,NULL,0,'BD20221012170026U5GMV','120.197.197.14','2022-10-12 17:01:49','2022-10-12 17:01:49','订单回调','App自动回调'),(1175,NULL,103,'H2000584221012163005102661500','1.46.6.225','2022-10-12 17:02:16','2022-10-12 17:02:16','订单回调','人工操作'),(1176,NULL,103,'H2000584221012163004720661400','1.46.6.225','2022-10-12 17:02:18','2022-10-12 17:02:18','订单回调','人工操作'),(1177,NULL,112,'BD20221012145241SUHH4','182.118.232.5','2022-10-12 17:06:16','2022-10-12 17:06:16','订单回调','人工操作'),(1178,NULL,115,'BD20221012170505SWIT5','120.197.197.14','2022-10-12 17:07:22','2022-10-12 17:07:22','订单回调','人工操作'),(1179,NULL,115,'BD20221012171507I8U8H','120.197.197.14','2022-10-12 17:18:30','2022-10-12 17:18:30','订单回调','人工操作'),(1180,NULL,0,'BD20221012172216PNRHG','120.197.197.14','2022-10-12 17:22:59','2022-10-12 17:22:59','订单回调','App自动回调'),(1181,NULL,0,'BD20221012172349AVOKL','120.197.197.14','2022-10-12 17:25:04','2022-10-12 17:25:04','订单回调','App自动回调'),(1182,NULL,0,'BD20221012172426SCMAV','120.197.197.14','2022-10-12 17:26:14','2022-10-12 17:26:14','订单回调','App自动回调'),(1183,NULL,0,'BD20221012172700CCU4N','182.118.232.5','2022-10-12 17:28:22','2022-10-12 17:28:22','订单回调','App自动回调'),(1184,NULL,0,'BD20221012173146PQUBA','120.197.197.14','2022-10-12 17:33:04','2022-10-12 17:33:04','订单回调','App自动回调'),(1185,NULL,0,'BD20221012173259WXHES','182.118.232.5','2022-10-12 17:39:14','2022-10-12 17:39:14','订单回调','App自动回调'),(1186,NULL,0,'BD20221012173810UEMR5','120.197.197.14','2022-10-12 17:40:14','2022-10-12 17:40:14','订单回调','App自动回调'),(1187,NULL,0,'BD202210121747576AQ5I','182.118.232.5','2022-10-12 17:49:40','2022-10-12 17:49:40','订单回调','App自动回调'),(1188,NULL,0,'BD20221012174838BIYOG','120.197.197.14','2022-10-12 17:50:20','2022-10-12 17:50:20','订单回调','App自动回调'),(1189,NULL,0,'BD20221012175146U4GCZ','182.118.232.5','2022-10-12 17:53:51','2022-10-12 17:53:51','订单回调','App自动回调'),(1190,NULL,103,'XF202210121739231176','1.46.6.225','2022-10-12 17:57:38','2022-10-12 17:57:38','订单回调','人工操作'),(1191,NULL,115,'BD20221012174731UYX8U','120.197.197.14','2022-10-12 17:58:35','2022-10-12 17:58:35','订单回调','人工操作'),(1192,NULL,115,'BD20221012175429ZNR7P','120.197.197.14','2022-10-12 17:59:11','2022-10-12 17:59:11','订单回调','人工操作'),(1193,NULL,112,'BD20221012175322ZCJPQ','182.118.232.5','2022-10-12 17:59:49','2022-10-12 17:59:49','订单回调','人工操作'),(1194,NULL,0,'BD20221012180154BZUHA','182.118.232.5','2022-10-12 18:04:07','2022-10-12 18:04:07','订单回调','App自动回调'),(1195,NULL,0,'BD202210121806166PFKR','182.118.232.5','2022-10-12 18:08:03','2022-10-12 18:08:03','订单回调','App自动回调'),(1196,NULL,115,'BD20221012180143BHXWE','120.197.197.14','2022-10-12 18:08:09','2022-10-12 18:08:09','订单回调','人工操作'),(1197,NULL,0,'BD202210121810113FYTZ','182.118.232.5','2022-10-12 18:12:09','2022-10-12 18:12:09','订单回调','App自动回调'),(1198,NULL,0,'BD20221012181343ZRYGR','182.118.232.5','2022-10-12 18:17:34','2022-10-12 18:17:34','订单回调','App自动回调'),(1199,NULL,103,'XF202210121809103900','1.46.6.225','2022-10-12 18:18:54','2022-10-12 18:18:54','订单回调','人工操作'),(1200,NULL,115,'BD20221012181242FUPGP','120.197.197.14','2022-10-12 18:20:20','2022-10-12 18:20:20','订单回调','人工操作'),(1201,NULL,0,'BD20221012182153NDCEC','182.118.232.5','2022-10-12 18:23:20','2022-10-12 18:23:20','订单回调','App自动回调'),(1202,NULL,115,'BD20221012182144SKNLJ','120.197.197.14','2022-10-12 18:23:50','2022-10-12 18:23:50','订单回调','人工操作'),(1203,NULL,115,'BD20221012182218YENEW','120.197.197.14','2022-10-12 18:24:09','2022-10-12 18:24:09','订单回调','人工操作'),(1204,NULL,0,'BD20221012182435DURV4','182.118.232.5','2022-10-12 18:26:07','2022-10-12 18:26:07','订单回调','App自动回调'),(1205,NULL,0,'BD20221012182557GACNE','182.118.232.5','2022-10-12 18:27:28','2022-10-12 18:27:28','订单回调','App自动回调'),(1206,NULL,103,'XF202210121815546349','1.46.6.225','2022-10-12 18:32:20','2022-10-12 18:32:20','订单回调','人工操作'),(1207,NULL,103,'XF202210121826386022','1.46.6.225','2022-10-12 18:35:26','2022-10-12 18:35:26','订单回调','人工操作'),(1208,NULL,0,'BD20221012183458WWOBX','182.118.232.5','2022-10-12 18:36:18','2022-10-12 18:36:18','订单回调','App自动回调'),(1209,NULL,0,'BD20221012183351I73ZV','182.118.232.5','2022-10-12 18:36:52','2022-10-12 18:36:52','订单回调','App自动回调'),(1210,NULL,0,'BD202210121837493Y68I','120.197.197.14','2022-10-12 18:38:37','2022-10-12 18:38:37','订单回调','App自动回调'),(1211,NULL,115,'BD202210121834376YW3S','120.197.197.14','2022-10-12 18:38:55','2022-10-12 18:38:55','订单回调','人工操作'),(1212,NULL,115,'BD20221012175241LYVMJ','120.197.197.14','2022-10-12 18:39:21','2022-10-12 18:39:21','订单回调','人工操作'),(1213,NULL,0,'BD20221012185138984DZ','120.197.197.14','2022-10-12 18:53:20','2022-10-12 18:53:20','订单回调','App自动回调'),(1214,NULL,103,'XF202210121837162671','1.46.6.225','2022-10-12 18:54:10','2022-10-12 18:54:10','订单回调','人工操作'),(1215,NULL,0,'BD20221012190239RCI1Y','120.197.197.14','2022-10-12 19:03:30','2022-10-12 19:03:30','订单回调','App自动回调'),(1216,NULL,0,'BD20221012190457VE2TN','120.197.197.14','2022-10-12 19:06:58','2022-10-12 19:06:58','订单回调','App自动回调'),(1217,NULL,0,'BD20221012191008RQOX3','120.197.197.14','2022-10-12 19:12:12','2022-10-12 19:12:12','订单回调','App自动回调'),(1218,NULL,115,'BD20221012182517OE6KG','120.197.197.14','2022-10-12 19:12:32','2022-10-12 19:12:32','订单回调','人工操作'),(1219,NULL,103,'XF202210121908358274','1.46.6.225','2022-10-12 19:17:32','2022-10-12 19:17:32','订单回调','人工操作'),(1220,NULL,0,'BD20221012191535ARMQD','182.118.232.5','2022-10-12 19:19:37','2022-10-12 19:19:37','订单回调','App自动回调'),(1221,NULL,0,'BD202210121923415KMI8','120.197.197.14','2022-10-12 19:24:53','2022-10-12 19:24:53','订单回调','App自动回调'),(1222,NULL,0,'BD202210121924402H2LQ','120.197.197.14','2022-10-12 19:25:40','2022-10-12 19:25:40','订单回调','App自动回调'),(1223,NULL,0,'BD20221012192526TPOLY','120.197.197.14','2022-10-12 19:26:14','2022-10-12 19:26:14','订单回调','App自动回调'),(1224,NULL,112,'BD20221012191222BPL00','182.118.232.5','2022-10-12 19:27:23','2022-10-12 19:27:23','订单回调','人工操作'),(1225,NULL,0,'BD20221012192856ATAJA','120.197.197.14','2022-10-12 19:30:10','2022-10-12 19:30:10','订单回调','App自动回调'),(1226,NULL,0,'BD20221012193105WI0UN','182.118.232.5','2022-10-12 19:33:45','2022-10-12 19:33:45','订单回调','App自动回调'),(1227,NULL,0,'BD20221012193150SO5NX','120.197.197.14','2022-10-12 19:34:04','2022-10-12 19:34:04','订单回调','App自动回调'),(1228,NULL,112,'BD202210121924492ISUA','182.118.232.5','2022-10-12 19:35:43','2022-10-12 19:35:43','订单回调','人工操作'),(1229,NULL,0,'BD20221012193603M3QSU','182.118.232.5','2022-10-12 19:37:01','2022-10-12 19:37:01','订单回调','App自动回调'),(1230,NULL,0,'BD2022101219362910RDO','120.197.197.14','2022-10-12 19:37:26','2022-10-12 19:37:26','订单回调','App自动回调'),(1231,NULL,112,'BD20221012192357KYMNN','182.118.232.5','2022-10-12 19:42:55','2022-10-12 19:42:55','订单回调','人工操作'),(1232,NULL,0,'BD20221012194319MGLZZ','120.197.197.14','2022-10-12 19:44:48','2022-10-12 19:44:48','订单回调','App自动回调'),(1233,NULL,112,'BD20221012192943POJPZ','182.118.232.5','2022-10-12 19:44:58','2022-10-12 19:44:58','订单回调','人工操作'),(1234,NULL,0,'BD20221012194407TGSOC','120.197.197.14','2022-10-12 19:45:26','2022-10-12 19:45:26','订单回调','App自动回调'),(1235,NULL,103,'H2000594221012191405370661300','1.46.6.225','2022-10-12 19:51:42','2022-10-12 19:51:42','订单回调','人工操作'),(1236,NULL,103,'H2000594221012190526262661300','1.46.6.225','2022-10-12 19:54:47','2022-10-12 19:54:47','订单回调','人工操作'),(1237,NULL,112,'BD20221012193351AXVMN','182.118.232.5','2022-10-12 19:56:45','2022-10-12 19:56:45','订单回调','人工操作'),(1238,NULL,103,'H2000594221012190138326661500','1.46.6.225','2022-10-12 19:59:21','2022-10-12 19:59:21','订单驳回','人工操作'),(1239,NULL,103,'H2000594221012185946028661600','1.46.6.225','2022-10-12 20:00:30','2022-10-12 20:00:30','订单回调','人工操作'),(1240,NULL,103,'H2000594221012191627878661600','1.46.6.225','2022-10-12 20:04:02','2022-10-12 20:04:02','订单回调','人工操作'),(1241,NULL,115,'BD20221012195406FDJJ5','112.96.102.229','2022-10-12 20:05:53','2022-10-12 20:05:53','订单回调','人工操作'),(1242,NULL,103,'H2000594221012192344030661700','1.46.6.225','2022-10-12 20:06:25','2022-10-12 20:06:25','订单回调','人工操作'),(1243,NULL,115,'BD20221012195725SGGDY','112.96.102.229','2022-10-12 20:09:08','2022-10-12 20:09:08','订单回调','人工操作'),(1244,NULL,115,'BD20221012195321OVNNH','112.96.102.229','2022-10-12 20:09:49','2022-10-12 20:09:49','订单回调','人工操作'),(1245,NULL,103,'H2000594221012190659373661600','1.46.6.225','2022-10-12 20:10:54','2022-10-12 20:10:54','订单驳回','人工操作'),(1246,NULL,103,'H2000594221012192544054661700','1.46.6.225','2022-10-12 20:11:23','2022-10-12 20:11:23','订单回调','人工操作'),(1247,NULL,103,'H2000594221012192834639661800','1.46.6.225','2022-10-12 20:11:37','2022-10-12 20:11:37','订单回调','人工操作'),(1248,NULL,0,'BD20221012201446GG1UI','120.197.197.14','2022-10-12 20:15:32','2022-10-12 20:15:32','订单回调','App自动回调'),(1249,NULL,103,'XF202210122012058785','1.46.6.225','2022-10-12 20:17:55','2022-10-12 20:17:55','订单回调','人工操作'),(1250,NULL,115,'BD20221012202135IBZC2','112.96.102.229','2022-10-12 20:24:11','2022-10-12 20:24:11','订单回调','人工操作'),(1251,NULL,115,'BD202210122004256CCNY','112.96.102.229','2022-10-12 20:24:57','2022-10-12 20:24:57','订单回调','人工操作'),(1252,NULL,115,'BD202210122003126QETX','112.96.102.229','2022-10-12 20:26:39','2022-10-12 20:26:39','订单回调','人工操作'),(1253,NULL,0,'BD20221012203119JIYAP','120.197.197.14','2022-10-12 20:32:13','2022-10-12 20:32:13','订单回调','App自动回调'),(1254,NULL,0,'BD20221012203548WLKY9','120.197.197.14','2022-10-12 20:36:56','2022-10-12 20:36:56','订单回调','App自动回调'),(1255,NULL,0,'BD20221012204036DD3WA','120.197.197.14','2022-10-12 20:41:58','2022-10-12 20:41:58','订单回调','App自动回调'),(1256,NULL,0,'BD20221012204226XRAWU','39.144.181.33','2022-10-12 20:43:31','2022-10-12 20:43:31','订单回调','App自动回调'),(1257,NULL,0,'BD20221012204250OOGMS','120.197.197.14','2022-10-12 20:43:49','2022-10-12 20:43:49','订单回调','App自动回调'),(1258,NULL,103,'XF202210122040095623','1.46.6.225','2022-10-12 20:44:56','2022-10-12 20:44:56','订单回调','人工操作'),(1259,NULL,0,'BD20221012204409SUDXQ','39.144.181.33','2022-10-12 20:46:07','2022-10-12 20:46:07','订单回调','App自动回调'),(1260,NULL,0,'BD20221012204553COJQM','120.197.197.14','2022-10-12 20:46:46','2022-10-12 20:46:46','订单回调','App自动回调'),(1261,NULL,112,'BD202210122036477CGI8','182.118.237.36','2022-10-12 20:48:41','2022-10-12 20:48:41','订单回调','人工操作'),(1262,NULL,0,'BD20221012204924OYO0P','120.197.197.14','2022-10-12 20:50:34','2022-10-12 20:50:34','订单回调','App自动回调'),(1263,NULL,0,'BD20221012204817LYRZD','223.91.204.74','2022-10-12 20:50:34','2022-10-12 20:50:34','订单回调','App自动回调'),(1264,NULL,112,'BD20221012203035RXB96','182.118.237.36','2022-10-12 20:51:27','2022-10-12 20:51:27','订单回调','人工操作'),(1265,NULL,112,'BD20221012195725TWDVI','182.118.237.36','2022-10-12 20:52:45','2022-10-12 20:52:45','订单回调','人工操作'),(1266,NULL,0,'BD20221012205201IVMYA','223.91.204.74','2022-10-12 20:54:44','2022-10-12 20:54:44','订单回调','App自动回调'),(1267,NULL,0,'BD20221012205658WAUUI','120.197.197.14','2022-10-12 20:58:20','2022-10-12 20:58:20','订单回调','App自动回调'),(1268,NULL,0,'BD20221012210142DPXA1','223.91.204.74','2022-10-12 21:04:01','2022-10-12 21:04:01','订单回调','App自动回调'),(1269,NULL,0,'BD20221012210509UCNUP','120.197.197.14','2022-10-12 21:06:15','2022-10-12 21:06:15','订单回调','App自动回调'),(1270,NULL,103,'XF202210122052274759','1.46.6.225','2022-10-12 21:08:46','2022-10-12 21:08:46','订单回调','人工操作'),(1271,NULL,0,'BD20221012210830PDLXY','120.197.197.14','2022-10-12 21:09:57','2022-10-12 21:09:57','订单回调','App自动回调'),(1272,NULL,0,'BD20221012211103ULQ7A','223.91.204.74','2022-10-12 21:12:02','2022-10-12 21:12:02','订单回调','App自动回调'),(1273,NULL,0,'BD20221012211649RROKE','120.197.197.14','2022-10-12 21:18:07','2022-10-12 21:18:07','订单回调','App自动回调'),(1274,NULL,0,'BD20221012211842X2LBM','120.197.197.14','2022-10-12 21:19:46','2022-10-12 21:19:46','订单回调','App自动回调'),(1275,NULL,0,'BD20221012211836G0LE9','223.91.204.74','2022-10-12 21:20:19','2022-10-12 21:20:19','订单回调','App自动回调'),(1276,NULL,0,'BD20221012211815QX4SK','120.197.197.14','2022-10-12 21:20:30','2022-10-12 21:20:30','订单回调','App自动回调'),(1277,NULL,0,'BD2022101221205981MT3','223.91.204.74','2022-10-12 21:24:29','2022-10-12 21:24:29','订单回调','App自动回调'),(1278,NULL,103,'XF202210122116127449','1.46.6.225','2022-10-12 21:27:12','2022-10-12 21:27:12','订单回调','人工操作'),(1279,NULL,0,'BD202210122136354ZLTL','120.197.197.14','2022-10-12 21:37:44','2022-10-12 21:37:44','订单回调','App自动回调'),(1280,NULL,112,'BD20221012211646C7OMQ','182.118.237.36','2022-10-12 21:42:16','2022-10-12 21:42:16','订单回调','人工操作'),(1281,NULL,0,'BD202210122142562NBP7','120.197.197.14','2022-10-12 21:44:05','2022-10-12 21:44:05','订单回调','App自动回调'),(1282,NULL,115,'BD20221012214204AQ8PM','112.96.102.229','2022-10-12 21:44:35','2022-10-12 21:44:35','订单回调','人工操作'),(1283,NULL,112,'BD20221012213151V2JIM','182.118.237.36','2022-10-12 21:45:55','2022-10-12 21:45:55','订单回调','人工操作'),(1284,NULL,112,'BD20221012213952NDDTN','182.118.237.36','2022-10-12 21:48:34','2022-10-12 21:48:34','订单回调','人工操作'),(1285,NULL,0,'BD20221012214556QWXXZ','223.91.204.74','2022-10-12 21:49:22','2022-10-12 21:49:22','订单回调','App自动回调'),(1286,NULL,115,'BD20221012214538ODKVH','112.96.102.229','2022-10-12 21:49:33','2022-10-12 21:49:33','订单回调','人工操作'),(1287,NULL,0,'BD20221012214908JCL0Y','120.197.197.14','2022-10-12 21:50:42','2022-10-12 21:50:42','订单回调','App自动回调'),(1288,NULL,103,'XF202210122146177971','1.46.6.225','2022-10-12 21:54:58','2022-10-12 21:54:58','订单回调','人工操作'),(1289,NULL,112,'BD20221012214510T96SB','182.118.237.36','2022-10-12 21:56:03','2022-10-12 21:56:03','订单回调','人工操作'),(1290,NULL,112,'BD20221012214327TZMOX','182.118.237.36','2022-10-12 21:57:45','2022-10-12 21:57:45','订单回调','人工操作'),(1291,NULL,115,'BD20221012214443MEFQZ','112.96.102.229','2022-10-12 22:10:08','2022-10-12 22:10:08','订单回调','人工操作'),(1292,NULL,0,'BD20221012220905PXGTU','120.197.197.14','2022-10-12 22:10:27','2022-10-12 22:10:27','订单回调','App自动回调'),(1293,NULL,0,'BD20221012221133JEHOY','120.197.197.14','2022-10-12 22:12:18','2022-10-12 22:12:18','订单回调','App自动回调'),(1294,NULL,0,'BD20221012221008UI3WN','223.91.204.74','2022-10-12 22:13:44','2022-10-12 22:13:44','订单回调','App自动回调'),(1295,NULL,0,'BD20221012222004NHXFQ','120.197.197.14','2022-10-12 22:20:55','2022-10-12 22:20:55','订单回调','App自动回调'),(1296,NULL,0,'BD20221012222335V5KWQ','223.91.204.74','2022-10-12 22:25:05','2022-10-12 22:25:05','订单回调','App自动回调'),(1297,NULL,103,'XF202210122209489525','84.17.34.104','2022-10-12 22:25:33','2022-10-12 22:25:33','订单回调','人工操作'),(1298,NULL,0,'BD202210122225222TMDE','120.197.197.14','2022-10-12 22:26:40','2022-10-12 22:26:40','订单回调','App自动回调'),(1299,NULL,0,'BD20221012222629QDBQR','223.91.204.74','2022-10-12 22:29:29','2022-10-12 22:29:29','订单回调','App自动回调'),(1300,NULL,103,'XF202210122208538561','84.17.34.104','2022-10-12 22:30:19','2022-10-12 22:30:19','订单回调','人工操作'),(1301,NULL,0,'BD20221012222741DUXFL','120.197.197.14','2022-10-12 22:30:53','2022-10-12 22:30:53','订单回调','App自动回调'),(1302,NULL,0,'BD20221012223536HIFTK','120.197.197.14','2022-10-12 22:36:48','2022-10-12 22:36:48','订单回调','App自动回调'),(1303,NULL,0,'BD20221012223806TXRCU','223.91.204.74','2022-10-12 22:39:55','2022-10-12 22:39:55','订单回调','App自动回调'),(1304,NULL,103,'H2000594221012220003087661300','84.17.34.104','2022-10-12 22:40:11','2022-10-12 22:40:11','订单回调','人工操作'),(1305,NULL,103,'H2000584221012220430144661700','84.17.34.104','2022-10-12 22:40:50','2022-10-12 22:40:50','订单回调','人工操作'),(1306,NULL,0,'BD20221012224708JNXQX','120.197.197.14','2022-10-12 22:47:51','2022-10-12 22:47:51','订单回调','App自动回调'),(1307,NULL,0,'BD20221012225042SUXHF','223.91.204.74','2022-10-12 22:52:36','2022-10-12 22:52:36','订单回调','App自动回调'),(1308,NULL,103,'XF202210122249314433','84.17.34.104','2022-10-12 22:56:26','2022-10-12 22:56:26','订单回调','人工操作'),(1309,NULL,0,'BD202210122302272HXV1','223.91.204.74','2022-10-12 23:03:37','2022-10-12 23:03:37','订单回调','App自动回调'),(1310,NULL,0,'BD20221012230712OCRVL','120.197.197.14','2022-10-12 23:09:59','2022-10-12 23:09:59','订单回调','App自动回调'),(1311,NULL,0,'BD2022101223072393YMQ','223.91.204.74','2022-10-12 23:11:25','2022-10-12 23:11:25','订单回调','App自动回调'),(1312,NULL,115,'BD202210122258181FVIJ','112.96.102.229','2022-10-12 23:12:32','2022-10-12 23:12:32','订单回调','人工操作'),(1313,NULL,0,'BD20221012231314HI2D0','120.197.197.14','2022-10-12 23:14:11','2022-10-12 23:14:11','订单回调','App自动回调'),(1314,NULL,0,'BD20221012232752OHN0A','120.197.197.14','2022-10-12 23:29:00','2022-10-12 23:29:00','订单回调','App自动回调'),(1315,NULL,103,'XF202210122320527928','84.17.34.104','2022-10-12 23:29:53','2022-10-12 23:29:53','订单回调','人工操作'),(1316,NULL,0,'BD20221012233651TVVRX','120.197.197.14','2022-10-12 23:37:52','2022-10-12 23:37:52','订单回调','App自动回调'),(1317,NULL,0,'BD20221012234324SFVVI','120.197.197.14','2022-10-12 23:46:31','2022-10-12 23:46:31','订单回调','App自动回调'),(1318,NULL,0,'BD20221012234850JER8L','120.197.197.14','2022-10-12 23:49:49','2022-10-12 23:49:49','订单回调','App自动回调'),(1319,NULL,0,'BD20221012235036KLFJK','120.197.197.14','2022-10-12 23:52:52','2022-10-12 23:52:52','订单回调','App自动回调'),(1320,NULL,112,'BD202210122342459FBSP','182.118.237.36','2022-10-12 23:54:20','2022-10-12 23:54:20','订单回调','人工操作'),(1321,NULL,0,'BD20221012235852CTCKN','120.197.197.14','2022-10-13 00:00:07','2022-10-13 00:00:07','订单回调','App自动回调'),(1322,NULL,0,'BD20221013000038CR0MT','120.197.197.14','2022-10-13 00:01:55','2022-10-13 00:01:55','订单回调','App自动回调'),(1323,NULL,0,'BD20221013000045WDZCT','120.197.197.14','2022-10-13 00:02:09','2022-10-13 00:02:09','订单回调','App自动回调'),(1324,NULL,0,'BD20221013000128QLRYA','120.197.197.14','2022-10-13 00:02:37','2022-10-13 00:02:37','订单回调','App自动回调'),(1325,NULL,0,'BD20221013000200KSBER','120.197.197.14','2022-10-13 00:02:55','2022-10-13 00:02:55','订单回调','App自动回调'),(1326,NULL,0,'BD20221013000205MTH4O','223.91.204.74','2022-10-13 00:03:59','2022-10-13 00:03:59','订单回调','App自动回调'),(1327,NULL,0,'BD20221013000312GUYUA','223.91.204.74','2022-10-13 00:04:16','2022-10-13 00:04:16','订单回调','App自动回调'),(1328,NULL,115,'BD20221012234621KHX3L','112.96.102.229','2022-10-13 00:05:14','2022-10-13 00:05:14','订单回调','人工操作'),(1329,NULL,112,'BD20221013000037ACW0G','182.118.237.36','2022-10-13 00:09:04','2022-10-13 00:09:04','订单回调','人工操作'),(1330,NULL,0,'BD20221013000856NZRDO','120.197.197.14','2022-10-13 00:10:37','2022-10-13 00:10:37','订单回调','App自动回调'),(1331,NULL,0,'BD20221013001158PEDRI','120.197.197.14','2022-10-13 00:13:03','2022-10-13 00:13:03','订单回调','App自动回调'),(1332,NULL,0,'BD20221013001304PSC50','223.91.204.74','2022-10-13 00:14:46','2022-10-13 00:14:46','订单回调','App自动回调'),(1333,NULL,0,'BD20221013001511R8JZL','120.197.197.14','2022-10-13 00:17:02','2022-10-13 00:17:02','订单回调','App自动回调'),(1334,NULL,0,'BD20221013001912HAYYU','223.91.204.74','2022-10-13 00:22:17','2022-10-13 00:22:17','订单回调','App自动回调'),(1335,NULL,112,'BD20221013000659UGEHN','182.118.237.36','2022-10-13 00:26:37','2022-10-13 00:26:37','订单回调','人工操作'),(1336,NULL,0,'BD202210130025126DXHJ','223.91.204.74','2022-10-13 00:26:58','2022-10-13 00:26:58','订单回调','App自动回调'),(1337,NULL,115,'BD20221013001646NXEGV','112.96.102.229','2022-10-13 00:29:20','2022-10-13 00:29:20','订单回调','人工操作'),(1338,NULL,0,'BD20221013004009PP5HD','120.197.197.2','2022-10-13 00:42:07','2022-10-13 00:42:07','订单回调','App自动回调'),(1339,NULL,0,'BD20221013005035VZF65','120.197.197.2','2022-10-13 00:51:35','2022-10-13 00:51:35','订单回调','App自动回调'),(1340,NULL,103,'XF202210130045127257','84.17.34.104','2022-10-13 00:56:27','2022-10-13 00:56:27','订单回调','人工操作'),(1341,NULL,112,'BD20221012234803UTX6L','182.118.237.36','2022-10-13 00:57:33','2022-10-13 00:57:33','订单回调','人工操作'),(1342,NULL,0,'BD20221013005845LREGG','223.91.204.74','2022-10-13 01:00:23','2022-10-13 01:00:23','订单回调','App自动回调'),(1343,NULL,115,'BD20221013000228PRLLD','112.96.102.229','2022-10-13 01:00:30','2022-10-13 01:00:30','订单回调','人工操作'),(1344,NULL,115,'BD20221013010243RITMN','112.96.102.229','2022-10-13 01:11:23','2022-10-13 01:11:23','订单回调','人工操作'),(1345,NULL,115,'BD20221013005805Z4SZH','112.96.102.229','2022-10-13 01:12:04','2022-10-13 01:12:04','订单回调','人工操作'),(1346,NULL,103,'XF202210130049207393','84.17.34.104','2022-10-13 01:14:37','2022-10-13 01:14:37','订单回调','人工操作'),(1347,NULL,103,'XF202210130051242382','84.17.34.104','2022-10-13 01:14:51','2022-10-13 01:14:51','订单回调','人工操作'),(1348,NULL,103,'XF202210130052275519','84.17.34.104','2022-10-13 01:15:27','2022-10-13 01:15:27','订单回调','人工操作'),(1349,NULL,103,'XF202210130053089319','84.17.34.104','2022-10-13 01:15:29','2022-10-13 01:15:29','订单回调','人工操作'),(1350,NULL,0,'BD20221013011706KVMPD','120.197.197.62','2022-10-13 01:18:51','2022-10-13 01:18:51','订单回调','App自动回调'),(1351,NULL,0,'BD20221013012030FLVHM','120.197.197.62','2022-10-13 01:22:00','2022-10-13 01:22:00','订单回调','App自动回调'),(1352,NULL,0,'BD202210130120508H0ZP','223.91.204.74','2022-10-13 01:22:46','2022-10-13 01:22:46','订单回调','App自动回调'),(1353,NULL,0,'BD20221013012230GKMPN','120.197.197.62','2022-10-13 01:23:10','2022-10-13 01:23:10','订单回调','App自动回调'),(1354,NULL,0,'BD20221013011955RCJHA','223.91.204.74','2022-10-13 01:24:28','2022-10-13 01:24:28','订单回调','App自动回调'),(1355,NULL,0,'BD20221013014018H79US','120.197.197.62','2022-10-13 01:42:33','2022-10-13 01:42:33','订单回调','App自动回调'),(1356,NULL,0,'BD20221013014717TO0MI','223.91.204.74','2022-10-13 01:48:37','2022-10-13 01:48:37','订单回调','App自动回调'),(1357,NULL,103,'H2000584221013013340016661600','84.17.34.104','2022-10-13 01:48:39','2022-10-13 01:48:39','订单回调','人工操作'),(1358,NULL,103,'H2000584221013013412022661600','84.17.34.104','2022-10-13 01:49:00','2022-10-13 01:49:00','订单回调','人工操作'),(1359,NULL,0,'BD20221013015838COXCO','120.197.197.62','2022-10-13 02:00:13','2022-10-13 02:00:13','订单回调','App自动回调'),(1360,NULL,0,'BD20221013015915V4ZII','223.91.204.74','2022-10-13 02:00:43','2022-10-13 02:00:43','订单回调','App自动回调'),(1361,NULL,0,'BD20221013020710BF5GE','223.91.204.74','2022-10-13 02:08:23','2022-10-13 02:08:23','订单回调','App自动回调'),(1362,NULL,0,'BD20221013021231GKPGS','223.91.204.74','2022-10-13 02:14:39','2022-10-13 02:14:39','订单回调','App自动回调'),(1363,NULL,0,'BD20221013022502FHPKQ','223.91.204.74','2022-10-13 02:29:22','2022-10-13 02:29:22','订单回调','App自动回调'),(1364,NULL,115,'BD20221013021356IM91Z','112.96.102.229','2022-10-13 02:31:58','2022-10-13 02:31:58','订单回调','人工操作'),(1365,NULL,103,'XF202210130202534993','84.17.34.104','2022-10-13 02:32:39','2022-10-13 02:32:39','订单回调','人工操作'),(1366,NULL,0,'BD20221013023350YAV6N','120.197.197.62','2022-10-13 02:34:42','2022-10-13 02:34:42','订单回调','App自动回调'),(1367,NULL,0,'BD20221013023411LUGQU','223.91.204.74','2022-10-13 02:36:26','2022-10-13 02:36:26','订单回调','App自动回调'),(1368,NULL,0,'BD20221013023558H9ZWL','120.197.197.62','2022-10-13 02:36:53','2022-10-13 02:36:53','订单回调','App自动回调'),(1369,NULL,0,'BD20221013023942GRDEA','223.91.204.74','2022-10-13 02:40:31','2022-10-13 02:40:31','订单回调','App自动回调'),(1370,NULL,0,'BD202210130240106AWC3','120.197.197.62','2022-10-13 02:41:40','2022-10-13 02:41:40','订单回调','App自动回调'),(1371,NULL,0,'BD20221013024242FAZHS','120.197.197.62','2022-10-13 02:43:38','2022-10-13 02:43:38','订单回调','App自动回调'),(1372,NULL,0,'BD20221013024425GDAHT','120.197.197.62','2022-10-13 02:46:10','2022-10-13 02:46:10','订单回调','App自动回调'),(1373,NULL,0,'BD20221013024507OTCLZ','223.91.204.74','2022-10-13 02:46:23','2022-10-13 02:46:23','订单回调','App自动回调'),(1374,NULL,0,'BD20221013024353TKI3Q','223.91.204.74','2022-10-13 02:47:28','2022-10-13 02:47:28','订单回调','App自动回调'),(1375,NULL,0,'BD20221013024711NNM6B','120.197.197.62','2022-10-13 02:48:59','2022-10-13 02:48:59','订单回调','App自动回调'),(1376,NULL,0,'BD20221013024913BA8WV','120.197.197.62','2022-10-13 02:50:27','2022-10-13 02:50:27','订单回调','App自动回调'),(1377,NULL,0,'BD20221013024858CAVXG','223.91.204.74','2022-10-13 02:51:14','2022-10-13 02:51:14','订单回调','App自动回调'),(1378,NULL,115,'BD20221013022020KW766','112.96.102.229','2022-10-13 02:53:02','2022-10-13 02:53:02','订单回调','人工操作'),(1379,NULL,0,'BD20221013025748Y9WKO','120.197.197.62','2022-10-13 02:59:19','2022-10-13 02:59:19','订单回调','App自动回调'),(1380,NULL,115,'BD20221013025125FQ4VZ','112.96.102.229','2022-10-13 03:07:07','2022-10-13 03:07:07','订单回调','人工操作'),(1381,NULL,0,'BD20221013030703SIN6Q','223.91.204.74','2022-10-13 03:08:17','2022-10-13 03:08:17','订单回调','App自动回调'),(1382,NULL,0,'BD20221013030809TBICF','120.197.197.62','2022-10-13 03:08:58','2022-10-13 03:08:58','订单回调','App自动回调'),(1383,NULL,115,'BD20221013031928QWBFB','112.96.102.229','2022-10-13 03:21:34','2022-10-13 03:21:34','订单回调','人工操作'),(1384,NULL,103,'XF202210130303130626','84.17.34.104','2022-10-13 03:25:47','2022-10-13 03:25:47','订单回调','人工操作'),(1385,NULL,0,'BD20221013032845PLC04','223.91.204.74','2022-10-13 03:30:02','2022-10-13 03:30:02','订单回调','App自动回调'),(1386,NULL,0,'BD20221013032921TWIGQ','120.197.197.62','2022-10-13 03:30:56','2022-10-13 03:30:56','订单回调','App自动回调'),(1387,NULL,0,'BD20221013033431K6RCT','120.197.197.62','2022-10-13 03:35:52','2022-10-13 03:35:52','订单回调','App自动回调'),(1388,NULL,0,'BD20221013033349IRH60','120.197.197.62','2022-10-13 03:36:19','2022-10-13 03:36:19','订单回调','App自动回调'),(1389,NULL,0,'BD20221013033526KX7NV','223.91.204.74','2022-10-13 03:36:43','2022-10-13 03:36:43','订单回调','App自动回调'),(1390,NULL,115,'BD20221013032718YS957','112.96.102.229','2022-10-13 03:50:06','2022-10-13 03:50:06','订单回调','人工操作'),(1391,NULL,0,'BD20221013034912DKOT4','223.91.204.74','2022-10-13 03:50:59','2022-10-13 03:50:59','订单回调','App自动回调'),(1392,NULL,103,'H2000584221013035004626661400','84.17.34.104','2022-10-13 04:04:38','2022-10-13 04:04:38','订单回调','人工操作'),(1393,NULL,103,'H2000584221013034058962661500','84.17.34.104','2022-10-13 04:04:54','2022-10-13 04:04:54','订单回调','人工操作'),(1394,NULL,115,'BD20221013035937O26MA','112.96.102.229','2022-10-13 04:09:20','2022-10-13 04:09:20','订单回调','人工操作'),(1395,NULL,103,'XF202210130402044200','84.17.34.104','2022-10-13 04:09:34','2022-10-13 04:09:34','订单回调','人工操作'),(1396,NULL,0,'BD20221013042041FR7UG','120.197.197.62','2022-10-13 04:21:41','2022-10-13 04:21:41','订单回调','App自动回调'),(1397,NULL,0,'BD20221013042016CBKGS','223.91.204.74','2022-10-13 04:22:17','2022-10-13 04:22:17','订单回调','App自动回调'),(1398,NULL,0,'BD20221013042159R0GJV','223.91.204.74','2022-10-13 04:22:55','2022-10-13 04:22:55','订单回调','App自动回调'),(1399,NULL,115,'BD20221013042827WQXRI','112.96.102.229','2022-10-13 04:43:05','2022-10-13 04:43:05','订单回调','人工操作'),(1400,NULL,0,'BD20221013044852DETSE','223.91.204.74','2022-10-13 04:49:46','2022-10-13 04:49:46','订单回调','App自动回调'),(1401,NULL,103,'H2000584221013040555004661700','84.17.34.104','2022-10-13 04:52:59','2022-10-13 04:52:59','订单回调','人工操作'),(1402,NULL,103,'H2000584221013035512833661600','84.17.34.104','2022-10-13 04:53:21','2022-10-13 04:53:21','订单回调','人工操作'),(1403,NULL,0,'BD20221013052322EFFOZ','223.91.204.74','2022-10-13 05:26:14','2022-10-13 05:26:14','订单回调','App自动回调'),(1404,NULL,115,'BD20221013050839BLYDL','112.96.102.229','2022-10-13 05:32:02','2022-10-13 05:32:02','订单回调','人工操作'),(1405,NULL,0,'BD20221013053641RISBY','120.197.197.62','2022-10-13 05:37:46','2022-10-13 05:37:46','订单回调','App自动回调'),(1406,NULL,115,'BD20221013052802FZ9V0','112.96.102.229','2022-10-13 05:37:59','2022-10-13 05:37:59','订单回调','人工操作'),(1407,NULL,0,'BD20221013053630VVQBT','223.91.204.74','2022-10-13 05:40:08','2022-10-13 05:40:08','订单回调','App自动回调'),(1408,NULL,0,'BD20221013054519UR3SA','223.91.204.74','2022-10-13 05:45:56','2022-10-13 05:45:56','订单回调','App自动回调'),(1409,NULL,0,'BD20221013054602PTUKC','120.197.197.62','2022-10-13 05:46:51','2022-10-13 05:46:51','订单回调','App自动回调'),(1410,NULL,0,'BD20221013055534A1JGK','223.91.204.74','2022-10-13 05:59:25','2022-10-13 05:59:25','订单回调','App自动回调'),(1411,NULL,0,'BD202210130611578JFRD','120.197.197.62','2022-10-13 06:13:23','2022-10-13 06:13:23','订单回调','App自动回调'),(1412,NULL,0,'BD20221013061109DQ9JW','223.91.204.74','2022-10-13 06:14:35','2022-10-13 06:14:35','订单回调','App自动回调'),(1413,NULL,0,'BD20221013062042W4TSU','223.91.204.74','2022-10-13 06:23:04','2022-10-13 06:23:04','订单回调','App自动回调'),(1414,NULL,0,'BD20221013062630AOX6O','120.197.197.62','2022-10-13 06:27:22','2022-10-13 06:27:22','订单回调','App自动回调'),(1415,NULL,103,'H2000584221013050008916661300','84.17.34.104','2022-10-13 06:32:05','2022-10-13 06:32:05','订单回调','人工操作'),(1416,NULL,103,'H2000584221013050242862661800','84.17.34.104','2022-10-13 06:32:19','2022-10-13 06:32:19','订单回调','人工操作'),(1417,NULL,0,'BD20221013063255IFOVQ','223.91.204.74','2022-10-13 06:34:22','2022-10-13 06:34:22','订单回调','App自动回调'),(1418,NULL,103,'H2000584221013050419040661500','84.17.34.104','2022-10-13 06:41:13','2022-10-13 06:41:13','订单回调','人工操作'),(1419,NULL,0,'BD20221013065453PRIH2','120.197.197.62','2022-10-13 06:56:07','2022-10-13 06:56:07','订单回调','App自动回调'),(1420,NULL,0,'BD20221013070720SJZU9','120.197.197.62','2022-10-13 07:09:29','2022-10-13 07:09:29','订单回调','App自动回调'),(1421,NULL,112,'BD20221013001543WVQO2','182.118.233.32','2022-10-13 07:30:23','2022-10-13 07:30:23','订单回调','人工操作'),(1422,NULL,0,'BD202210130729443XVPK','120.197.197.62','2022-10-13 07:31:00','2022-10-13 07:31:00','订单回调','App自动回调'),(1423,NULL,0,'BD20221013073148XKA8S','120.197.197.62','2022-10-13 07:33:35','2022-10-13 07:33:35','订单回调','App自动回调'),(1424,NULL,0,'BD20221013073258IUTSL','120.197.197.62','2022-10-13 07:33:58','2022-10-13 07:33:58','订单回调','App自动回调'),(1425,NULL,0,'BD20221013073555HIICF','120.197.197.62','2022-10-13 07:36:49','2022-10-13 07:36:49','订单回调','App自动回调'),(1426,NULL,0,'BD20221013073557FE9HK','223.91.204.74','2022-10-13 07:37:19','2022-10-13 07:37:19','订单回调','App自动回调'),(1427,NULL,0,'BD20221013073717YK5CJ','120.197.197.62','2022-10-13 07:38:21','2022-10-13 07:38:21','订单回调','App自动回调'),(1428,NULL,112,'BD20221013071153SHFXK','182.118.233.32','2022-10-13 07:58:34','2022-10-13 07:58:34','订单回调','人工操作'),(1429,NULL,0,'BD20221013081351OIADL','120.197.197.62','2022-10-13 08:14:46','2022-10-13 08:14:46','订单回调','App自动回调'),(1430,NULL,115,'BD20221013024348GYXWT','112.96.102.229','2022-10-13 08:15:50','2022-10-13 08:15:50','订单回调','人工操作'),(1431,NULL,0,'BD20221013081745GZNYF','120.197.197.62','2022-10-13 08:19:00','2022-10-13 08:19:00','订单回调','App自动回调'),(1432,NULL,115,'BD20221013080959NK1WS','112.96.102.229','2022-10-13 08:21:20','2022-10-13 08:21:20','订单回调','人工操作'),(1433,NULL,0,'BD20221013082012SXAYZ','120.197.197.62','2022-10-13 08:24:58','2022-10-13 08:24:58','订单回调','App自动回调'),(1434,NULL,112,'BD20221013081622QBYLV','182.118.233.32','2022-10-13 08:25:56','2022-10-13 08:25:56','订单回调','人工操作'),(1435,NULL,112,'BD20221013081824O1QNJ','182.118.233.32','2022-10-13 08:27:32','2022-10-13 08:27:32','订单回调','人工操作'),(1436,NULL,0,'BD20221013083139ATPZU','223.91.204.74','2022-10-13 08:33:13','2022-10-13 08:33:13','订单回调','App自动回调'),(1437,NULL,0,'BD20221013084044WIJQM','120.197.197.62','2022-10-13 08:41:40','2022-10-13 08:41:40','订单回调','App自动回调'),(1438,NULL,103,'H2000584221013071603506661600','84.17.34.104','2022-10-13 08:42:31','2022-10-13 08:42:31','订单回调','人工操作'),(1439,NULL,103,'H2000584221013075524840661800','84.17.34.104','2022-10-13 08:42:46','2022-10-13 08:42:46','订单回调','人工操作'),(1440,NULL,112,'BD20221013082335JTWZD','182.118.233.32','2022-10-13 08:43:46','2022-10-13 08:43:46','订单回调','人工操作'),(1441,NULL,115,'BD202210130830064LEM6','112.96.102.229','2022-10-13 08:43:59','2022-10-13 08:43:59','订单回调','人工操作'),(1442,NULL,0,'BD20221013084456KJALY','223.91.204.74','2022-10-13 08:46:05','2022-10-13 08:46:05','订单回调','App自动回调'),(1443,NULL,115,'BD20221013085111HQWPO','112.96.102.229','2022-10-13 08:57:34','2022-10-13 08:57:34','订单回调','人工操作'),(1444,NULL,0,'BD20221013085610DVR4O','223.91.204.74','2022-10-13 08:58:42','2022-10-13 08:58:42','订单回调','App自动回调'),(1445,NULL,0,'BD20221013090239VUBRP','120.197.197.62','2022-10-13 09:04:00','2022-10-13 09:04:00','订单回调','App自动回调'),(1446,NULL,103,'H2000584221013075810130661400','84.17.34.104','2022-10-13 09:04:47','2022-10-13 09:04:47','订单回调','人工操作'),(1447,NULL,103,'H2000584221013080042436661400','84.17.34.104','2022-10-13 09:05:00','2022-10-13 09:05:00','订单回调','人工操作'),(1448,NULL,103,'H2000584221013075740434661300','84.17.34.104','2022-10-13 09:05:13','2022-10-13 09:05:13','订单回调','人工操作'),(1449,NULL,103,'H2000584221013075959893661800','84.17.34.104','2022-10-13 09:05:34','2022-10-13 09:05:34','订单回调','人工操作'),(1450,NULL,0,'BD20221013090933PIKXP','223.91.204.74','2022-10-13 09:11:28','2022-10-13 09:11:28','订单回调','App自动回调'),(1451,NULL,0,'BD202210130914456RZZR','120.197.197.62','2022-10-13 09:15:45','2022-10-13 09:15:45','订单回调','App自动回调'),(1452,NULL,0,'BD20221013092605FCYUV','120.197.197.62','2022-10-13 09:27:48','2022-10-13 09:27:48','订单回调','App自动回调'),(1453,NULL,0,'BD20221013092948VJDJF','223.91.204.74','2022-10-13 09:31:40','2022-10-13 09:31:40','订单回调','App自动回调'),(1454,NULL,112,'BD20221013092523BVWEI','182.118.233.32','2022-10-13 09:33:01','2022-10-13 09:33:01','订单回调','人工操作'),(1455,NULL,112,'BD20221013092811LOFNI','182.118.233.32','2022-10-13 09:33:22','2022-10-13 09:33:22','订单回调','人工操作'),(1456,NULL,0,'BD20221013093243OLZW3','120.197.197.62','2022-10-13 09:35:00','2022-10-13 09:35:00','订单回调','App自动回调'),(1457,NULL,0,'BD2022101309404842C2M','120.197.197.62','2022-10-13 09:41:53','2022-10-13 09:41:53','订单回调','App自动回调'),(1458,NULL,0,'BD20221013094413M9EJ8','120.197.197.62','2022-10-13 09:45:29','2022-10-13 09:45:29','订单回调','App自动回调'),(1459,NULL,0,'BD20221013094448JXYZ2','223.91.204.74','2022-10-13 09:46:49','2022-10-13 09:46:49','订单回调','App自动回调'),(1460,NULL,0,'BD20221013094755MN4PP','120.197.197.62','2022-10-13 09:48:45','2022-10-13 09:48:45','订单回调','App自动回调'),(1461,NULL,103,'H2000584221013090154736661400','84.17.34.104','2022-10-13 09:53:30','2022-10-13 09:53:30','订单回调','人工操作'),(1462,NULL,0,'BD20221013095550EPRQH','223.91.204.74','2022-10-13 09:58:31','2022-10-13 09:58:31','订单回调','App自动回调'),(1463,NULL,0,'BD202210130958034OWA1','120.197.197.62','2022-10-13 09:59:02','2022-10-13 09:59:02','订单回调','App自动回调'),(1464,NULL,103,'XF202210131002539586','1.46.6.225','2022-10-13 10:10:49','2022-10-13 10:10:49','订单回调','人工操作'),(1465,NULL,103,'XF202210131002036760','1.46.6.225','2022-10-13 10:10:51','2022-10-13 10:10:51','订单回调','人工操作'),(1466,NULL,115,'BD20221013101501PP1KL','112.96.102.229','2022-10-13 10:18:08','2022-10-13 10:18:08','订单回调','人工操作'),(1467,NULL,0,'BD20221013101948JJ8XI','120.197.197.62','2022-10-13 10:21:14','2022-10-13 10:21:14','订单回调','App自动回调'),(1468,NULL,112,'BD202210131010325HNS0','182.118.233.32','2022-10-13 10:30:16','2022-10-13 10:30:16','订单回调','人工操作'),(1469,NULL,112,'BD20221012115836WH2OY','182.118.233.32','2022-10-13 10:32:06','2022-10-13 10:32:06','订单回调','人工操作'),(1470,NULL,112,'BD2022101310191856VGS','182.118.233.32','2022-10-13 10:35:59','2022-10-13 10:35:59','订单回调','人工操作'),(1471,NULL,0,'BD20221013103704FVTFO','120.197.197.62','2022-10-13 10:38:01','2022-10-13 10:38:01','订单回调','App自动回调'),(1472,NULL,0,'BD202210131037235XANN','223.91.204.74','2022-10-13 10:39:10','2022-10-13 10:39:10','订单回调','App自动回调'),(1473,NULL,0,'BD20221013103805W7LUA','120.197.197.62','2022-10-13 10:39:50','2022-10-13 10:39:50','订单回调','App自动回调'),(1474,NULL,103,'H2000584221013095917772661300','1.46.6.225','2022-10-13 10:51:27','2022-10-13 10:51:27','订单回调','人工操作'),(1475,NULL,115,'BD20221013105312DPZKS','112.96.102.229','2022-10-13 10:55:05','2022-10-13 10:55:05','订单回调','人工操作'),(1476,NULL,0,'BD20221013105412NAVFS','120.197.197.62','2022-10-13 10:55:05','2022-10-13 10:55:05','订单回调','App自动回调'),(1477,NULL,0,'BD202210131100204KFGK','120.197.197.62','2022-10-13 11:01:10','2022-10-13 11:01:10','订单回调','App自动回调'),(1478,NULL,0,'BD20221013110029SQH3C','120.197.197.62','2022-10-13 11:01:37','2022-10-13 11:01:37','订单回调','App自动回调'),(1479,NULL,112,'BD20221013105355OSS3G','182.118.233.32','2022-10-13 11:02:51','2022-10-13 11:02:51','订单回调','人工操作'),(1480,NULL,0,'BD20221013111434VFRHC','120.197.197.62','2022-10-13 11:15:57','2022-10-13 11:15:57','订单回调','App自动回调'),(1481,NULL,0,'BD20221013111742BXTQX','120.197.197.62','2022-10-13 11:18:58','2022-10-13 11:18:58','订单回调','App自动回调'),(1482,NULL,115,'BD20221013112119NXO3U','112.96.102.229','2022-10-13 11:25:35','2022-10-13 11:25:35','订单回调','人工操作'),(1483,NULL,0,'BD20221013112554PILTT','120.197.197.62','2022-10-13 11:27:43','2022-10-13 11:27:43','订单回调','App自动回调'),(1484,NULL,103,'H2000594221013102309128661300','1.46.6.225','2022-10-13 11:29:38','2022-10-13 11:29:38','订单回调','人工操作'),(1485,NULL,0,'BD20221013113737NXSNO','120.197.197.62','2022-10-13 11:38:19','2022-10-13 11:38:19','订单回调','App自动回调'),(1486,NULL,112,'BD20221013112350JZHTF','182.118.233.32','2022-10-13 11:39:52','2022-10-13 11:39:52','订单回调','人工操作'),(1487,NULL,0,'BD20221013114517SDBMH','223.91.204.74','2022-10-13 11:47:11','2022-10-13 11:47:11','订单回调','App自动回调'),(1488,NULL,0,'BD20221013114637ZDBYY','223.91.204.74','2022-10-13 11:47:41','2022-10-13 11:47:41','订单回调','App自动回调'),(1489,NULL,0,'BD20221013114627GEAL2','120.197.197.62','2022-10-13 11:48:01','2022-10-13 11:48:01','订单回调','App自动回调'),(1490,NULL,0,'BD20221013114502OLAIE','120.197.197.62','2022-10-13 11:49:39','2022-10-13 11:49:39','订单回调','App自动回调'),(1491,NULL,103,'H2000584221013113621875661400','1.46.6.225','2022-10-13 12:04:48','2022-10-13 12:04:48','订单回调','人工操作'),(1492,NULL,103,'H2000584221013115401197661800','1.46.6.225','2022-10-13 12:16:08','2022-10-13 12:16:08','订单回调','人工操作'),(1493,NULL,103,'H2000584221013115630879661800','1.46.6.225','2022-10-13 12:16:10','2022-10-13 12:16:10','订单回调','人工操作'),(1494,NULL,0,'BD2022101312192128G7D','223.91.204.74','2022-10-13 12:20:26','2022-10-13 12:20:26','订单回调','App自动回调'),(1495,NULL,0,'BD20221013122303VJA9J','223.91.204.74','2022-10-13 12:24:59','2022-10-13 12:24:59','订单回调','App自动回调'),(1496,NULL,0,'BD20221013122240WX5I2','120.197.197.62','2022-10-13 12:26:14','2022-10-13 12:26:14','订单回调','App自动回调'),(1497,NULL,115,'BD20221013121243LEI4G','112.96.102.229','2022-10-13 12:39:33','2022-10-13 12:39:33','订单回调','人工操作'),(1498,NULL,0,'BD20221013125056P7VLR','120.197.197.62','2022-10-13 12:55:58','2022-10-13 12:55:58','订单回调','App自动回调'),(1499,NULL,0,'BD20221013130108UR8YN','120.197.197.62','2022-10-13 13:02:07','2022-10-13 13:02:07','订单回调','App自动回调'),(1500,NULL,0,'BD202210131305043VBFD','120.197.197.62','2022-10-13 13:06:28','2022-10-13 13:06:28','订单回调','App自动回调'),(1501,NULL,115,'BD2022101300194951MMZ','112.96.102.229','2022-10-13 13:17:02','2022-10-13 13:17:02','订单回调','人工操作'),(1502,NULL,112,'BD20221013130623G21JF','182.118.237.60','2022-10-13 13:18:42','2022-10-13 13:18:42','订单回调','人工操作'),(1503,NULL,103,'H2000584221013122812069661300','1.46.6.225','2022-10-13 13:26:00','2022-10-13 13:26:00','订单回调','人工操作'),(1504,NULL,0,'BD20221013132801VB5RH','223.91.204.74','2022-10-13 13:29:35','2022-10-13 13:29:35','订单回调','App自动回调'),(1505,NULL,103,'XF202210131326009137','1.46.6.225','2022-10-13 13:33:42','2022-10-13 13:33:42','订单回调','人工操作'),(1506,NULL,112,'BD20221013133046Z7PTD','182.118.237.60','2022-10-13 13:33:52','2022-10-13 13:33:52','订单回调','人工操作'),(1507,NULL,115,'BD2022101313282912U71','112.96.102.229','2022-10-13 13:39:36','2022-10-13 13:39:36','订单回调','人工操作'),(1508,NULL,0,'BD20221013134101M9ATV','120.197.197.62','2022-10-13 13:42:36','2022-10-13 13:42:36','订单回调','App自动回调'),(1509,NULL,112,'BD20221013133900INTKI','182.118.237.60','2022-10-13 13:47:13','2022-10-13 13:47:13','订单回调','人工操作'),(1510,NULL,115,'BD20221013135021BQDVG','112.96.102.229','2022-10-13 13:52:45','2022-10-13 13:52:45','订单回调','人工操作'),(1511,NULL,0,'BD20221013135035QTH1V','223.91.204.74','2022-10-13 13:53:46','2022-10-13 13:53:46','订单回调','App自动回调'),(1512,NULL,0,'BD20221013135628EMVFR','120.197.197.62','2022-10-13 13:57:34','2022-10-13 13:57:34','订单回调','App自动回调'),(1513,NULL,103,'H2000584221013130955857661400','1.46.6.225','2022-10-13 13:58:35','2022-10-13 13:58:35','订单回调','人工操作'),(1514,NULL,103,'H2000584221013130948387661300','1.46.6.225','2022-10-13 14:00:31','2022-10-13 14:00:31','订单回调','人工操作'),(1515,NULL,0,'BD20221013141452UAVZT','120.197.197.62','2022-10-13 14:16:21','2022-10-13 14:16:21','订单回调','App自动回调'),(1516,NULL,115,'BD20221013141036KO0YA','112.96.102.229','2022-10-13 14:16:46','2022-10-13 14:16:46','订单回调','人工操作'),(1517,NULL,0,'BD202210131413359URSK','223.91.204.74','2022-10-13 14:23:26','2022-10-13 14:23:26','订单回调','App自动回调'),(1518,NULL,103,'H2000584221013133040321661800','1.46.6.225','2022-10-13 14:27:37','2022-10-13 14:27:37','订单回调','人工操作'),(1519,NULL,0,'BD20221013142805ERPX0','223.91.204.74','2022-10-13 14:29:02','2022-10-13 14:29:02','订单回调','App自动回调'),(1520,NULL,103,'H2000584221013133101366661400','1.46.6.225','2022-10-13 14:29:42','2022-10-13 14:29:42','订单回调','人工操作'),(1521,NULL,112,'BD2022101310284991SGR','182.118.237.60','2022-10-13 14:30:13','2022-10-13 14:30:13','订单回调','人工操作'),(1522,NULL,0,'BD20221013144551AZTEZ','223.91.204.74','2022-10-13 14:47:19','2022-10-13 14:47:19','订单回调','App自动回调'),(1523,NULL,0,'BD20221013144907KSFIM','120.197.197.62','2022-10-13 14:50:43','2022-10-13 14:50:43','订单回调','App自动回调'),(1524,NULL,0,'BD20221013145510GIM2F','120.197.197.62','2022-10-13 14:57:12','2022-10-13 14:57:12','订单回调','App自动回调'),(1525,NULL,0,'BD20221013150815K2TU8','223.91.204.74','2022-10-13 15:09:13','2022-10-13 15:09:13','订单回调','App自动回调'),(1526,NULL,0,'BD20221013151009B1B1M','120.197.197.62','2022-10-13 15:11:22','2022-10-13 15:11:22','订单回调','App自动回调'),(1527,NULL,103,'H2000584221013142011912661300','1.46.6.225','2022-10-13 15:20:35','2022-10-13 15:20:35','订单回调','人工操作'),(1528,NULL,0,'BD20221013152123TP4NQ','223.91.204.74','2022-10-13 15:23:16','2022-10-13 15:23:16','订单回调','App自动回调'),(1529,NULL,0,'BD20221013152901CQJDO','120.197.197.62','2022-10-13 15:29:55','2022-10-13 15:29:55','订单回调','App自动回调'),(1530,NULL,0,'BD20221013153438GSCCN','120.197.197.62','2022-10-13 15:37:20','2022-10-13 15:37:20','订单回调','App自动回调'),(1531,NULL,0,'BD20221013154147IOQFG','120.197.197.62','2022-10-13 15:42:41','2022-10-13 15:42:41','订单回调','App自动回调'),(1532,NULL,0,'BD20221013155304YSLPZ','223.91.204.74','2022-10-13 15:55:55','2022-10-13 15:55:55','订单回调','App自动回调'),(1533,NULL,0,'BD20221013155539OSB9A','223.91.204.74','2022-10-13 15:57:13','2022-10-13 15:57:13','订单回调','App自动回调'),(1534,NULL,115,'BD20221013155348UPEIK','112.96.173.166','2022-10-13 15:57:26','2022-10-13 15:57:26','订单回调','人工操作'),(1535,NULL,0,'BD20221013155623L0MB2','223.91.204.74','2022-10-13 15:58:35','2022-10-13 15:58:35','订单回调','App自动回调'),(1536,NULL,0,'BD202210131555560NKJY','120.197.197.62','2022-10-13 15:59:23','2022-10-13 15:59:23','订单回调','App自动回调'),(1537,NULL,0,'BD20221013155836NWOYJ','120.197.197.62','2022-10-13 15:59:55','2022-10-13 15:59:55','订单回调','App自动回调'),(1538,NULL,0,'BD20221013160026G2LGX','120.197.197.62','2022-10-13 16:01:18','2022-10-13 16:01:18','订单回调','App自动回调'),(1539,NULL,0,'BD20221013160545ZQAHJ','120.197.197.62','2022-10-13 16:06:39','2022-10-13 16:06:39','订单回调','App自动回调'),(1540,NULL,112,'BD202210131605075MNWZ','182.118.237.60','2022-10-13 16:13:04','2022-10-13 16:13:04','订单回调','人工操作'),(1541,NULL,0,'BD20221013162242YREIC','223.91.204.74','2022-10-13 16:24:19','2022-10-13 16:24:19','订单回调','App自动回调'),(1542,NULL,0,'BD20221013163550U5CP8','223.91.204.74','2022-10-13 16:37:05','2022-10-13 16:37:05','订单回调','App自动回调'),(1543,NULL,0,'BD20221013163656GJ9RC','120.197.197.62','2022-10-13 16:38:41','2022-10-13 16:38:41','订单回调','App自动回调'),(1544,NULL,103,'XF202210131332472598','1.46.6.225','2022-10-13 16:44:53','2022-10-13 16:44:53','订单回调','人工操作'),(1545,NULL,0,'BD20221013164537N9K2Y','223.91.204.74','2022-10-13 16:46:56','2022-10-13 16:46:56','订单回调','App自动回调'),(1546,NULL,115,'BD20221013164559XNDBC','112.96.173.166','2022-10-13 16:47:39','2022-10-13 16:47:39','订单回调','人工操作'),(1547,NULL,0,'BD20221013165010JKVTY','120.197.197.62','2022-10-13 16:51:29','2022-10-13 16:51:29','订单回调','App自动回调'),(1548,NULL,0,'BD20221013165335TZ8YN','223.91.204.74','2022-10-13 16:54:44','2022-10-13 16:54:44','订单回调','App自动回调'),(1549,NULL,0,'BD20221013165822RWEED','120.197.197.62','2022-10-13 16:59:21','2022-10-13 16:59:21','订单回调','App自动回调'),(1550,NULL,103,'XF202210131659332909','1.46.6.225','2022-10-13 17:05:07','2022-10-13 17:05:07','订单回调','人工操作'),(1551,NULL,0,'BD20221013170604JYHAY','223.91.204.74','2022-10-13 17:07:50','2022-10-13 17:07:50','订单回调','App自动回调'),(1552,NULL,0,'BD20221013170549KQF9G','120.197.197.62','2022-10-13 17:09:16','2022-10-13 17:09:16','订单回调','App自动回调'),(1553,NULL,0,'BD20221013171321U0LRD','120.197.197.62','2022-10-13 17:15:00','2022-10-13 17:15:00','订单回调','App自动回调'),(1554,NULL,0,'BD20221013171629IULV4','120.197.197.62','2022-10-13 17:17:26','2022-10-13 17:17:26','订单回调','App自动回调'),(1555,NULL,0,'BD202210131717414QUCW','223.91.204.74','2022-10-13 17:19:02','2022-10-13 17:19:02','订单回调','App自动回调'),(1556,NULL,0,'BD20221013172255A4RC7','223.91.204.74','2022-10-13 17:24:51','2022-10-13 17:24:51','订单回调','App自动回调'),(1557,NULL,0,'BD20221013172400XDF8R','120.197.197.62','2022-10-13 17:25:03','2022-10-13 17:25:03','订单回调','App自动回调'),(1558,NULL,103,'H2000584221013170245133661700','1.46.6.225','2022-10-13 17:30:29','2022-10-13 17:30:29','订单回调','人工操作'),(1559,NULL,103,'H2000584221013170245517661700','1.46.6.225','2022-10-13 17:30:31','2022-10-13 17:30:31','订单回调','人工操作'),(1560,NULL,103,'H2000584221013170245947661400','1.46.6.225','2022-10-13 17:31:42','2022-10-13 17:31:42','订单回调','人工操作'),(1561,NULL,0,'BD20221013173408SNL4I','223.91.204.74','2022-10-13 17:35:02','2022-10-13 17:35:02','订单回调','App自动回调'),(1562,NULL,0,'BD20221013173843M0I5J','120.197.197.62','2022-10-13 17:41:27','2022-10-13 17:41:27','订单回调','App自动回调'),(1563,NULL,0,'BD20221013174608EZBNV','120.197.197.62','2022-10-13 17:47:59','2022-10-13 17:47:59','订单回调','App自动回调'),(1564,NULL,0,'BD20221013175244FSQAY','120.197.197.62','2022-10-13 17:53:28','2022-10-13 17:53:28','订单回调','App自动回调'),(1565,NULL,112,'BD20221013173922PPW5N','182.118.237.60','2022-10-13 18:01:32','2022-10-13 18:01:32','订单回调','人工操作'),(1566,NULL,0,'BD20221013175915ECB72','120.197.197.62','2022-10-13 18:01:54','2022-10-13 18:01:54','订单回调','App自动回调'),(1567,NULL,103,'XF202210131753379123','1.46.6.225','2022-10-13 18:04:27','2022-10-13 18:04:27','订单回调','人工操作'),(1568,NULL,115,'BD20221013180351PTG8F','112.96.173.166','2022-10-13 18:05:59','2022-10-13 18:05:59','订单回调','人工操作'),(1569,NULL,0,'BD20221013180805VPP2V','120.197.197.62','2022-10-13 18:09:26','2022-10-13 18:09:26','订单回调','App自动回调'),(1570,NULL,0,'BD20221013181351VT9I6','120.197.197.62','2022-10-13 18:15:56','2022-10-13 18:15:56','订单回调','App自动回调'),(1571,NULL,0,'BD20221013181513G05UO','223.91.204.74','2022-10-13 18:16:31','2022-10-13 18:16:31','订单回调','App自动回调'),(1572,NULL,115,'BD20221013182348EJ5BG','112.96.102.229','2022-10-13 18:26:07','2022-10-13 18:26:07','订单回调','人工操作'),(1573,NULL,0,'BD20221013183012SEXKT','120.197.197.62','2022-10-13 18:30:58','2022-10-13 18:30:58','订单回调','App自动回调'),(1574,NULL,103,'XF202210131832434555','1.46.6.225','2022-10-13 18:37:25','2022-10-13 18:37:25','订单回调','人工操作'),(1575,NULL,112,'BD20221013182638PTF4E','182.118.237.60','2022-10-13 18:37:36','2022-10-13 18:37:36','订单回调','人工操作'),(1576,NULL,0,'BD202210131843599J4VX','223.91.204.74','2022-10-13 18:50:01','2022-10-13 18:50:01','订单回调','App自动回调'),(1577,NULL,115,'BD20221013184929TFUO9','112.96.102.229','2022-10-13 18:56:51','2022-10-13 18:56:51','订单回调','人工操作'),(1578,NULL,0,'BD20221013185923FYE8W','223.91.204.74','2022-10-13 19:00:41','2022-10-13 19:00:41','订单回调','App自动回调'),(1579,NULL,0,'BD202210131900207LSQC','120.197.197.62','2022-10-13 19:03:08','2022-10-13 19:03:08','订单回调','App自动回调'),(1580,NULL,115,'BD20221013184557DQJAK','112.96.199.154','2022-10-13 19:10:51','2022-10-13 19:10:51','订单回调','人工操作'),(1581,NULL,103,'XF202210131911473656','1.46.6.225','2022-10-13 19:16:46','2022-10-13 19:16:46','订单回调','人工操作'),(1582,NULL,115,'BD20221013192012KWOR4','112.96.199.154','2022-10-13 19:27:07','2022-10-13 19:27:07','订单回调','人工操作'),(1583,NULL,0,'BD20221013192521GLG85','120.197.197.62','2022-10-13 19:27:48','2022-10-13 19:27:48','订单回调','App自动回调'),(1584,NULL,112,'BD2022101318474308ZBN','182.118.237.60','2022-10-13 19:28:23','2022-10-13 19:28:23','订单回调','人工操作'),(1585,NULL,0,'BD20221013193753DH1Y7','223.91.204.74','2022-10-13 19:39:01','2022-10-13 19:39:01','订单回调','App自动回调'),(1586,NULL,0,'BD20221013194622EACFB','223.91.204.74','2022-10-13 19:48:34','2022-10-13 19:48:34','订单回调','App自动回调'),(1587,NULL,115,'BD20221013194620ANJVB','112.96.199.154','2022-10-13 19:49:38','2022-10-13 19:49:38','订单回调','人工操作'),(1588,NULL,0,'BD20221013195548TUMHW','223.91.204.74','2022-10-13 19:57:34','2022-10-13 19:57:34','订单回调','App自动回调'),(1589,NULL,115,'BD20221013193502JDK9Q','112.96.199.154','2022-10-13 19:57:46','2022-10-13 19:57:46','订单回调','人工操作'),(1590,NULL,115,'BD20221013195438LJADR','112.96.199.154','2022-10-13 19:58:30','2022-10-13 19:58:30','订单回调','人工操作'),(1591,NULL,0,'BD20221013195934MAHGC','120.197.197.62','2022-10-13 20:00:16','2022-10-13 20:00:16','订单回调','App自动回调'),(1592,NULL,0,'BD20221013200433VJUPS','223.91.204.74','2022-10-13 20:05:31','2022-10-13 20:05:31','订单回调','App自动回调'),(1593,NULL,0,'BD20221013200600JBT2K','120.197.197.62','2022-10-13 20:07:13','2022-10-13 20:07:13','订单回调','App自动回调'),(1594,NULL,0,'BD202210132009130AWHF','223.91.204.74','2022-10-13 20:10:46','2022-10-13 20:10:46','订单回调','App自动回调'),(1595,NULL,103,'XF202210132007598030','1.46.152.249','2022-10-13 20:15:56','2022-10-13 20:15:56','订单回调','人工操作'),(1596,NULL,0,'BD20221013202714C3R1K','120.197.197.62','2022-10-13 20:29:34','2022-10-13 20:29:34','订单回调','App自动回调'),(1597,NULL,0,'BD202210132028537P7R7','223.91.204.74','2022-10-13 20:31:28','2022-10-13 20:31:28','订单回调','App自动回调'),(1598,NULL,115,'BD20221013201935RY5QP','112.96.199.154','2022-10-13 20:32:16','2022-10-13 20:32:16','订单回调','人工操作'),(1599,NULL,0,'BD20221013203417AZ738','223.91.204.74','2022-10-13 20:37:38','2022-10-13 20:37:38','订单回调','App自动回调'),(1600,NULL,112,'BD20221013202053G9BV5','182.118.237.60','2022-10-13 20:39:41','2022-10-13 20:39:41','订单回调','人工操作'),(1601,NULL,115,'BD20221013203839B2TIJ','112.96.199.154','2022-10-13 20:43:03','2022-10-13 20:43:03','订单回调','人工操作'),(1602,NULL,0,'BD20221013204706CJSLD','120.197.197.62','2022-10-13 20:48:19','2022-10-13 20:48:19','订单回调','App自动回调'),(1603,NULL,0,'BD20221013204644NXAKM','223.91.204.74','2022-10-13 20:49:01','2022-10-13 20:49:01','订单回调','App自动回调'),(1604,NULL,103,'XF202210132043012958','1.46.6.225','2022-10-13 20:49:29','2022-10-13 20:49:29','订单回调','人工操作'),(1605,NULL,0,'BD20221013205529F6XRB','120.197.197.62','2022-10-13 20:56:11','2022-10-13 20:56:11','订单回调','App自动回调'),(1606,NULL,0,'BD20221013205939NKIGG','120.197.197.62','2022-10-13 21:01:02','2022-10-13 21:01:02','订单回调','App自动回调'),(1607,NULL,0,'BD20221013205910SF50F','120.197.197.62','2022-10-13 21:01:05','2022-10-13 21:01:05','订单回调','App自动回调'),(1608,NULL,0,'BD20221013205940NS5UJ','120.197.197.62','2022-10-13 21:03:41','2022-10-13 21:03:41','订单回调','App自动回调'),(1609,NULL,115,'BD20221013210822IZLMT','112.96.173.166','2022-10-13 21:14:25','2022-10-13 21:14:25','订单回调','人工操作'),(1610,NULL,0,'BD202210132116252GAXC','112.96.173.111','2022-10-13 21:17:55','2022-10-13 21:17:55','订单回调','App自动回调'),(1611,NULL,0,'BD20221013212421WQM2K','112.96.173.111','2022-10-13 21:25:44','2022-10-13 21:25:44','订单回调','App自动回调'),(1612,NULL,112,'BD20221013211457T9WB9','182.118.237.36','2022-10-13 21:28:49','2022-10-13 21:28:49','订单回调','人工操作'),(1613,NULL,115,'BD202210132114269KGJZ','112.96.173.166','2022-10-13 21:29:28','2022-10-13 21:29:28','订单回调','人工操作'),(1614,NULL,112,'BD20221013212742PFVEP','182.118.237.36','2022-10-13 21:36:16','2022-10-13 21:36:16','订单回调','人工操作'),(1615,NULL,103,'XF202210132130430594','1.46.6.225','2022-10-13 21:38:51','2022-10-13 21:38:51','订单回调','人工操作'),(1616,NULL,112,'BD202210132119189HZDP','182.118.237.36','2022-10-13 21:41:20','2022-10-13 21:41:20','订单回调','人工操作'),(1617,NULL,103,'XF202210132112598118','1.46.6.225','2022-10-13 21:42:26','2022-10-13 21:42:26','订单回调','人工操作'),(1618,NULL,103,'XF202210132112071363','1.46.6.225','2022-10-13 21:43:40','2022-10-13 21:43:40','订单驳回','人工操作'),(1619,NULL,103,'XF202210132110515852','1.46.6.225','2022-10-13 21:46:20','2022-10-13 21:46:20','订单回调','人工操作'),(1620,NULL,115,'BD20221013213144D69LX','112.96.173.166','2022-10-13 21:46:41','2022-10-13 21:46:41','订单回调','人工操作'),(1621,NULL,112,'BD20221013213026UMELA','182.118.237.36','2022-10-13 21:46:59','2022-10-13 21:46:59','订单回调','人工操作'),(1622,NULL,0,'BD20221013215031ZAWMF','223.91.204.74','2022-10-13 21:51:53','2022-10-13 21:51:53','订单回调','App自动回调'),(1623,NULL,112,'BD20221013214129YFPPW','182.118.237.36','2022-10-13 21:54:21','2022-10-13 21:54:21','订单回调','人工操作'),(1624,NULL,115,'BD20221013215115O3TVF','112.96.173.166','2022-10-13 22:00:55','2022-10-13 22:00:55','订单回调','人工操作'),(1625,NULL,115,'BD20221013214508KMLNQ','112.96.173.166','2022-10-13 22:01:06','2022-10-13 22:01:06','订单回调','人工操作'),(1626,NULL,115,'BD20221013214442K7VI1','112.96.173.166','2022-10-13 22:01:11','2022-10-13 22:01:11','订单回调','人工操作'),(1627,NULL,103,'XF202210132156316022','170.106.107.180','2022-10-13 22:41:21','2022-10-13 22:41:21','订单回调','人工操作'),(1628,NULL,0,'BD20221014000840AXMCY','223.91.204.74','2022-10-14 00:11:07','2022-10-14 00:11:07','订单回调','App自动回调'),(1629,NULL,115,'BD20221014000614LPXLF','112.96.173.60','2022-10-14 00:12:36','2022-10-14 00:12:36','订单回调','人工操作'),(1630,NULL,115,'BD20221014000824XTL7R','112.96.173.60','2022-10-14 00:12:53','2022-10-14 00:12:53','订单回调','人工操作'),(1631,NULL,0,'BD20221014001116IEE5E','223.91.204.74','2022-10-14 00:13:07','2022-10-14 00:13:07','订单回调','App自动回调'),(1632,NULL,112,'BD20221014001116IEE5E','182.118.237.36','2022-10-14 00:13:22','2022-10-14 00:13:22','订单回调','人工操作'),(1633,NULL,112,'BD20221014000715FEOS3','182.118.237.36','2022-10-14 00:13:42','2022-10-14 00:13:42','订单回调','人工操作'),(1634,NULL,115,'BD20221014001050VZNBY','112.96.173.60','2022-10-14 00:16:24','2022-10-14 00:16:24','订单回调','人工操作'),(1635,NULL,0,'BD20221014002548RPJXT','223.91.204.74','2022-10-14 00:28:07','2022-10-14 00:28:07','订单回调','App自动回调'),(1636,NULL,115,'BD20221014003322JCSWB','112.96.173.60','2022-10-14 00:35:40','2022-10-14 00:35:40','订单回调','人工操作'),(1637,NULL,0,'BD20221014003333QB26V','223.91.204.74','2022-10-14 00:36:06','2022-10-14 00:36:06','订单回调','App自动回调'),(1638,NULL,0,'BD20221014003656FKDYE','223.91.204.74','2022-10-14 00:38:07','2022-10-14 00:38:07','订单回调','App自动回调'),(1639,NULL,115,'BD20221014004035XBD6P','112.96.173.60','2022-10-14 00:42:38','2022-10-14 00:42:38','订单回调','人工操作'),(1640,NULL,0,'BD20221014005125TT7YY','223.91.204.74','2022-10-14 00:53:06','2022-10-14 00:53:06','订单回调','App自动回调'),(1641,NULL,0,'BD20221014005232ROY5L','223.91.204.74','2022-10-14 00:55:07','2022-10-14 00:55:07','订单回调','App自动回调'),(1642,NULL,103,'XF202210132258337850','170.106.107.180','2022-10-14 01:01:51','2022-10-14 01:01:51','订单回调','人工操作'),(1643,NULL,112,'BD20221014004744CDSR4','182.118.237.36','2022-10-14 01:05:40','2022-10-14 01:05:40','订单回调','人工操作'),(1644,NULL,112,'BD202210140057206DFXB','182.118.237.36','2022-10-14 01:09:23','2022-10-14 01:09:23','订单回调','人工操作'),(1645,NULL,112,'BD20221014010009NR5PE','182.118.237.36','2022-10-14 01:10:51','2022-10-14 01:10:51','订单回调','人工操作'),(1646,NULL,115,'BD202210140105244NSR9','112.96.173.60','2022-10-14 01:11:54','2022-10-14 01:11:54','订单回调','人工操作'),(1647,NULL,115,'BD20221014010559MYAOZ','112.96.173.60','2022-10-14 01:12:46','2022-10-14 01:12:46','订单回调','人工操作'),(1648,NULL,112,'BD20221014010201HQI7W','182.118.237.36','2022-10-14 01:17:51','2022-10-14 01:17:51','订单回调','人工操作'),(1649,NULL,112,'BD20221014010537EXS9W','182.118.237.36','2022-10-14 01:21:30','2022-10-14 01:21:30','订单回调','人工操作'),(1650,NULL,115,'BD20221014012210U62BD','112.96.173.60','2022-10-14 01:28:42','2022-10-14 01:28:42','订单回调','人工操作'),(1651,NULL,112,'BD20221014010347N7VVI','182.118.237.36','2022-10-14 01:30:17','2022-10-14 01:30:17','订单回调','人工操作'),(1652,NULL,115,'BD20221014012357KNHBH','112.96.173.60','2022-10-14 01:31:00','2022-10-14 01:31:00','订单回调','人工操作'),(1653,NULL,103,'XF202210140025422819','170.106.107.180','2022-10-14 01:32:20','2022-10-14 01:32:20','订单回调','人工操作'),(1654,NULL,115,'BD202210140130285IKDV','112.96.173.60','2022-10-14 01:33:18','2022-10-14 01:33:18','订单回调','人工操作'),(1655,NULL,115,'BD20221014013657NMBL1','112.96.173.60','2022-10-14 01:39:03','2022-10-14 01:39:03','订单回调','人工操作'),(1656,NULL,115,'BD20221014013546OJ5UY','112.96.173.60','2022-10-14 01:49:04','2022-10-14 01:49:04','订单回调','人工操作'),(1657,NULL,115,'BD20221014014526EPVCJ','112.96.173.60','2022-10-14 01:50:23','2022-10-14 01:50:23','订单回调','人工操作'),(1658,NULL,103,'XF202210140140219710','170.106.107.180','2022-10-14 01:53:34','2022-10-14 01:53:34','订单回调','人工操作'),(1659,NULL,0,'BD202210140153469NVMJ','223.91.204.74','2022-10-14 01:56:07','2022-10-14 01:56:07','订单回调','App自动回调'),(1660,NULL,112,'BD20221014005752PPTMR','182.118.237.36','2022-10-14 01:59:25','2022-10-14 01:59:25','订单回调','人工操作'),(1661,NULL,115,'BD202210140152132FUGV','112.96.173.60','2022-10-14 01:59:33','2022-10-14 01:59:33','订单回调','人工操作'),(1662,NULL,115,'BD20221014015700RULTA','112.96.173.60','2022-10-14 02:04:33','2022-10-14 02:04:33','订单回调','人工操作'),(1663,NULL,0,'BD202210140213515XMPN','223.91.204.74','2022-10-14 02:16:08','2022-10-14 02:16:08','订单回调','App自动回调'),(1664,NULL,112,'BD20221014020449CRQPF','182.118.237.36','2022-10-14 02:17:44','2022-10-14 02:17:44','订单回调','人工操作'),(1665,NULL,115,'BD20221014021322P7YCK','112.96.173.60','2022-10-14 02:19:10','2022-10-14 02:19:10','订单回调','人工操作'),(1666,NULL,115,'BD20221014022139RF1QF','112.96.173.60','2022-10-14 02:24:26','2022-10-14 02:24:26','订单回调','人工操作'),(1667,NULL,0,'BD202210140226484CY9Y','223.91.204.74','2022-10-14 02:28:06','2022-10-14 02:28:06','订单回调','App自动回调'),(1668,NULL,115,'BD20221014022832RFNNT','112.96.173.60','2022-10-14 02:29:25','2022-10-14 02:29:25','订单回调','人工操作'),(1669,NULL,0,'BD20221014023047IMA4K','223.91.204.74','2022-10-14 02:32:07','2022-10-14 02:32:07','订单回调','App自动回调'),(1670,NULL,112,'BD20221014023758LVQSD','182.118.237.36','2022-10-14 02:39:56','2022-10-14 02:39:56','订单回调','人工操作'),(1671,NULL,115,'BD20221014024229FCPXE','112.96.173.60','2022-10-14 02:44:25','2022-10-14 02:44:25','订单回调','人工操作'),(1672,NULL,115,'BD20221014025050OKNFC','112.96.173.60','2022-10-14 02:52:38','2022-10-14 02:52:38','订单回调','人工操作'),(1673,NULL,0,'BD202210140251487XIRS','223.91.204.74','2022-10-14 02:55:05','2022-10-14 02:55:05','订单回调','App自动回调'),(1674,NULL,115,'BD20221014030214RD7SM','112.96.173.60','2022-10-14 03:05:21','2022-10-14 03:05:21','订单回调','人工操作'),(1675,NULL,112,'BD20221014025452S4GAE','182.118.237.36','2022-10-14 03:05:41','2022-10-14 03:05:41','订单回调','人工操作'),(1676,NULL,112,'BD20221014024546GAOAQ','182.118.237.36','2022-10-14 03:06:44','2022-10-14 03:06:44','订单回调','人工操作'),(1677,NULL,103,'XF202210140206299537','170.106.107.180','2022-10-14 03:08:09','2022-10-14 03:08:09','订单回调','人工操作'),(1678,NULL,115,'BD20221014031300TCSZT','112.96.173.60','2022-10-14 03:14:31','2022-10-14 03:14:31','订单回调','人工操作'),(1679,NULL,112,'BD20221014030426PTFQ7','182.118.237.36','2022-10-14 03:21:04','2022-10-14 03:21:04','订单回调','人工操作'),(1680,NULL,112,'BD20221014031637HCBTI','182.118.237.36','2022-10-14 03:22:16','2022-10-14 03:22:16','订单回调','人工操作'),(1681,NULL,112,'BD20221014032047VOQX5','182.118.237.36','2022-10-14 03:22:51','2022-10-14 03:22:51','订单回调','人工操作'),(1682,NULL,115,'BD20221014032222UPUDV','112.96.173.60','2022-10-14 03:24:09','2022-10-14 03:24:09','订单回调','人工操作'),(1683,NULL,112,'BD20221014032523GCEET','182.118.237.36','2022-10-14 03:28:21','2022-10-14 03:28:21','订单回调','人工操作'),(1684,NULL,115,'BD20221014030617F3SQZ','112.96.173.60','2022-10-14 03:33:13','2022-10-14 03:33:13','订单回调','人工操作'),(1685,NULL,103,'MW120221014030815474641300','170.106.107.180','2022-10-14 03:33:58','2022-10-14 03:33:58','订单回调','人工操作'),(1686,NULL,112,'BD20221014033920N7QHO','182.118.237.36','2022-10-14 03:41:26','2022-10-14 03:41:26','订单回调','人工操作'),(1687,NULL,103,'MW120221014030825351641400','170.106.107.180','2022-10-14 03:43:19','2022-10-14 03:43:19','订单回调','人工操作'),(1688,NULL,103,'H2000584221014030821723661700','170.106.107.180','2022-10-14 03:43:34','2022-10-14 03:43:34','订单回调','人工操作'),(1689,NULL,103,'H2000584221014032859213661800','170.106.107.180','2022-10-14 03:43:50','2022-10-14 03:43:50','订单回调','人工操作'),(1690,NULL,103,'XF202210140329240251','170.106.107.180','2022-10-14 03:44:15','2022-10-14 03:44:15','订单回调','人工操作'),(1691,NULL,112,'BD20221014034222OVJPV','182.118.237.36','2022-10-14 03:45:29','2022-10-14 03:45:29','订单回调','人工操作'),(1692,NULL,115,'BD20221014034745CEKXC','112.96.173.60','2022-10-14 03:49:29','2022-10-14 03:49:29','订单回调','人工操作'),(1693,NULL,112,'BD2022101403484559H3L','182.118.237.36','2022-10-14 03:50:38','2022-10-14 03:50:38','订单回调','人工操作'),(1694,NULL,115,'BD202210140350592CVIH','112.96.173.60','2022-10-14 03:52:57','2022-10-14 03:52:57','订单回调','人工操作'),(1695,NULL,115,'BD20221014035737WJAJM','112.96.173.60','2022-10-14 03:59:01','2022-10-14 03:59:01','订单回调','人工操作'),(1696,NULL,115,'BD20221014040301HZ4PT','112.96.173.60','2022-10-14 04:04:19','2022-10-14 04:04:19','订单回调','人工操作'),(1697,NULL,112,'BD20221014040924HXS8H','182.118.237.36','2022-10-14 04:16:28','2022-10-14 04:16:28','订单回调','人工操作'),(1698,NULL,112,'BD20221014035640ILEEI','182.118.237.36','2022-10-14 04:17:52','2022-10-14 04:17:52','订单回调','人工操作'),(1699,NULL,115,'BD20221014042429WRNOQ','112.96.173.60','2022-10-14 04:26:00','2022-10-14 04:26:00','订单回调','人工操作'),(1700,NULL,103,'H2000584221014041449878661700','170.106.107.180','2022-10-14 04:35:30','2022-10-14 04:35:30','订单回调','人工操作'),(1701,NULL,112,'BD20221014042633TZVTU','182.118.237.36','2022-10-14 04:40:43','2022-10-14 04:40:43','订单回调','人工操作'),(1702,NULL,115,'BD20221014044104MPP5V','112.96.173.60','2022-10-14 04:42:37','2022-10-14 04:42:37','订单回调','人工操作'),(1703,NULL,115,'BD202210140444395SKZI','112.96.173.60','2022-10-14 04:46:35','2022-10-14 04:46:35','订单回调','人工操作'),(1704,NULL,112,'BD20221014043809S0JUZ','182.118.233.51','2022-10-14 04:50:23','2022-10-14 04:50:23','订单回调','人工操作'),(1705,NULL,115,'BD20221014045459LNYQJ','112.96.173.60','2022-10-14 04:56:42','2022-10-14 04:56:42','订单回调','人工操作'),(1706,NULL,115,'BD20221014052035WZ3XS','112.96.173.60','2022-10-14 05:22:43','2022-10-14 05:22:43','订单回调','人工操作'),(1707,NULL,112,'BD20221014050725ONPUT','182.118.233.51','2022-10-14 05:25:41','2022-10-14 05:25:41','订单回调','人工操作'),(1708,NULL,112,'BD202210140441349MEF0','182.118.233.51','2022-10-14 05:26:24','2022-10-14 05:26:24','订单回调','人工操作'),(1709,NULL,112,'BD20221014052911TNSQW','182.118.233.51','2022-10-14 05:31:37','2022-10-14 05:31:37','订单回调','人工操作'),(1710,NULL,115,'BD20221014053029LFKIM','112.96.173.60','2022-10-14 05:33:07','2022-10-14 05:33:07','订单回调','人工操作'),(1711,NULL,115,'BD20221014053254AVZJ9','112.96.173.60','2022-10-14 05:34:37','2022-10-14 05:34:37','订单回调','人工操作'),(1712,NULL,103,'XF202210140504349046','170.106.107.180','2022-10-14 05:38:09','2022-10-14 05:38:09','订单回调','人工操作'),(1713,NULL,115,'BD2022101405403919PCS','112.96.173.60','2022-10-14 06:04:18','2022-10-14 06:04:18','订单回调','人工操作'),(1714,NULL,115,'BD20221014053647M58FJ','112.96.173.60','2022-10-14 06:06:40','2022-10-14 06:06:40','订单回调','人工操作'),(1715,NULL,115,'BD20221014054429LBWKF','112.96.173.60','2022-10-14 06:07:13','2022-10-14 06:07:13','订单回调','人工操作'),(1716,NULL,115,'BD20221014054725G45OD','112.96.173.60','2022-10-14 06:07:32','2022-10-14 06:07:32','订单回调','人工操作'),(1717,NULL,115,'BD20221014055449DYHFI','112.96.173.60','2022-10-14 06:08:49','2022-10-14 06:08:49','订单回调','人工操作'),(1718,NULL,115,'BD20221014053802VS7AC','112.96.173.60','2022-10-14 06:21:08','2022-10-14 06:21:08','订单回调','人工操作'),(1719,NULL,115,'BD20221014063329FOK9D','112.96.173.60','2022-10-14 06:34:44','2022-10-14 06:34:44','订单回调','人工操作'),(1720,NULL,103,'H2000594221014054212878661800','170.106.107.180','2022-10-14 06:36:06','2022-10-14 06:36:06','订单回调','人工操作'),(1721,NULL,112,'BD20221014063254MELYT','182.118.233.51','2022-10-14 06:46:43','2022-10-14 06:46:43','订单回调','人工操作'),(1722,NULL,112,'BD20221014063944AQZO6','182.118.233.51','2022-10-14 06:47:38','2022-10-14 06:47:38','订单回调','人工操作'),(1723,NULL,115,'BD20221014064758KLZMN','112.96.173.60','2022-10-14 06:49:16','2022-10-14 06:49:16','订单回调','人工操作'),(1724,NULL,115,'BD20221014065420WCZGI','112.96.173.60','2022-10-14 06:55:15','2022-10-14 06:55:15','订单回调','人工操作'),(1725,NULL,115,'BD20221014070031ZZGWT','112.96.173.60','2022-10-14 07:02:42','2022-10-14 07:02:42','订单回调','人工操作'),(1726,NULL,112,'BD20221013211209JPGYF','182.118.233.51','2022-10-14 07:33:04','2022-10-14 07:33:04','订单回调','人工操作'),(1727,NULL,103,'XF202210140719426103','170.106.107.180','2022-10-14 07:44:12','2022-10-14 07:44:12','订单驳回','人工操作'),(1728,NULL,115,'BD20221014074350GFSRT','112.96.173.60','2022-10-14 07:45:15','2022-10-14 07:45:15','订单回调','人工操作'),(1729,NULL,112,'BD20221014074715DIU9Y','182.118.233.51','2022-10-14 07:48:55','2022-10-14 07:48:55','订单回调','人工操作'),(1730,NULL,115,'BD202210140748310NAQM','112.96.173.60','2022-10-14 07:51:07','2022-10-14 07:51:07','订单回调','人工操作'),(1731,NULL,112,'BD202210140751165MIYE','182.118.233.51','2022-10-14 07:52:49','2022-10-14 07:52:49','订单回调','人工操作'),(1732,NULL,115,'BD20221014075704HQ2P8','112.96.173.60','2022-10-14 07:58:50','2022-10-14 07:58:50','订单回调','人工操作'),(1733,NULL,103,'H2000584221014072745269661700','170.106.107.180','2022-10-14 07:59:38','2022-10-14 07:59:38','订单回调','人工操作'),(1734,NULL,103,'H2000584221014072539109661300','170.106.107.180','2022-10-14 07:59:57','2022-10-14 07:59:57','订单回调','人工操作'),(1735,NULL,112,'BD20221014080235XYWPH','182.118.233.51','2022-10-14 08:04:49','2022-10-14 08:04:49','订单回调','人工操作'),(1736,NULL,115,'BD20221014081106ONZAS','112.96.173.60','2022-10-14 08:26:08','2022-10-14 08:26:08','订单回调','人工操作'),(1737,NULL,115,'BD20221014082158HWJVG','112.96.173.60','2022-10-14 08:27:03','2022-10-14 08:27:03','订单回调','人工操作'),(1738,NULL,115,'BD20221014091303WWNJA','112.96.102.229','2022-10-14 09:14:28','2022-10-14 09:14:28','订单回调','人工操作'),(1739,NULL,115,'BD20221014091952TEXOZ','112.96.102.229','2022-10-14 09:22:26','2022-10-14 09:22:26','订单回调','人工操作'),(1740,NULL,115,'BD20221014092358A9HPL','112.96.102.229','2022-10-14 09:25:53','2022-10-14 09:25:53','订单回调','人工操作'),(1741,NULL,115,'BD202210140930427KHOO','112.96.102.229','2022-10-14 09:32:29','2022-10-14 09:32:29','订单回调','人工操作'),(1742,NULL,115,'BD20221014093218DDMCF','112.96.102.229','2022-10-14 09:34:30','2022-10-14 09:34:30','订单回调','人工操作'),(1743,NULL,115,'BD20221014094015SQQOW','112.96.102.229','2022-10-14 09:42:08','2022-10-14 09:42:08','订单回调','人工操作'),(1744,NULL,115,'BD20221014094033UQR5P','112.96.102.229','2022-10-14 09:43:12','2022-10-14 09:43:12','订单回调','人工操作'),(1745,NULL,103,'H2000584221014091132492661400','170.106.107.180','2022-10-14 09:45:04','2022-10-14 09:45:04','订单回调','人工操作'),(1746,NULL,103,'H2000584221014091132103661800','170.106.107.180','2022-10-14 09:50:14','2022-10-14 09:50:14','订单回调','人工操作'),(1747,NULL,115,'BD20221014100232SPQGE','112.96.173.60','2022-10-14 10:04:07','2022-10-14 10:04:07','订单回调','人工操作'),(1748,NULL,115,'BD20221014100438NKFG6','112.96.173.60','2022-10-14 10:05:24','2022-10-14 10:05:24','订单回调','人工操作'),(1749,NULL,115,'BD202210141006198VMQN','112.96.173.60','2022-10-14 10:09:06','2022-10-14 10:09:06','订单回调','人工操作'),(1750,NULL,115,'BD202210141007165YAI3','112.96.173.60','2022-10-14 10:09:19','2022-10-14 10:09:19','订单回调','人工操作'),(1751,NULL,115,'BD20221014101104NSK3M','112.96.173.60','2022-10-14 10:12:58','2022-10-14 10:12:58','订单回调','人工操作'),(1752,NULL,115,'BD20221014101409MCAZ8','112.96.173.60','2022-10-14 10:15:34','2022-10-14 10:15:34','订单回调','人工操作'),(1753,NULL,115,'BD20221014102219DC5HH','112.96.102.229','2022-10-14 10:25:58','2022-10-14 10:25:58','订单回调','人工操作'),(1754,NULL,115,'BD20221014103101K8T1L','112.96.102.229','2022-10-14 10:32:57','2022-10-14 10:32:57','订单回调','人工操作'),(1755,NULL,115,'BD202210141033485TAB3','112.96.102.229','2022-10-14 10:35:05','2022-10-14 10:35:05','订单回调','人工操作'),(1756,NULL,115,'BD20221014103441QRXQI','112.96.102.229','2022-10-14 10:36:26','2022-10-14 10:36:26','订单回调','人工操作'),(1757,NULL,115,'BD20221014103620OECZV','112.96.102.229','2022-10-14 10:38:12','2022-10-14 10:38:12','订单回调','人工操作'),(1758,NULL,115,'BD20221014103703GRS3H','112.96.102.229','2022-10-14 10:39:59','2022-10-14 10:39:59','订单回调','人工操作'),(1759,NULL,115,'BD20221014104325MREQK','112.96.102.229','2022-10-14 10:45:18','2022-10-14 10:45:18','订单回调','人工操作'),(1760,NULL,103,'H2000584221014103317591661600','1.46.6.225','2022-10-14 10:48:22','2022-10-14 10:48:22','订单回调','人工操作'),(1761,NULL,115,'BD20221014104909KUTJ9','112.96.102.229','2022-10-14 10:53:15','2022-10-14 10:53:15','订单回调','人工操作'),(1762,NULL,115,'BD20221014105402R0B60','112.96.102.229','2022-10-14 10:57:03','2022-10-14 10:57:03','订单回调','人工操作'),(1763,NULL,115,'BD20221014105644JBRGL','112.96.102.229','2022-10-14 10:58:49','2022-10-14 10:58:49','订单回调','人工操作'),(1764,NULL,115,'BD202210141058224SZVM','112.96.102.229','2022-10-14 10:59:26','2022-10-14 10:59:26','订单回调','人工操作'),(1765,NULL,115,'BD20221014105933GZARX','112.96.102.229','2022-10-14 11:00:56','2022-10-14 11:00:56','订单回调','人工操作'),(1766,NULL,115,'BD20221014110242KPI6Q','112.96.102.229','2022-10-14 11:05:26','2022-10-14 11:05:26','订单回调','人工操作'),(1767,NULL,115,'BD20221014110504CK18R','112.96.102.229','2022-10-14 11:08:18','2022-10-14 11:08:18','订单回调','人工操作'),(1768,NULL,115,'BD20221014110646QMZQJ','112.96.102.229','2022-10-14 11:08:31','2022-10-14 11:08:31','订单回调','人工操作'),(1769,NULL,115,'BD20221014103758YUWOE','112.96.102.229','2022-10-14 11:10:22','2022-10-14 11:10:22','订单回调','人工操作'),(1770,NULL,115,'BD20221014111138602NV','112.96.102.229','2022-10-14 11:14:23','2022-10-14 11:14:23','订单回调','人工操作'),(1771,NULL,115,'BD202210141117430BJEI','112.96.102.229','2022-10-14 11:19:56','2022-10-14 11:19:56','订单回调','人工操作'),(1772,NULL,103,'H2000584221014104903236661300','1.46.6.225','2022-10-14 11:27:26','2022-10-14 11:27:26','订单回调','人工操作'),(1773,NULL,115,'BD20221014112208GIPUV','112.96.102.229','2022-10-14 11:27:28','2022-10-14 11:27:28','订单回调','人工操作'),(1774,NULL,115,'BD20221014112835ESRXG','112.96.102.229','2022-10-14 11:29:48','2022-10-14 11:29:48','订单回调','人工操作'),(1775,NULL,115,'BD202210141147447ZV2D','112.96.102.229','2022-10-14 11:49:37','2022-10-14 11:49:37','订单回调','人工操作'),(1776,NULL,115,'BD20221014115815IISVE','112.96.102.229','2022-10-14 12:00:34','2022-10-14 12:00:34','订单回调','人工操作'),(1777,NULL,115,'BD202210141200491A1IN','112.96.102.229','2022-10-14 12:03:00','2022-10-14 12:03:00','订单回调','人工操作'),(1778,NULL,103,'H2000584221014111340839661800','1.46.6.225','2022-10-14 12:14:16','2022-10-14 12:14:16','订单回调','人工操作'),(1779,NULL,103,'H2000584221014111420718661800','1.46.6.225','2022-10-14 12:18:12','2022-10-14 12:18:12','订单回调','人工操作'),(1780,NULL,103,'H2000584221014111313147661700','1.46.6.225','2022-10-14 12:21:58','2022-10-14 12:21:58','订单回调','人工操作'),(1781,NULL,115,'BD20221014121446ZK4ZR','112.96.49.135','2022-10-14 12:22:12','2022-10-14 12:22:12','订单回调','人工操作'),(1782,NULL,115,'BD202210141218557EOQS','112.96.49.135','2022-10-14 12:22:57','2022-10-14 12:22:57','订单回调','人工操作'),(1783,NULL,115,'BD202210141218557EOQS','112.96.49.135','2022-10-14 12:22:58','2022-10-14 12:22:58','订单回调','人工操作'),(1784,NULL,115,'BD20221014122135AI4XB','112.96.49.135','2022-10-14 12:24:20','2022-10-14 12:24:20','订单回调','人工操作'),(1785,NULL,115,'BD202210141238133HBQI','112.96.173.60','2022-10-14 12:42:24','2022-10-14 12:42:24','订单回调','人工操作');
/*!40000 ALTER TABLE `std_system_log` ENABLE KEYS */;
UNLOCK TABLES;

--
-- Table structure for table `std_user`
--

DROP TABLE IF EXISTS `std_user`;
/*!40101 SET @saved_cs_client     = @@character_set_client */;
/*!50503 SET character_set_client = utf8mb4 */;
CREATE TABLE `std_user` (
  `id` bigint NOT NULL AUTO_INCREMENT COMMENT '用户ID',
  `role_id` bigint DEFAULT NULL COMMENT '角色ID',
  `sex` bigint DEFAULT NULL COMMENT '性别',
  `prov` bigint DEFAULT NULL COMMENT '省市',
  `city` bigint DEFAULT NULL COMMENT '城市',
  `dist` bigint DEFAULT NULL COMMENT '区县',
  `status` bigint DEFAULT NULL COMMENT '状态',
  `refer_id` bigint DEFAULT NULL COMMENT '引用ID',
  `point` bigint DEFAULT NULL COMMENT '积分',
  `level` bigint DEFAULT NULL COMMENT '级别',
  `exp` bigint DEFAULT '0',
  `username` varchar(128) DEFAULT NULL COMMENT '账号',
  `password` varchar(128) DEFAULT NULL COMMENT '密码',
  `secret` varchar(255) DEFAULT NULL COMMENT '谷歌密钥',
  `unionid` varchar(128) DEFAULT NULL COMMENT '微信unionid',
  `openid` varchar(128) DEFAULT NULL COMMENT '微信openid',
  `avatar` varchar(255) DEFAULT NULL COMMENT '头像',
  `mobile` varchar(128) DEFAULT NULL COMMENT '电话',
  `email` varchar(128) DEFAULT NULL COMMENT '邮箱',
  `desc` varchar(255) DEFAULT NULL COMMENT '描述',
  `attach` varchar(512) DEFAULT NULL COMMENT '附件',
  `invite_code` varchar(6) DEFAULT NULL COMMENT '邀请码',
  `login_ip` varchar(32) DEFAULT NULL COMMENT '登录IP',
  `login_at` datetime DEFAULT NULL COMMENT '登录时间',
  `updated_at` datetime DEFAULT NULL COMMENT '更新时间',
  `created_at` datetime DEFAULT NULL COMMENT '创建时间',
  `birthady` datetime DEFAULT NULL COMMENT '用户日生',
  `health` bigint DEFAULT NULL COMMENT '生命值',
  `nickname` varchar(128) DEFAULT NULL COMMENT '昵称',
  `member_id` bigint DEFAULT NULL COMMENT '商户编号-&gt;std_member.id',
  `token` varchar(255) DEFAULT NULL COMMENT '用户token',
  `parent_id` bigint DEFAULT '0',
  `channel_id` bigint DEFAULT '0',
  `round_id` bigint DEFAULT '0',
  PRIMARY KEY (`id`)
) ENGINE=InnoDB AUTO_INCREMENT=121 DEFAULT CHARSET=utf8mb4 COLLATE=utf8mb4_0900_ai_ci;
/*!40101 SET character_set_client = @saved_cs_client */;

--
-- Dumping data for table `std_user`
--

LOCK TABLES `std_user` WRITE;
/*!40000 ALTER TABLE `std_user` DISABLE KEYS */;
INSERT INTO `std_user` VALUES (1,1,NULL,NULL,NULL,NULL,1,NULL,NULL,2,1,'admin','e10adc3949ba59abbe56e057f20f883e','FPXI5HSB6Q7FIQVKW4XC4R7IF6XS32HV',NULL,NULL,NULL,NULL,NULL,NULL,NULL,NULL,'193.187.117.191','2022-10-13 22:14:47','2022-10-14 11:04:58',NULL,NULL,NULL,NULL,NULL,'4feb4059b284e21a00e8c05ff9d94812',0,0,0),(20,3,NULL,NULL,NULL,NULL,1,0,NULL,2,1,'sh-test','e10adc3949ba59abbe56e057f20f883e','KNBKOEPWCR72VJXVKQUSLIZ2ENNTXACY',NULL,NULL,NULL,NULL,NULL,NULL,NULL,'218997','1.46.6.225','2022-10-12 18:23:10','2022-10-14 11:04:58','2021-03-27 09:29:16',NULL,NULL,NULL,NULL,'4feb4059b284e21a00e8c05ff9d94812',25,0,0),(25,2,NULL,NULL,NULL,NULL,1,NULL,NULL,2,1,'test','e10adc3949ba59abbe56e057f20f883e',NULL,NULL,NULL,NULL,NULL,NULL,NULL,NULL,'517805','192.168.3.188','2022-10-02 20:52:50','2022-10-14 11:04:58','2021-04-06 10:37:16',NULL,NULL,NULL,NULL,'4feb4059b284e21a00e8c05ff9d94812',0,0,0),(28,1,NULL,NULL,NULL,NULL,1,NULL,NULL,2,1,'root','02c007119f71d313db1a754a2298df29',NULL,NULL,NULL,NULL,NULL,NULL,NULL,NULL,'844567','112.120.243.51','2022-10-11 13:36:06','2022-10-14 11:04:58','2021-04-09 18:03:47',NULL,NULL,NULL,NULL,'93630aa2f32f43349cc88c8ce94335de',0,0,0),(103,1,NULL,NULL,NULL,NULL,1,NULL,NULL,2,2,'kefu01','e10adc3949ba59abbe56e057f20f883e',NULL,NULL,NULL,NULL,NULL,NULL,NULL,NULL,'444888','170.106.107.180','2022-10-13 21:53:17','2022-10-14 11:04:58','2022-10-03 19:01:43',NULL,NULL,NULL,NULL,'4feb4059b284e21a00e8c05ff9d94812',0,NULL,0),(118,4,NULL,NULL,NULL,NULL,1,NULL,NULL,2,2,'yhktest','e10adc3949ba59abbe56e057f20f883e',NULL,NULL,NULL,NULL,NULL,NULL,NULL,NULL,'27084','193.187.117.191','2022-10-13 22:15:20','2022-10-14 11:04:58','2022-10-09 18:44:08',NULL,NULL,NULL,NULL,'4feb4059b284e21a00e8c05ff9d94812',0,2,0),(120,4,NULL,NULL,NULL,NULL,1,NULL,NULL,2,2,'0001','7fa8282ad93047a4d6fe6111c93b308a',NULL,NULL,NULL,NULL,NULL,NULL,NULL,NULL,'45539',NULL,NULL,'2022-10-20 14:41:22','2022-10-20 14:41:22',NULL,NULL,NULL,NULL,NULL,0,1,0);
/*!40000 ALTER TABLE `std_user` ENABLE KEYS */;
UNLOCK TABLES;

--
-- Table structure for table `std_user_balance`
--

DROP TABLE IF EXISTS `std_user_balance`;
/*!40101 SET @saved_cs_client     = @@character_set_client */;
/*!50503 SET character_set_client = utf8mb4 */;
CREATE TABLE `std_user_balance` (
  `id` bigint NOT NULL AUTO_INCREMENT COMMENT '编号',
  `user_id` bigint DEFAULT '0' COMMENT '用户编号-&gt;std_user.id',
  `balance` decimal(18,6) DEFAULT '0.000000' COMMENT '余额',
  `frozen` decimal(18,6) DEFAULT '0.000000' COMMENT '冻结金额',
  `credit` decimal(18,6) DEFAULT '0.000000' COMMENT '额度',
  `updated_at` datetime DEFAULT NULL COMMENT '更新时间',
  `created_at` datetime DEFAULT NULL COMMENT '创建时间',
  PRIMARY KEY (`id`)
) ENGINE=InnoDB AUTO_INCREMENT=113 DEFAULT CHARSET=utf8mb4 COLLATE=utf8mb4_0900_ai_ci;
/*!40101 SET character_set_client = @saved_cs_client */;

--
-- Dumping data for table `std_user_balance`
--

LOCK TABLES `std_user_balance` WRITE;
/*!40000 ALTER TABLE `std_user_balance` DISABLE KEYS */;
INSERT INTO `std_user_balance` VALUES (1,1,0.000000,200.000000,0.000000,'2021-04-15 22:49:59',NULL),(12,20,99988.000000,0.000000,0.000000,'2022-10-20 14:47:59','2021-03-27 09:29:16'),(17,25,8.000000,0.000000,0.000000,'2022-10-11 17:56:53','2021-04-06 10:37:16'),(20,28,0.000000,0.000000,0.000000,'2021-04-09 18:03:47','2021-04-09 18:03:47'),(55,63,0.000000,0.000000,0.000000,'2022-01-25 15:37:01','2022-01-25 15:37:01'),(84,92,0.000000,0.000000,0.000000,'2022-03-31 09:00:49','2022-03-31 09:00:49'),(85,93,0.000000,0.000000,0.000000,'2022-05-13 19:27:29','2022-05-13 19:27:29'),(86,94,0.000000,0.000000,0.000000,'2022-05-24 20:05:23','2022-05-24 20:05:23'),(87,95,0.000000,0.000000,0.000000,'2022-05-25 20:21:21','2022-05-25 20:21:21'),(95,103,0.000000,0.000000,0.000000,'2022-10-03 19:01:43','2022-10-03 19:01:43'),(110,118,1000000.000000,0.000000,0.000000,'2022-10-20 14:29:48','2022-10-09 18:44:08'),(112,120,10000.000000,0.000000,0.000000,'2022-10-20 14:44:02','2022-10-20 14:41:22');
/*!40000 ALTER TABLE `std_user_balance` ENABLE KEYS */;
UNLOCK TABLES;

--
-- Table structure for table `std_version`
--

DROP TABLE IF EXISTS `std_version`;
/*!40101 SET @saved_cs_client     = @@character_set_client */;
/*!50503 SET character_set_client = utf8mb4 */;
CREATE TABLE `std_version` (
  `id` bigint NOT NULL AUTO_INCREMENT COMMENT 'id',
  `url` varchar(255) DEFAULT NULL COMMENT '下载地址',
  `title` varchar(255) DEFAULT NULL COMMENT '标题',
  `number` varchar(128) DEFAULT NULL COMMENT '版本号',
  `updated_at` datetime DEFAULT NULL COMMENT '更新时间',
  `created_at` datetime DEFAULT NULL COMMENT '建创时间',
  PRIMARY KEY (`id`)
) ENGINE=InnoDB AUTO_INCREMENT=2 DEFAULT CHARSET=utf8mb4 COLLATE=utf8mb4_0900_ai_ci;
/*!40101 SET character_set_client = @saved_cs_client */;

--
-- Dumping data for table `std_version`
--

LOCK TABLES `std_version` WRITE;
/*!40000 ALTER TABLE `std_version` DISABLE KEYS */;
INSERT INTO `std_version` VALUES (1,NULL,'Apk-1.0.5','1.0.2','2022-10-04 00:28:58',NULL);
/*!40000 ALTER TABLE `std_version` ENABLE KEYS */;
UNLOCK TABLES;

--
-- Table structure for table `std_withdrawal`
--

DROP TABLE IF EXISTS `std_withdrawal`;
/*!40101 SET @saved_cs_client     = @@character_set_client */;
/*!50503 SET character_set_client = utf8mb4 */;
CREATE TABLE `std_withdrawal` (
  `id` bigint NOT NULL AUTO_INCREMENT COMMENT '编号',
  `user_id` bigint DEFAULT '0' COMMENT '用户编号-&gt;std_user.id',
  `status` bigint DEFAULT '0' COMMENT '状态',
  `upload` varchar(255) DEFAULT NULL COMMENT '凭证地址',
  `bank_id` bigint DEFAULT '0' COMMENT '银行卡编号-&gt;std_bank_card.id',
  `amount` decimal(10,2) DEFAULT '0.00' COMMENT '金额',
  `bill_id` bigint DEFAULT '0' COMMENT '账单编号-&gt;std_biil.id',
  `updated_at` datetime DEFAULT NULL COMMENT '更新时间',
  `created_at` datetime DEFAULT NULL COMMENT '建创时间',
  `auth_id` bigint DEFAULT '0' COMMENT '审核者编号-&gt;std_user.id',
  `usdt` decimal(10,5) DEFAULT NULL,
  `rate` decimal(10,5) DEFAULT NULL,
  PRIMARY KEY (`id`)
) ENGINE=InnoDB AUTO_INCREMENT=18 DEFAULT CHARSET=utf8mb4 COLLATE=utf8mb4_0900_ai_ci;
/*!40101 SET character_set_client = @saved_cs_client */;

--
-- Dumping data for table `std_withdrawal`
--

LOCK TABLES `std_withdrawal` WRITE;
/*!40000 ALTER TABLE `std_withdrawal` DISABLE KEYS */;
INSERT INTO `std_withdrawal` VALUES (13,20,2,'234asdfasf',0,4500.00,0,'2021-08-28 12:31:59','2021-08-28 12:27:29',0,1000.00000,4.50000),(14,20,1,'asdfasdfasdf',0,4500.00,0,'2021-08-28 12:33:05','2021-08-28 12:32:49',0,1000.00000,4.50000),(15,20,3,'sdfasdfadf',0,900.00,0,'2021-08-28 12:48:51','2021-08-28 12:48:51',0,200.00000,4.50000),(16,39,3,'wwwwww',0,645.00,0,'2021-08-29 21:09:56','2021-08-29 21:09:56',0,100.00000,6.45000),(17,39,3,'TTsssseeee',0,322.00,0,'2021-08-30 14:53:21','2021-08-30 14:53:21',0,50.00000,6.44000);
/*!40000 ALTER TABLE `std_withdrawal` ENABLE KEYS */;
UNLOCK TABLES;
/*!40103 SET TIME_ZONE=@OLD_TIME_ZONE */;

/*!40101 SET SQL_MODE=@OLD_SQL_MODE */;
/*!40014 SET FOREIGN_KEY_CHECKS=@OLD_FOREIGN_KEY_CHECKS */;
/*!40014 SET UNIQUE_CHECKS=@OLD_UNIQUE_CHECKS */;
/*!40101 SET CHARACTER_SET_CLIENT=@OLD_CHARACTER_SET_CLIENT */;
/*!40101 SET CHARACTER_SET_RESULTS=@OLD_CHARACTER_SET_RESULTS */;
/*!40101 SET COLLATION_CONNECTION=@OLD_COLLATION_CONNECTION */;
/*!40111 SET SQL_NOTES=@OLD_SQL_NOTES */;

-- Dump completed on 2022-10-20 15:24:36
